ISO-10303-21;
HEADER;
FILE_DESCRIPTION(('FreeCAD Model'),'2;1');
FILE_NAME('Open CASCADE Shape Model','2026-09-07T22:11:49',(''),(''),
  'Open CASCADE STEP processor 7.8','FreeCAD','Unknown');
FILE_SCHEMA(('AUTOMOTIVE_DESIGN { 1 0 10303 214 1 1 1 1 }'));
ENDSEC;
DATA;
#1 = APPLICATION_PROTOCOL_DEFINITION('international standard',
  'automotive_design',2000,#2);
#2 = APPLICATION_CONTEXT(
  'core data for automotive mechanical design processes');
#3 = SHAPE_DEFINITION_REPRESENTATION(#4,#10);
#4 = PRODUCT_DEFINITION_SHAPE('','',#5);
#5 = PRODUCT_DEFINITION('design','',#6,#9);
#6 = PRODUCT_DEFINITION_FORMATION('','',#7);
#7 = PRODUCT('Assembly','Assembly','',(#8));
#8 = PRODUCT_CONTEXT('',#2,'mechanical');
#9 = PRODUCT_DEFINITION_CONTEXT('part definition',#2,'design');
#10 = SHAPE_REPRESENTATION('',(#11,#15,#19,#23),#27);
#11 = AXIS2_PLACEMENT_3D('',#12,#13,#14);
#12 = CARTESIAN_POINT('',(0.,0.,0.));
#13 = DIRECTION('',(0.,0.,1.));
#14 = DIRECTION('',(1.,0.,-0.));
#15 = AXIS2_PLACEMENT_3D('',#16,#17,#18);
#16 = CARTESIAN_POINT('',(27.992927551269,22.566034317017,
    -32.98899650573));
#17 = DIRECTION('',(0.,0.,1.));
#18 = DIRECTION('',(1.,0.,0.));
#19 = AXIS2_PLACEMENT_3D('',#20,#21,#22);
#20 = CARTESIAN_POINT('',(165.77851255385,181.84801623573,
    43.973003494263));
#21 = DIRECTION('',(8.659560562355E-17,8.659560562355E-17,-1.));
#22 = DIRECTION('',(-2.22044604925E-16,-1.,-8.659560562355E-17));
#23 = AXIS2_PLACEMENT_3D('',#24,#25,#26);
#24 = CARTESIAN_POINT('',(52.075633974269,106.40659359155,
    -13.93899650573));
#25 = DIRECTION('',(0.,0.,1.));
#26 = DIRECTION('',(-0.296509349747,-0.95502995006,0.));
#27 = ( GEOMETRIC_REPRESENTATION_CONTEXT(3) 
GLOBAL_UNCERTAINTY_ASSIGNED_CONTEXT((#31)) GLOBAL_UNIT_ASSIGNED_CONTEXT(
(#28,#29,#30)) REPRESENTATION_CONTEXT('Context #1',
  '3D Context with UNIT and UNCERTAINTY') );
#28 = ( LENGTH_UNIT() NAMED_UNIT(*) SI_UNIT(.MILLI.,.METRE.) );
#29 = ( NAMED_UNIT(*) PLANE_ANGLE_UNIT() SI_UNIT($,.RADIAN.) );
#30 = ( NAMED_UNIT(*) SI_UNIT($,.STERADIAN.) SOLID_ANGLE_UNIT() );
#31 = UNCERTAINTY_MEASURE_WITH_UNIT(LENGTH_MEASURE(2.E-05),#28,
  'distance_accuracy_value','confusion accuracy');
#32 = PRODUCT_RELATED_PRODUCT_CATEGORY('part',$,(#7));
#33 = SHAPE_DEFINITION_REPRESENTATION(#34,#40);
#34 = PRODUCT_DEFINITION_SHAPE('','',#35);
#35 = PRODUCT_DEFINITION('design','',#36,#39);
#36 = PRODUCT_DEFINITION_FORMATION('','',#37);
#37 = PRODUCT('Valve Mount','Valve Mount','',(#38));
#38 = PRODUCT_CONTEXT('',#2,'mechanical');
#39 = PRODUCT_DEFINITION_CONTEXT('part definition',#2,'design');
#40 = ADVANCED_BREP_SHAPE_REPRESENTATION('',(#11,#41),#1322);
#41 = MANIFOLD_SOLID_BREP('',#42);
#42 = CLOSED_SHELL('',(#43,#76,#96,#169,#209,#269,#367,#418,#443,#481,
    #499,#510,#527,#578,#611,#631,#695,#735,#795,#893,#944,#969,#1007,
    #1025,#1036,#1053,#1076,#1113,#1142,#1184,#1290,#1308));
#43 = ADVANCED_FACE('',(#44),#71,.F.);
#44 = FACE_BOUND('',#45,.T.);
#45 = EDGE_LOOP('',(#46,#56,#63,#64));
#46 = ORIENTED_EDGE('',*,*,#47,.T.);
#47 = EDGE_CURVE('',#48,#50,#52,.T.);
#48 = VERTEX_POINT('',#49);
#49 = CARTESIAN_POINT('',(50.203752002586,5.789124594712,19.05));
#50 = VERTEX_POINT('',#51);
#51 = CARTESIAN_POINT('',(50.203752002586,8.329124594712,19.05));
#52 = LINE('',#53,#54);
#53 = CARTESIAN_POINT('',(50.203752002586,5.789124594712,19.05));
#54 = VECTOR('',#55,1.);
#55 = DIRECTION('',(0.,1.,-2.2E-16));
#56 = ORIENTED_EDGE('',*,*,#57,.T.);
#57 = EDGE_CURVE('',#50,#50,#58,.T.);
#58 = CIRCLE('',#59,3.175);
#59 = AXIS2_PLACEMENT_3D('',#60,#61,#62);
#60 = CARTESIAN_POINT('',(53.378752002586,8.329124594712,19.05));
#61 = DIRECTION('',(0.,1.,-0.));
#62 = DIRECTION('',(-1.,0.,-0.));
#63 = ORIENTED_EDGE('',*,*,#47,.F.);
#64 = ORIENTED_EDGE('',*,*,#65,.F.);
#65 = EDGE_CURVE('',#48,#48,#66,.T.);
#66 = CIRCLE('',#67,3.175);
#67 = AXIS2_PLACEMENT_3D('',#68,#69,#70);
#68 = CARTESIAN_POINT('',(53.378752002586,5.789124594712,19.05));
#69 = DIRECTION('',(0.,1.,-0.));
#70 = DIRECTION('',(-1.,0.,-0.));
#71 = CYLINDRICAL_SURFACE('',#72,3.175);
#72 = AXIS2_PLACEMENT_3D('',#73,#74,#75);
#73 = CARTESIAN_POINT('',(53.378752002586,5.789124594712,19.05));
#74 = DIRECTION('',(0.,-1.,2.2E-16));
#75 = DIRECTION('',(-1.,0.,0.));
#76 = ADVANCED_FACE('',(#77,#80),#91,.F.);
#77 = FACE_BOUND('',#78,.T.);
#78 = EDGE_LOOP('',(#79));
#79 = ORIENTED_EDGE('',*,*,#57,.F.);
#80 = FACE_BOUND('',#81,.T.);
#81 = EDGE_LOOP('',(#82));
#82 = ORIENTED_EDGE('',*,*,#83,.T.);
#83 = EDGE_CURVE('',#84,#84,#86,.T.);
#84 = VERTEX_POINT('',#85);
#85 = CARTESIAN_POINT('',(51.630537002586,8.329124594712,19.05));
#86 = CIRCLE('',#87,1.748215);
#87 = AXIS2_PLACEMENT_3D('',#88,#89,#90);
#88 = CARTESIAN_POINT('',(53.378752002586,8.329124594712,19.05));
#89 = DIRECTION('',(0.,1.,-2.2E-16));
#90 = DIRECTION('',(-1.,0.,0.));
#91 = PLANE('',#92);
#92 = AXIS2_PLACEMENT_3D('',#93,#94,#95);
#93 = CARTESIAN_POINT('',(53.378752002586,8.329124594712,19.05));
#94 = DIRECTION('',(0.,1.,0.));
#95 = DIRECTION('',(0.,0.,-1.));
#96 = ADVANCED_FACE('',(#97),#164,.F.);
#97 = FACE_BOUND('',#98,.T.);
#98 = EDGE_LOOP('',(#99,#109,#117,#125,#133,#142,#150,#158));
#99 = ORIENTED_EDGE('',*,*,#100,.F.);
#100 = EDGE_CURVE('',#101,#103,#105,.T.);
#101 = VERTEX_POINT('',#102);
#102 = CARTESIAN_POINT('',(58.712752002586,43.889124594712,0.));
#103 = VERTEX_POINT('',#104);
#104 = CARTESIAN_POINT('',(58.712752002586,5.789124594712,0.));
#105 = LINE('',#106,#107);
#106 = CARTESIAN_POINT('',(58.712752002586,43.889124594712,0.));
#107 = VECTOR('',#108,1.);
#108 = DIRECTION('',(-0.,-1.,-0.));
#109 = ORIENTED_EDGE('',*,*,#110,.T.);
#110 = EDGE_CURVE('',#101,#111,#113,.T.);
#111 = VERTEX_POINT('',#112);
#112 = CARTESIAN_POINT('',(58.712752002586,43.889124594712,22.86));
#113 = LINE('',#114,#115);
#114 = CARTESIAN_POINT('',(58.712752002586,43.889124594712,0.));
#115 = VECTOR('',#116,1.);
#116 = DIRECTION('',(0.,0.,1.));
#117 = ORIENTED_EDGE('',*,*,#118,.T.);
#118 = EDGE_CURVE('',#111,#119,#121,.T.);
#119 = VERTEX_POINT('',#120);
#120 = CARTESIAN_POINT('',(58.712752002586,32.012783918715,22.86));
#121 = LINE('',#122,#123);
#122 = CARTESIAN_POINT('',(58.712752002586,43.889124594712,22.86));
#123 = VECTOR('',#124,1.);
#124 = DIRECTION('',(-0.,-1.,-0.));
#125 = ORIENTED_EDGE('',*,*,#126,.F.);
#126 = EDGE_CURVE('',#127,#119,#129,.T.);
#127 = VERTEX_POINT('',#128);
#128 = CARTESIAN_POINT('',(58.712752002586,32.012783918715,9.0805));
#129 = LINE('',#130,#131);
#130 = CARTESIAN_POINT('',(58.712752002586,32.012783918715,9.0805));
#131 = VECTOR('',#132,1.);
#132 = DIRECTION('',(0.,0.,1.));
#133 = ORIENTED_EDGE('',*,*,#134,.T.);
#134 = EDGE_CURVE('',#127,#135,#137,.T.);
#135 = VERTEX_POINT('',#136);
#136 = CARTESIAN_POINT('',(58.712752002586,17.661783918715,9.0805));
#137 = CIRCLE('',#138,7.1755);
#138 = AXIS2_PLACEMENT_3D('',#139,#140,#141);
#139 = CARTESIAN_POINT('',(58.712752002586,24.837283918715,9.0805));
#140 = DIRECTION('',(-1.,0.,0.));
#141 = DIRECTION('',(0.,-1.,0.));
#142 = ORIENTED_EDGE('',*,*,#143,.T.);
#143 = EDGE_CURVE('',#135,#144,#146,.T.);
#144 = VERTEX_POINT('',#145);
#145 = CARTESIAN_POINT('',(58.712752002586,17.661783918715,22.86));
#146 = LINE('',#147,#148);
#147 = CARTESIAN_POINT('',(58.712752002586,17.661783918715,9.0805));
#148 = VECTOR('',#149,1.);
#149 = DIRECTION('',(0.,0.,1.));
#150 = ORIENTED_EDGE('',*,*,#151,.T.);
#151 = EDGE_CURVE('',#144,#152,#154,.T.);
#152 = VERTEX_POINT('',#153);
#153 = CARTESIAN_POINT('',(58.712752002586,5.789124594712,22.86));
#154 = LINE('',#155,#156);
#155 = CARTESIAN_POINT('',(58.712752002586,43.889124594712,22.86));
#156 = VECTOR('',#157,1.);
#157 = DIRECTION('',(-0.,-1.,-0.));
#158 = ORIENTED_EDGE('',*,*,#159,.F.);
#159 = EDGE_CURVE('',#103,#152,#160,.T.);
#160 = LINE('',#161,#162);
#161 = CARTESIAN_POINT('',(58.712752002586,5.789124594712,0.));
#162 = VECTOR('',#163,1.);
#163 = DIRECTION('',(0.,0.,1.));
#164 = PLANE('',#165);
#165 = AXIS2_PLACEMENT_3D('',#166,#167,#168);
#166 = CARTESIAN_POINT('',(58.712752002586,43.889124594712,0.));
#167 = DIRECTION('',(-1.,-0.,-0.));
#168 = DIRECTION('',(0.,1.,0.));
#169 = ADVANCED_FACE('',(#170),#204,.T.);
#170 = FACE_BOUND('',#171,.F.);
#171 = EDGE_LOOP('',(#172,#180,#188,#197,#203));
#172 = ORIENTED_EDGE('',*,*,#173,.T.);
#173 = EDGE_CURVE('',#152,#174,#176,.T.);
#174 = VERTEX_POINT('',#175);
#175 = CARTESIAN_POINT('',(40.932752002586,5.789124594712,22.86));
#176 = LINE('',#177,#178);
#177 = CARTESIAN_POINT('',(58.712752002586,5.789124594712,22.86));
#178 = VECTOR('',#179,1.);
#179 = DIRECTION('',(-1.,-0.,-0.));
#180 = ORIENTED_EDGE('',*,*,#181,.T.);
#181 = EDGE_CURVE('',#174,#182,#184,.T.);
#182 = VERTEX_POINT('',#183);
#183 = CARTESIAN_POINT('',(40.932752002586,10.912487348054,22.86));
#184 = LINE('',#185,#186);
#185 = CARTESIAN_POINT('',(40.932752002586,5.789124594712,22.86));
#186 = VECTOR('',#187,1.);
#187 = DIRECTION('',(0.,1.,-2.2E-16));
#188 = ORIENTED_EDGE('',*,*,#189,.F.);
#189 = EDGE_CURVE('',#190,#182,#192,.T.);
#190 = VERTEX_POINT('',#191);
#191 = CARTESIAN_POINT('',(47.472603902259,17.661783918715,22.86));
#192 = CIRCLE('',#193,15.875);
#193 = AXIS2_PLACEMENT_3D('',#194,#195,#196);
#194 = CARTESIAN_POINT('',(33.312752002586,24.839124594712,22.86));
#195 = DIRECTION('',(0.,0.,-1.));
#196 = DIRECTION('',(-1.,-0.,-0.));
#197 = ORIENTED_EDGE('',*,*,#198,.F.);
#198 = EDGE_CURVE('',#144,#190,#199,.T.);
#199 = LINE('',#200,#201);
#200 = CARTESIAN_POINT('',(58.712752002586,17.661783918715,22.86));
#201 = VECTOR('',#202,1.);
#202 = DIRECTION('',(-1.,-0.,-0.));
#203 = ORIENTED_EDGE('',*,*,#151,.T.);
#204 = PLANE('',#205);
#205 = AXIS2_PLACEMENT_3D('',#206,#207,#208);
#206 = CARTESIAN_POINT('',(46.287077034862,24.839124594712,22.86));
#207 = DIRECTION('',(0.,0.,1.));
#208 = DIRECTION('',(1.,0.,0.));
#209 = ADVANCED_FACE('',(#210,#253),#264,.F.);
#210 = FACE_BOUND('',#211,.T.);
#211 = EDGE_LOOP('',(#212,#213,#221,#230,#238,#246,#252));
#212 = ORIENTED_EDGE('',*,*,#143,.F.);
#213 = ORIENTED_EDGE('',*,*,#214,.T.);
#214 = EDGE_CURVE('',#135,#215,#217,.T.);
#215 = VERTEX_POINT('',#216);
#216 = CARTESIAN_POINT('',(40.916637713853,17.661783918715,9.0805));
#217 = LINE('',#218,#219);
#218 = CARTESIAN_POINT('',(58.712752002586,17.661783918715,9.0805));
#219 = VECTOR('',#220,1.);
#220 = DIRECTION('',(-1.,-0.,-0.));
#221 = ORIENTED_EDGE('',*,*,#222,.F.);
#222 = EDGE_CURVE('',#223,#215,#225,.T.);
#223 = VERTEX_POINT('',#224);
#224 = CARTESIAN_POINT('',(40.932752002586,17.661783918715,9.5758));
#225 = CIRCLE('',#226,7.62);
#226 = AXIS2_PLACEMENT_3D('',#227,#228,#229);
#227 = CARTESIAN_POINT('',(33.312752002586,17.661783918715,9.5758));
#228 = DIRECTION('',(0.,1.,-2.2E-16));
#229 = DIRECTION('',(-1.,0.,0.));
#230 = ORIENTED_EDGE('',*,*,#231,.T.);
#231 = EDGE_CURVE('',#223,#232,#234,.T.);
#232 = VERTEX_POINT('',#233);
#233 = CARTESIAN_POINT('',(40.932752002586,17.661783918715,19.05));
#234 = LINE('',#235,#236);
#235 = CARTESIAN_POINT('',(40.932752002586,17.661783918715,9.32815));
#236 = VECTOR('',#237,1.);
#237 = DIRECTION('',(0.,0.,1.));
#238 = ORIENTED_EDGE('',*,*,#239,.T.);
#239 = EDGE_CURVE('',#232,#240,#242,.T.);
#240 = VERTEX_POINT('',#241);
#241 = CARTESIAN_POINT('',(47.472603902259,17.661783918715,19.05));
#242 = LINE('',#243,#244);
#243 = CARTESIAN_POINT('',(46.012752002586,17.661783918715,19.05));
#244 = VECTOR('',#245,1.);
#245 = DIRECTION('',(1.,0.,0.));
#246 = ORIENTED_EDGE('',*,*,#247,.T.);
#247 = EDGE_CURVE('',#240,#190,#248,.T.);
#248 = LINE('',#249,#250);
#249 = CARTESIAN_POINT('',(47.472603902259,17.661783918715,22.86));
#250 = VECTOR('',#251,1.);
#251 = DIRECTION('',(0.,0.,1.));
#252 = ORIENTED_EDGE('',*,*,#198,.F.);
#253 = FACE_BOUND('',#254,.T.);
#254 = EDGE_LOOP('',(#255));
#255 = ORIENTED_EDGE('',*,*,#256,.F.);
#256 = EDGE_CURVE('',#257,#257,#259,.T.);
#257 = VERTEX_POINT('',#258);
#258 = CARTESIAN_POINT('',(51.630537002586,17.661783918715,19.05));
#259 = CIRCLE('',#260,1.748215);
#260 = AXIS2_PLACEMENT_3D('',#261,#262,#263);
#261 = CARTESIAN_POINT('',(53.378752002586,17.661783918715,19.05));
#262 = DIRECTION('',(0.,1.,-2.2E-16));
#263 = DIRECTION('',(-1.,0.,0.));
#264 = PLANE('',#265);
#265 = AXIS2_PLACEMENT_3D('',#266,#267,#268);
#266 = CARTESIAN_POINT('',(58.712752002586,17.661783918715,9.0805));
#267 = DIRECTION('',(-0.,-1.,-0.));
#268 = DIRECTION('',(-0.,-0.,-1.));
#269 = ADVANCED_FACE('',(#270),#362,.F.);
#270 = FACE_BOUND('',#271,.T.);
#271 = EDGE_LOOP('',(#272,#273,#281,#348,#361));
#272 = ORIENTED_EDGE('',*,*,#134,.F.);
#273 = ORIENTED_EDGE('',*,*,#274,.T.);
#274 = EDGE_CURVE('',#127,#275,#277,.T.);
#275 = VERTEX_POINT('',#276);
#276 = CARTESIAN_POINT('',(39.674979926289,32.012783918715,9.0805));
#277 = LINE('',#278,#279);
#278 = CARTESIAN_POINT('',(58.712752002586,32.012783918715,9.0805));
#279 = VECTOR('',#280,1.);
#280 = DIRECTION('',(-1.,-0.,-0.));
#281 = ORIENTED_EDGE('',*,*,#282,.T.);
#282 = EDGE_CURVE('',#275,#283,#285,.T.);
#283 = VERTEX_POINT('',#284);
#284 = CARTESIAN_POINT('',(40.225060209872,18.193876114829,
    6.368870744857));
#285 = B_SPLINE_CURVE_WITH_KNOTS('',6,(#286,#287,#288,#289,#290,#291,
    #292,#293,#294,#295,#296,#297,#298,#299,#300,#301,#302,#303,#304,
    #305,#306,#307,#308,#309,#310,#311,#312,#313,#314,#315,#316,#317,
    #318,#319,#320,#321,#322,#323,#324,#325,#326,#327,#328,#329,#330,
    #331,#332,#333,#334,#335,#336,#337,#338,#339,#340,#341,#342,#343,
    #344,#345,#346,#347),.UNSPECIFIED.,.F.,.F.,(7,5,5,5,5,5,5,5,5,5,5,5,
    7),(0.,9.660994760782E-02,0.21478436935,0.349525971864,
    0.398042484813,0.456779125301,0.49990513109,0.543094810311,
    0.601832758668,0.650351875261,0.785453390652,0.902271861961,1.),
  .UNSPECIFIED.);
#286 = CARTESIAN_POINT('',(39.674979926289,32.012783918715,9.0805));
#287 = CARTESIAN_POINT('',(39.674979926289,32.012783918715,
    8.745788565826));
#288 = CARTESIAN_POINT('',(39.696104686279,31.994048484681,
    8.412099929069));
#289 = CARTESIAN_POINT('',(39.738115347964,31.956790450119,8.08072743327
    ));
#290 = CARTESIAN_POINT('',(39.799690279888,31.901345297044,
    7.753098656201));
#291 = CARTESIAN_POINT('',(39.878417145398,31.828254860767,
    7.431013361913));
#292 = CARTESIAN_POINT('',(40.084339536164,31.629538789239,
    6.732587183471));
#293 = CARTESIAN_POINT('',(40.218741600778,31.495528936522,
    6.359130795603));
#294 = CARTESIAN_POINT('',(40.36985249622,31.33776254392,5.99637162138)
  );
#295 = CARTESIAN_POINT('',(40.533488060731,31.156514728615,
    5.644512533344));
#296 = CARTESIAN_POINT('',(40.705950512349,30.951735264119,
    5.304067025849));
#297 = CARTESIAN_POINT('',(41.086708308498,30.461776850887,
    4.601538613648));
#298 = CARTESIAN_POINT('',(41.296543359796,30.169473065589,
    4.243288677454));
#299 = CARTESIAN_POINT('',(41.509185367996,29.843938924618,
    3.900643745246));
#300 = CARTESIAN_POINT('',(41.720746157744,29.482009554697,
    3.574971877013));
#301 = CARTESIAN_POINT('',(41.926116259131,29.079959983696,
    3.269886490081));
#302 = CARTESIAN_POINT('',(42.187305270953,28.473977535565,
    2.891961533082));
#303 = CARTESIAN_POINT('',(42.254767047493,28.307810464176,
    2.795376011487));
#304 = CARTESIAN_POINT('',(42.320192486633,28.135764853187,
    2.702594388793));
#305 = CARTESIAN_POINT('',(42.383194927976,27.957718101094,
    2.614003871503));
#306 = CARTESIAN_POINT('',(42.443351090733,27.773567154966,
    2.530043106226));
#307 = CARTESIAN_POINT('',(42.569027065462,27.352795377514,
    2.355753729341));
#308 = CARTESIAN_POINT('',(42.633121034275,27.112912707287,
    2.267652071224));
#309 = CARTESIAN_POINT('',(42.691411610558,26.864130189642,2.18812668234
    ));
#310 = CARTESIAN_POINT('',(42.742890506679,26.607069628409,
    2.118305376809));
#311 = CARTESIAN_POINT('',(42.786629235124,26.342424840489,
    2.059226023715));
#312 = CARTESIAN_POINT('',(42.84761574963,25.871645326664,1.977061845494
    ));
#313 = CARTESIAN_POINT('',(42.868795007348,25.668804750393,
    1.948610238598));
#314 = CARTESIAN_POINT('',(42.884948749864,25.463279165427,
    1.926946039134));
#315 = CARTESIAN_POINT('',(42.895813917239,25.25591762295,1.912374150946
    ));
#316 = CARTESIAN_POINT('',(42.901252002586,25.047577684019,
    1.905053708962));
#317 = CARTESIAN_POINT('',(42.901252002586,24.630363734644,
    1.904946684263));
#318 = CARTESIAN_POINT('',(42.895797847349,24.421709083861,
    1.912181633355));
#319 = CARTESIAN_POINT('',(42.884899875862,24.214030040676,
    1.926690396974));
#320 = CARTESIAN_POINT('',(42.868696741998,24.008188297916,
    1.948313757853));
#321 = CARTESIAN_POINT('',(42.847452461552,23.80503701122,1.976745809355
    ));
#322 = CARTESIAN_POINT('',(42.786330825364,23.333940858767,2.05884072776
    ));
#323 = CARTESIAN_POINT('',(42.742535196003,23.069278819711,
    2.117852871957));
#324 = CARTESIAN_POINT('',(42.690998526202,22.812199561774,
    2.187608785027));
#325 = CARTESIAN_POINT('',(42.632649220121,22.563397251416,
    2.267070517469));
#326 = CARTESIAN_POINT('',(42.568495609846,22.323494041529,
    2.355110134605));
#327 = CARTESIAN_POINT('',(42.442707610353,21.902678072089,
    2.529291360081));
#328 = CARTESIAN_POINT('',(42.382499003418,21.718503904187,
    2.613205829064));
#329 = CARTESIAN_POINT('',(42.319443314643,21.540433995918,
    2.701751142524));
#330 = CARTESIAN_POINT('',(42.253963818796,21.368365303368,
    2.794488492751));
#331 = CARTESIAN_POINT('',(42.186447170564,21.202175219998,2.89103052638
    ));
#332 = CARTESIAN_POINT('',(41.924544735206,20.594939720352,
    3.269520636214));
#333 = CARTESIAN_POINT('',(41.71843761066,20.191881957532,3.575365486325
    ));
#334 = CARTESIAN_POINT('',(41.506116482654,19.829143892855,
    3.901892973596));
#335 = CARTESIAN_POINT('',(41.292726876737,19.502972082013,
    4.245464876222));
#336 = CARTESIAN_POINT('',(41.082181140941,19.210179003809,
    4.604709897792));
#337 = CARTESIAN_POINT('',(40.702740166061,18.722798560474,5.30461813787
    ));
#338 = CARTESIAN_POINT('',(40.53214383079,18.520385893312,5.641069193185
    ));
#339 = CARTESIAN_POINT('',(40.370164230919,18.340959553479,
    5.988676952214));
#340 = CARTESIAN_POINT('',(40.220369759934,18.1844655919,6.346953902946)
  );
#341 = CARTESIAN_POINT('',(40.086796240258,18.051166118638,
    6.715708080239));
#342 = CARTESIAN_POINT('',(39.879072935058,17.850557878205,
    7.412410166521));
#343 = CARTESIAN_POINT('',(39.798547132134,17.775800526553,
    7.737958071795));
#344 = CARTESIAN_POINT('',(39.735506775244,17.719080475097,
    8.069225025506));
#345 = CARTESIAN_POINT('',(39.692471867639,17.680958591851,
    8.404355851283));
#346 = CARTESIAN_POINT('',(39.670826638093,17.661783918715,
    8.741887634442));
#347 = CARTESIAN_POINT('',(39.670826638093,17.661783918715,9.0805));
#348 = ORIENTED_EDGE('',*,*,#349,.T.);
#349 = EDGE_CURVE('',#283,#215,#350,.T.);
#350 = B_SPLINE_CURVE_WITH_KNOTS('',5,(#351,#352,#353,#354,#355,#356,
    #357,#358,#359,#360),.UNSPECIFIED.,.F.,.F.,(6,4,6),(0.,
    0.519851922358,1.),.UNSPECIFIED.);
#351 = CARTESIAN_POINT('',(39.670723878723,18.692165974999,
    5.375729331279));
#352 = CARTESIAN_POINT('',(39.862128413287,18.517485109892,
    5.665473181729));
#353 = CARTESIAN_POINT('',(40.044944029884,18.352289404506,
    5.978104562938));
#354 = CARTESIAN_POINT('',(40.216586331082,18.19940901567,6.315643188784
    ));
#355 = CARTESIAN_POINT('',(40.373219724716,18.062961243438,
    6.679880773733));
#356 = CARTESIAN_POINT('',(40.635499639638,17.8431461016,7.433691821652)
  );
#357 = CARTESIAN_POINT('',(40.744896096246,17.755876344198,
    7.821415041212));
#358 = CARTESIAN_POINT('',(40.830780709574,17.69387944213,8.229361718306
    ));
#359 = CARTESIAN_POINT('',(40.888678652368,17.661783918715,
    8.651270223851));
#360 = CARTESIAN_POINT('',(40.916637713853,17.661783918715,9.0805));
#361 = ORIENTED_EDGE('',*,*,#214,.F.);
#362 = CYLINDRICAL_SURFACE('',#363,7.1755);
#363 = AXIS2_PLACEMENT_3D('',#364,#365,#366);
#364 = CARTESIAN_POINT('',(58.712752002586,24.837283918715,9.0805));
#365 = DIRECTION('',(1.,0.,0.));
#366 = DIRECTION('',(0.,-1.,0.));
#367 = ADVANCED_FACE('',(#368,#402),#413,.T.);
#368 = FACE_BOUND('',#369,.F.);
#369 = EDGE_LOOP('',(#370,#371,#372,#380,#388,#396));
#370 = ORIENTED_EDGE('',*,*,#126,.F.);
#371 = ORIENTED_EDGE('',*,*,#274,.T.);
#372 = ORIENTED_EDGE('',*,*,#373,.F.);
#373 = EDGE_CURVE('',#374,#275,#376,.T.);
#374 = VERTEX_POINT('',#375);
#375 = CARTESIAN_POINT('',(39.674979926289,32.012783918715,19.05));
#376 = LINE('',#377,#378);
#377 = CARTESIAN_POINT('',(39.674979926289,32.012783918715,0.));
#378 = VECTOR('',#379,1.);
#379 = DIRECTION('',(0.,0.,-1.));
#380 = ORIENTED_EDGE('',*,*,#381,.T.);
#381 = EDGE_CURVE('',#374,#382,#384,.T.);
#382 = VERTEX_POINT('',#383);
#383 = CARTESIAN_POINT('',(47.474469303223,32.012783918715,19.05));
#384 = LINE('',#385,#386);
#385 = CARTESIAN_POINT('',(46.012752002586,32.012783918715,19.05));
#386 = VECTOR('',#387,1.);
#387 = DIRECTION('',(1.,0.,0.));
#388 = ORIENTED_EDGE('',*,*,#389,.T.);
#389 = EDGE_CURVE('',#382,#390,#392,.T.);
#390 = VERTEX_POINT('',#391);
#391 = CARTESIAN_POINT('',(47.474469303223,32.012783918715,22.86));
#392 = LINE('',#393,#394);
#393 = CARTESIAN_POINT('',(47.474469303223,32.012783918715,22.86));
#394 = VECTOR('',#395,1.);
#395 = DIRECTION('',(0.,0.,1.));
#396 = ORIENTED_EDGE('',*,*,#397,.F.);
#397 = EDGE_CURVE('',#119,#390,#398,.T.);
#398 = LINE('',#399,#400);
#399 = CARTESIAN_POINT('',(58.712752002586,32.012783918715,22.86));
#400 = VECTOR('',#401,1.);
#401 = DIRECTION('',(-1.,-0.,-0.));
#402 = FACE_BOUND('',#403,.F.);
#403 = EDGE_LOOP('',(#404));
#404 = ORIENTED_EDGE('',*,*,#405,.F.);
#405 = EDGE_CURVE('',#406,#406,#408,.T.);
#406 = VERTEX_POINT('',#407);
#407 = CARTESIAN_POINT('',(52.034308002586,32.012783918715,19.05));
#408 = CIRCLE('',#409,1.344444);
#409 = AXIS2_PLACEMENT_3D('',#410,#411,#412);
#410 = CARTESIAN_POINT('',(53.378752002586,32.012783918715,19.05));
#411 = DIRECTION('',(0.,1.,-2.2E-16));
#412 = DIRECTION('',(-1.,0.,0.));
#413 = PLANE('',#414);
#414 = AXIS2_PLACEMENT_3D('',#415,#416,#417);
#415 = CARTESIAN_POINT('',(58.712752002586,32.012783918715,9.0805));
#416 = DIRECTION('',(-0.,-1.,-0.));
#417 = DIRECTION('',(-0.,-0.,-1.));
#418 = ADVANCED_FACE('',(#419),#438,.F.);
#419 = FACE_BOUND('',#420,.T.);
#420 = EDGE_LOOP('',(#421,#422,#430,#437));
#421 = ORIENTED_EDGE('',*,*,#405,.F.);
#422 = ORIENTED_EDGE('',*,*,#423,.T.);
#423 = EDGE_CURVE('',#406,#424,#426,.T.);
#424 = VERTEX_POINT('',#425);
#425 = CARTESIAN_POINT('',(52.034308002586,43.889124594712,19.05));
#426 = LINE('',#427,#428);
#427 = CARTESIAN_POINT('',(52.034308002586,5.789124594712,19.05));
#428 = VECTOR('',#429,1.);
#429 = DIRECTION('',(0.,1.,-2.2E-16));
#430 = ORIENTED_EDGE('',*,*,#431,.T.);
#431 = EDGE_CURVE('',#424,#424,#432,.T.);
#432 = CIRCLE('',#433,1.344444);
#433 = AXIS2_PLACEMENT_3D('',#434,#435,#436);
#434 = CARTESIAN_POINT('',(53.378752002586,43.889124594712,19.05));
#435 = DIRECTION('',(0.,1.,-2.2E-16));
#436 = DIRECTION('',(-1.,0.,0.));
#437 = ORIENTED_EDGE('',*,*,#423,.F.);
#438 = CYLINDRICAL_SURFACE('',#439,1.344444);
#439 = AXIS2_PLACEMENT_3D('',#440,#441,#442);
#440 = CARTESIAN_POINT('',(53.378752002586,5.789124594712,19.05));
#441 = DIRECTION('',(0.,-1.,2.2E-16));
#442 = DIRECTION('',(-1.,0.,0.));
#443 = ADVANCED_FACE('',(#444),#476,.T.);
#444 = FACE_BOUND('',#445,.F.);
#445 = EDGE_LOOP('',(#446,#454,#460,#461,#469,#475));
#446 = ORIENTED_EDGE('',*,*,#447,.F.);
#447 = EDGE_CURVE('',#448,#174,#450,.T.);
#448 = VERTEX_POINT('',#449);
#449 = CARTESIAN_POINT('',(40.932752002586,5.789124594712,9.5758));
#450 = LINE('',#451,#452);
#451 = CARTESIAN_POINT('',(40.932752002586,5.789124594712,9.5758));
#452 = VECTOR('',#453,1.);
#453 = DIRECTION('',(0.,0.,1.));
#454 = ORIENTED_EDGE('',*,*,#455,.T.);
#455 = EDGE_CURVE('',#448,#223,#456,.T.);
#456 = LINE('',#457,#458);
#457 = CARTESIAN_POINT('',(40.932752002586,5.789124594712,9.5758));
#458 = VECTOR('',#459,1.);
#459 = DIRECTION('',(0.,1.,-2.2E-16));
#460 = ORIENTED_EDGE('',*,*,#231,.T.);
#461 = ORIENTED_EDGE('',*,*,#462,.T.);
#462 = EDGE_CURVE('',#232,#463,#465,.T.);
#463 = VERTEX_POINT('',#464);
#464 = CARTESIAN_POINT('',(40.932752002586,10.912487348054,19.05));
#465 = LINE('',#466,#467);
#466 = CARTESIAN_POINT('',(40.932752002586,15.314124594712,19.05));
#467 = VECTOR('',#468,1.);
#468 = DIRECTION('',(-0.,-1.,-0.));
#469 = ORIENTED_EDGE('',*,*,#470,.T.);
#470 = EDGE_CURVE('',#463,#182,#471,.T.);
#471 = LINE('',#472,#473);
#472 = CARTESIAN_POINT('',(40.932752002586,10.912487348054,22.86));
#473 = VECTOR('',#474,1.);
#474 = DIRECTION('',(0.,0.,1.));
#475 = ORIENTED_EDGE('',*,*,#181,.F.);
#476 = PLANE('',#477);
#477 = AXIS2_PLACEMENT_3D('',#478,#479,#480);
#478 = CARTESIAN_POINT('',(40.932752002586,5.789124594712,9.5758));
#479 = DIRECTION('',(-1.,-0.,-0.));
#480 = DIRECTION('',(0.,-2.2E-16,-1.));
#481 = ADVANCED_FACE('',(#482),#494,.F.);
#482 = FACE_BOUND('',#483,.T.);
#483 = EDGE_LOOP('',(#484,#485,#486,#487));
#484 = ORIENTED_EDGE('',*,*,#470,.T.);
#485 = ORIENTED_EDGE('',*,*,#189,.F.);
#486 = ORIENTED_EDGE('',*,*,#247,.F.);
#487 = ORIENTED_EDGE('',*,*,#488,.T.);
#488 = EDGE_CURVE('',#240,#463,#489,.T.);
#489 = CIRCLE('',#490,15.875);
#490 = AXIS2_PLACEMENT_3D('',#491,#492,#493);
#491 = CARTESIAN_POINT('',(33.312752002586,24.839124594712,19.05));
#492 = DIRECTION('',(0.,0.,-1.));
#493 = DIRECTION('',(-1.,-0.,-0.));
#494 = CYLINDRICAL_SURFACE('',#495,15.875);
#495 = AXIS2_PLACEMENT_3D('',#496,#497,#498);
#496 = CARTESIAN_POINT('',(33.312752002586,24.839124594712,22.86));
#497 = DIRECTION('',(0.,0.,1.));
#498 = DIRECTION('',(-1.,0.,0.));
#499 = ADVANCED_FACE('',(#500),#505,.T.);
#500 = FACE_BOUND('',#501,.F.);
#501 = EDGE_LOOP('',(#502,#503,#504));
#502 = ORIENTED_EDGE('',*,*,#488,.T.);
#503 = ORIENTED_EDGE('',*,*,#462,.F.);
#504 = ORIENTED_EDGE('',*,*,#239,.T.);
#505 = PLANE('',#506);
#506 = AXIS2_PLACEMENT_3D('',#507,#508,#509);
#507 = CARTESIAN_POINT('',(33.312752002586,24.839124594712,19.05));
#508 = DIRECTION('',(0.,0.,1.));
#509 = DIRECTION('',(1.,0.,0.));
#510 = ADVANCED_FACE('',(#511),#522,.F.);
#511 = FACE_BOUND('',#512,.T.);
#512 = EDGE_LOOP('',(#513,#514,#520,#521));
#513 = ORIENTED_EDGE('',*,*,#83,.F.);
#514 = ORIENTED_EDGE('',*,*,#515,.T.);
#515 = EDGE_CURVE('',#84,#257,#516,.T.);
#516 = LINE('',#517,#518);
#517 = CARTESIAN_POINT('',(51.630537002586,5.789124594712,19.05));
#518 = VECTOR('',#519,1.);
#519 = DIRECTION('',(0.,1.,-2.2E-16));
#520 = ORIENTED_EDGE('',*,*,#256,.T.);
#521 = ORIENTED_EDGE('',*,*,#515,.F.);
#522 = CYLINDRICAL_SURFACE('',#523,1.748215);
#523 = AXIS2_PLACEMENT_3D('',#524,#525,#526);
#524 = CARTESIAN_POINT('',(53.378752002586,5.789124594712,19.05));
#525 = DIRECTION('',(0.,-1.,2.2E-16));
#526 = DIRECTION('',(-1.,0.,0.));
#527 = ADVANCED_FACE('',(#528,#553),#573,.T.);
#528 = FACE_BOUND('',#529,.T.);
#529 = EDGE_LOOP('',(#530,#538,#539,#547));
#530 = ORIENTED_EDGE('',*,*,#531,.F.);
#531 = EDGE_CURVE('',#101,#532,#534,.T.);
#532 = VERTEX_POINT('',#533);
#533 = CARTESIAN_POINT('',(7.912752002586,43.889124594712,0.));
#534 = LINE('',#535,#536);
#535 = CARTESIAN_POINT('',(33.312752002586,43.889124594712,0.));
#536 = VECTOR('',#537,1.);
#537 = DIRECTION('',(-1.,0.,0.));
#538 = ORIENTED_EDGE('',*,*,#100,.T.);
#539 = ORIENTED_EDGE('',*,*,#540,.T.);
#540 = EDGE_CURVE('',#103,#541,#543,.T.);
#541 = VERTEX_POINT('',#542);
#542 = CARTESIAN_POINT('',(7.912752002586,5.789124594712,0.));
#543 = LINE('',#544,#545);
#544 = CARTESIAN_POINT('',(58.712752002586,5.789124594712,0.));
#545 = VECTOR('',#546,1.);
#546 = DIRECTION('',(-1.,-0.,-0.));
#547 = ORIENTED_EDGE('',*,*,#548,.F.);
#548 = EDGE_CURVE('',#532,#541,#549,.T.);
#549 = LINE('',#550,#551);
#550 = CARTESIAN_POINT('',(7.912752002586,43.889124594712,0.));
#551 = VECTOR('',#552,1.);
#552 = DIRECTION('',(0.,-1.,0.));
#553 = FACE_BOUND('',#554,.T.);
#554 = EDGE_LOOP('',(#555,#566));
#555 = ORIENTED_EDGE('',*,*,#556,.T.);
#556 = EDGE_CURVE('',#557,#559,#561,.T.);
#557 = VERTEX_POINT('',#558);
#558 = CARTESIAN_POINT('',(33.312752002586,34.427624594712,0.));
#559 = VERTEX_POINT('',#560);
#560 = CARTESIAN_POINT('',(33.312752002586,15.250624594712,0.));
#561 = CIRCLE('',#562,9.5885);
#562 = AXIS2_PLACEMENT_3D('',#563,#564,#565);
#563 = CARTESIAN_POINT('',(33.312752002586,24.839124594712,0.));
#564 = DIRECTION('',(0.,0.,1.));
#565 = DIRECTION('',(1.,0.,-0.));
#566 = ORIENTED_EDGE('',*,*,#567,.F.);
#567 = EDGE_CURVE('',#557,#559,#568,.T.);
#568 = CIRCLE('',#569,9.5885);
#569 = AXIS2_PLACEMENT_3D('',#570,#571,#572);
#570 = CARTESIAN_POINT('',(33.312752002586,24.839124594712,0.));
#571 = DIRECTION('',(0.,0.,-1.));
#572 = DIRECTION('',(-1.,-0.,-0.));
#573 = PLANE('',#574);
#574 = AXIS2_PLACEMENT_3D('',#575,#576,#577);
#575 = CARTESIAN_POINT('',(33.312752002586,24.839124594712,0.));
#576 = DIRECTION('',(-0.,-0.,-1.));
#577 = DIRECTION('',(-1.,0.,0.));
#578 = ADVANCED_FACE('',(#579),#606,.F.);
#579 = FACE_BOUND('',#580,.F.);
#580 = EDGE_LOOP('',(#581,#591,#598,#599));
#581 = ORIENTED_EDGE('',*,*,#582,.T.);
#582 = EDGE_CURVE('',#583,#585,#587,.T.);
#583 = VERTEX_POINT('',#584);
#584 = CARTESIAN_POINT('',(16.421752002586,5.789124594712,19.05));
#585 = VERTEX_POINT('',#586);
#586 = CARTESIAN_POINT('',(16.421752002586,8.329124594712,19.05));
#587 = LINE('',#588,#589);
#588 = CARTESIAN_POINT('',(16.421752002586,5.789124594712,19.05));
#589 = VECTOR('',#590,1.);
#590 = DIRECTION('',(0.,1.,-2.2E-16));
#591 = ORIENTED_EDGE('',*,*,#592,.T.);
#592 = EDGE_CURVE('',#585,#585,#593,.T.);
#593 = CIRCLE('',#594,3.175);
#594 = AXIS2_PLACEMENT_3D('',#595,#596,#597);
#595 = CARTESIAN_POINT('',(13.246752002586,8.329124594712,19.05));
#596 = DIRECTION('',(0.,-1.,0.));
#597 = DIRECTION('',(1.,0.,0.));
#598 = ORIENTED_EDGE('',*,*,#582,.F.);
#599 = ORIENTED_EDGE('',*,*,#600,.F.);
#600 = EDGE_CURVE('',#583,#583,#601,.T.);
#601 = CIRCLE('',#602,3.175);
#602 = AXIS2_PLACEMENT_3D('',#603,#604,#605);
#603 = CARTESIAN_POINT('',(13.246752002586,5.789124594712,19.05));
#604 = DIRECTION('',(0.,-1.,0.));
#605 = DIRECTION('',(1.,0.,0.));
#606 = CYLINDRICAL_SURFACE('',#607,3.175);
#607 = AXIS2_PLACEMENT_3D('',#608,#609,#610);
#608 = CARTESIAN_POINT('',(13.246752002586,5.789124594712,19.05));
#609 = DIRECTION('',(0.,-1.,2.2E-16));
#610 = DIRECTION('',(1.,0.,0.));
#611 = ADVANCED_FACE('',(#612,#615),#626,.F.);
#612 = FACE_BOUND('',#613,.F.);
#613 = EDGE_LOOP('',(#614));
#614 = ORIENTED_EDGE('',*,*,#592,.F.);
#615 = FACE_BOUND('',#616,.F.);
#616 = EDGE_LOOP('',(#617));
#617 = ORIENTED_EDGE('',*,*,#618,.T.);
#618 = EDGE_CURVE('',#619,#619,#621,.T.);
#619 = VERTEX_POINT('',#620);
#620 = CARTESIAN_POINT('',(14.994967002586,8.329124594712,19.05));
#621 = CIRCLE('',#622,1.748215);
#622 = AXIS2_PLACEMENT_3D('',#623,#624,#625);
#623 = CARTESIAN_POINT('',(13.246752002586,8.329124594712,19.05));
#624 = DIRECTION('',(0.,-1.,2.2E-16));
#625 = DIRECTION('',(1.,0.,0.));
#626 = PLANE('',#627);
#627 = AXIS2_PLACEMENT_3D('',#628,#629,#630);
#628 = CARTESIAN_POINT('',(13.246752002586,8.329124594712,19.05));
#629 = DIRECTION('',(0.,1.,0.));
#630 = DIRECTION('',(0.,0.,1.));
#631 = ADVANCED_FACE('',(#632),#690,.F.);
#632 = FACE_BOUND('',#633,.F.);
#633 = EDGE_LOOP('',(#634,#635,#643,#651,#659,#668,#676,#684));
#634 = ORIENTED_EDGE('',*,*,#548,.F.);
#635 = ORIENTED_EDGE('',*,*,#636,.T.);
#636 = EDGE_CURVE('',#532,#637,#639,.T.);
#637 = VERTEX_POINT('',#638);
#638 = CARTESIAN_POINT('',(7.912752002586,43.889124594712,22.86));
#639 = LINE('',#640,#641);
#640 = CARTESIAN_POINT('',(7.912752002586,43.889124594712,0.));
#641 = VECTOR('',#642,1.);
#642 = DIRECTION('',(0.,0.,1.));
#643 = ORIENTED_EDGE('',*,*,#644,.T.);
#644 = EDGE_CURVE('',#637,#645,#647,.T.);
#645 = VERTEX_POINT('',#646);
#646 = CARTESIAN_POINT('',(7.912752002586,32.012783918715,22.86));
#647 = LINE('',#648,#649);
#648 = CARTESIAN_POINT('',(7.912752002586,43.889124594712,22.86));
#649 = VECTOR('',#650,1.);
#650 = DIRECTION('',(0.,-1.,0.));
#651 = ORIENTED_EDGE('',*,*,#652,.F.);
#652 = EDGE_CURVE('',#653,#645,#655,.T.);
#653 = VERTEX_POINT('',#654);
#654 = CARTESIAN_POINT('',(7.912752002586,32.012783918715,9.0805));
#655 = LINE('',#656,#657);
#656 = CARTESIAN_POINT('',(7.912752002586,32.012783918715,9.0805));
#657 = VECTOR('',#658,1.);
#658 = DIRECTION('',(0.,0.,1.));
#659 = ORIENTED_EDGE('',*,*,#660,.T.);
#660 = EDGE_CURVE('',#653,#661,#663,.T.);
#661 = VERTEX_POINT('',#662);
#662 = CARTESIAN_POINT('',(7.912752002586,17.661783918715,9.0805));
#663 = CIRCLE('',#664,7.1755);
#664 = AXIS2_PLACEMENT_3D('',#665,#666,#667);
#665 = CARTESIAN_POINT('',(7.912752002586,24.837283918715,9.0805));
#666 = DIRECTION('',(-1.,0.,0.));
#667 = DIRECTION('',(0.,-1.,0.));
#668 = ORIENTED_EDGE('',*,*,#669,.T.);
#669 = EDGE_CURVE('',#661,#670,#672,.T.);
#670 = VERTEX_POINT('',#671);
#671 = CARTESIAN_POINT('',(7.912752002586,17.661783918715,22.86));
#672 = LINE('',#673,#674);
#673 = CARTESIAN_POINT('',(7.912752002586,17.661783918715,9.0805));
#674 = VECTOR('',#675,1.);
#675 = DIRECTION('',(0.,0.,1.));
#676 = ORIENTED_EDGE('',*,*,#677,.T.);
#677 = EDGE_CURVE('',#670,#678,#680,.T.);
#678 = VERTEX_POINT('',#679);
#679 = CARTESIAN_POINT('',(7.912752002586,5.789124594712,22.86));
#680 = LINE('',#681,#682);
#681 = CARTESIAN_POINT('',(7.912752002586,43.889124594712,22.86));
#682 = VECTOR('',#683,1.);
#683 = DIRECTION('',(0.,-1.,0.));
#684 = ORIENTED_EDGE('',*,*,#685,.F.);
#685 = EDGE_CURVE('',#541,#678,#686,.T.);
#686 = LINE('',#687,#688);
#687 = CARTESIAN_POINT('',(7.912752002586,5.789124594712,0.));
#688 = VECTOR('',#689,1.);
#689 = DIRECTION('',(0.,0.,1.));
#690 = PLANE('',#691);
#691 = AXIS2_PLACEMENT_3D('',#692,#693,#694);
#692 = CARTESIAN_POINT('',(7.912752002586,43.889124594712,0.));
#693 = DIRECTION('',(1.,0.,0.));
#694 = DIRECTION('',(0.,-1.,0.));
#695 = ADVANCED_FACE('',(#696),#730,.T.);
#696 = FACE_BOUND('',#697,.T.);
#697 = EDGE_LOOP('',(#698,#706,#714,#723,#729));
#698 = ORIENTED_EDGE('',*,*,#699,.T.);
#699 = EDGE_CURVE('',#678,#700,#702,.T.);
#700 = VERTEX_POINT('',#701);
#701 = CARTESIAN_POINT('',(25.692752002586,5.789124594712,22.86));
#702 = LINE('',#703,#704);
#703 = CARTESIAN_POINT('',(7.912752002586,5.789124594712,22.86));
#704 = VECTOR('',#705,1.);
#705 = DIRECTION('',(1.,0.,0.));
#706 = ORIENTED_EDGE('',*,*,#707,.T.);
#707 = EDGE_CURVE('',#700,#708,#710,.T.);
#708 = VERTEX_POINT('',#709);
#709 = CARTESIAN_POINT('',(25.692752002586,10.912487348054,22.86));
#710 = LINE('',#711,#712);
#711 = CARTESIAN_POINT('',(25.692752002586,5.789124594712,22.86));
#712 = VECTOR('',#713,1.);
#713 = DIRECTION('',(0.,1.,-2.2E-16));
#714 = ORIENTED_EDGE('',*,*,#715,.F.);
#715 = EDGE_CURVE('',#716,#708,#718,.T.);
#716 = VERTEX_POINT('',#717);
#717 = CARTESIAN_POINT('',(19.152900102913,17.661783918715,22.86));
#718 = CIRCLE('',#719,15.875);
#719 = AXIS2_PLACEMENT_3D('',#720,#721,#722);
#720 = CARTESIAN_POINT('',(33.312752002586,24.839124594712,22.86));
#721 = DIRECTION('',(0.,0.,1.));
#722 = DIRECTION('',(1.,0.,0.));
#723 = ORIENTED_EDGE('',*,*,#724,.F.);
#724 = EDGE_CURVE('',#670,#716,#725,.T.);
#725 = LINE('',#726,#727);
#726 = CARTESIAN_POINT('',(7.912752002586,17.661783918715,22.86));
#727 = VECTOR('',#728,1.);
#728 = DIRECTION('',(1.,0.,0.));
#729 = ORIENTED_EDGE('',*,*,#677,.T.);
#730 = PLANE('',#731);
#731 = AXIS2_PLACEMENT_3D('',#732,#733,#734);
#732 = CARTESIAN_POINT('',(20.338426970311,24.839124594712,22.86));
#733 = DIRECTION('',(0.,0.,1.));
#734 = DIRECTION('',(1.,0.,0.));
#735 = ADVANCED_FACE('',(#736,#779),#790,.F.);
#736 = FACE_BOUND('',#737,.F.);
#737 = EDGE_LOOP('',(#738,#739,#747,#756,#764,#772,#778));
#738 = ORIENTED_EDGE('',*,*,#669,.F.);
#739 = ORIENTED_EDGE('',*,*,#740,.T.);
#740 = EDGE_CURVE('',#661,#741,#743,.T.);
#741 = VERTEX_POINT('',#742);
#742 = CARTESIAN_POINT('',(25.70886629132,17.661783918715,9.0805));
#743 = LINE('',#744,#745);
#744 = CARTESIAN_POINT('',(7.912752002586,17.661783918715,9.0805));
#745 = VECTOR('',#746,1.);
#746 = DIRECTION('',(1.,0.,0.));
#747 = ORIENTED_EDGE('',*,*,#748,.F.);
#748 = EDGE_CURVE('',#749,#741,#751,.T.);
#749 = VERTEX_POINT('',#750);
#750 = CARTESIAN_POINT('',(25.692752002586,17.661783918715,9.5758));
#751 = CIRCLE('',#752,7.62);
#752 = AXIS2_PLACEMENT_3D('',#753,#754,#755);
#753 = CARTESIAN_POINT('',(33.312752002586,17.661783918715,9.5758));
#754 = DIRECTION('',(0.,-1.,2.2E-16));
#755 = DIRECTION('',(1.,0.,0.));
#756 = ORIENTED_EDGE('',*,*,#757,.T.);
#757 = EDGE_CURVE('',#749,#758,#760,.T.);
#758 = VERTEX_POINT('',#759);
#759 = CARTESIAN_POINT('',(25.692752002586,17.661783918715,19.05));
#760 = LINE('',#761,#762);
#761 = CARTESIAN_POINT('',(25.692752002586,17.661783918715,9.32815));
#762 = VECTOR('',#763,1.);
#763 = DIRECTION('',(0.,0.,1.));
#764 = ORIENTED_EDGE('',*,*,#765,.T.);
#765 = EDGE_CURVE('',#758,#766,#768,.T.);
#766 = VERTEX_POINT('',#767);
#767 = CARTESIAN_POINT('',(19.152900102913,17.661783918715,19.05));
#768 = LINE('',#769,#770);
#769 = CARTESIAN_POINT('',(20.612752002586,17.661783918715,19.05));
#770 = VECTOR('',#771,1.);
#771 = DIRECTION('',(-1.,0.,0.));
#772 = ORIENTED_EDGE('',*,*,#773,.T.);
#773 = EDGE_CURVE('',#766,#716,#774,.T.);
#774 = LINE('',#775,#776);
#775 = CARTESIAN_POINT('',(19.152900102913,17.661783918715,22.86));
#776 = VECTOR('',#777,1.);
#777 = DIRECTION('',(0.,0.,1.));
#778 = ORIENTED_EDGE('',*,*,#724,.F.);
#779 = FACE_BOUND('',#780,.F.);
#780 = EDGE_LOOP('',(#781));
#781 = ORIENTED_EDGE('',*,*,#782,.F.);
#782 = EDGE_CURVE('',#783,#783,#785,.T.);
#783 = VERTEX_POINT('',#784);
#784 = CARTESIAN_POINT('',(14.994967002586,17.661783918715,19.05));
#785 = CIRCLE('',#786,1.748215);
#786 = AXIS2_PLACEMENT_3D('',#787,#788,#789);
#787 = CARTESIAN_POINT('',(13.246752002586,17.661783918715,19.05));
#788 = DIRECTION('',(0.,-1.,2.2E-16));
#789 = DIRECTION('',(1.,0.,0.));
#790 = PLANE('',#791);
#791 = AXIS2_PLACEMENT_3D('',#792,#793,#794);
#792 = CARTESIAN_POINT('',(7.912752002586,17.661783918715,9.0805));
#793 = DIRECTION('',(0.,-1.,0.));
#794 = DIRECTION('',(0.,0.,1.));
#795 = ADVANCED_FACE('',(#796),#888,.F.);
#796 = FACE_BOUND('',#797,.F.);
#797 = EDGE_LOOP('',(#798,#799,#807,#874,#887));
#798 = ORIENTED_EDGE('',*,*,#660,.F.);
#799 = ORIENTED_EDGE('',*,*,#800,.T.);
#800 = EDGE_CURVE('',#653,#801,#803,.T.);
#801 = VERTEX_POINT('',#802);
#802 = CARTESIAN_POINT('',(26.950524078883,32.012783918715,9.0805));
#803 = LINE('',#804,#805);
#804 = CARTESIAN_POINT('',(7.912752002586,32.012783918715,9.0805));
#805 = VECTOR('',#806,1.);
#806 = DIRECTION('',(1.,0.,0.));
#807 = ORIENTED_EDGE('',*,*,#808,.T.);
#808 = EDGE_CURVE('',#801,#809,#811,.T.);
#809 = VERTEX_POINT('',#810);
#810 = CARTESIAN_POINT('',(26.400443795301,18.193876114829,
    6.368870744857));
#811 = B_SPLINE_CURVE_WITH_KNOTS('',6,(#812,#813,#814,#815,#816,#817,
    #818,#819,#820,#821,#822,#823,#824,#825,#826,#827,#828,#829,#830,
    #831,#832,#833,#834,#835,#836,#837,#838,#839,#840,#841,#842,#843,
    #844,#845,#846,#847,#848,#849,#850,#851,#852,#853,#854,#855,#856,
    #857,#858,#859,#860,#861,#862,#863,#864,#865,#866,#867,#868,#869,
    #870,#871,#872,#873),.UNSPECIFIED.,.F.,.F.,(7,5,5,5,5,5,5,5,5,5,5,5,
    7),(0.,9.660994760782E-02,0.21478436935,0.349525971864,
    0.398042484813,0.456779125301,0.49990513109,0.543094810311,
    0.601832758668,0.650351875261,0.785453390652,0.902271861961,1.),
  .UNSPECIFIED.);
#812 = CARTESIAN_POINT('',(26.950524078883,32.012783918715,9.0805));
#813 = CARTESIAN_POINT('',(26.950524078883,32.012783918715,
    8.745788565826));
#814 = CARTESIAN_POINT('',(26.929399318893,31.994048484681,
    8.412099929069));
#815 = CARTESIAN_POINT('',(26.887388657208,31.956790450119,8.08072743327
    ));
#816 = CARTESIAN_POINT('',(26.825813725284,31.901345297044,
    7.753098656201));
#817 = CARTESIAN_POINT('',(26.747086859775,31.828254860767,
    7.431013361913));
#818 = CARTESIAN_POINT('',(26.541164469009,31.629538789239,
    6.732587183471));
#819 = CARTESIAN_POINT('',(26.406762404395,31.495528936522,
    6.359130795603));
#820 = CARTESIAN_POINT('',(26.255651508952,31.33776254392,5.99637162138)
  );
#821 = CARTESIAN_POINT('',(26.092015944441,31.156514728615,
    5.644512533344));
#822 = CARTESIAN_POINT('',(25.919553492823,30.951735264119,
    5.304067025849));
#823 = CARTESIAN_POINT('',(25.538795696675,30.461776850887,
    4.601538613648));
#824 = CARTESIAN_POINT('',(25.328960645377,30.169473065589,
    4.243288677454));
#825 = CARTESIAN_POINT('',(25.116318637177,29.843938924618,
    3.900643745246));
#826 = CARTESIAN_POINT('',(24.904757847429,29.482009554697,
    3.574971877013));
#827 = CARTESIAN_POINT('',(24.699387746041,29.079959983696,
    3.269886490081));
#828 = CARTESIAN_POINT('',(24.43819873422,28.473977535565,2.891961533082
    ));
#829 = CARTESIAN_POINT('',(24.370736957679,28.307810464176,
    2.795376011487));
#830 = CARTESIAN_POINT('',(24.305311518539,28.135764853187,
    2.702594388793));
#831 = CARTESIAN_POINT('',(24.242309077196,27.957718101094,
    2.614003871503));
#832 = CARTESIAN_POINT('',(24.18215291444,27.773567154966,2.530043106226
    ));
#833 = CARTESIAN_POINT('',(24.056476939711,27.352795377514,
    2.355753729341));
#834 = CARTESIAN_POINT('',(23.992382970897,27.112912707287,
    2.267652071224));
#835 = CARTESIAN_POINT('',(23.934092394614,26.864130189642,2.18812668234
    ));
#836 = CARTESIAN_POINT('',(23.882613498494,26.607069628409,
    2.118305376809));
#837 = CARTESIAN_POINT('',(23.838874770048,26.342424840489,
    2.059226023715));
#838 = CARTESIAN_POINT('',(23.777888255542,25.871645326664,
    1.977061845494));
#839 = CARTESIAN_POINT('',(23.756708997824,25.668804750393,
    1.948610238598));
#840 = CARTESIAN_POINT('',(23.740555255309,25.463279165427,
    1.926946039134));
#841 = CARTESIAN_POINT('',(23.729690087934,25.25591762295,1.912374150946
    ));
#842 = CARTESIAN_POINT('',(23.724252002586,25.047577684019,
    1.905053708962));
#843 = CARTESIAN_POINT('',(23.724252002586,24.630363734644,
    1.904946684263));
#844 = CARTESIAN_POINT('',(23.729706157823,24.421709083861,
    1.912181633355));
#845 = CARTESIAN_POINT('',(23.740604129311,24.214030040676,
    1.926690396974));
#846 = CARTESIAN_POINT('',(23.756807263174,24.008188297916,
    1.948313757853));
#847 = CARTESIAN_POINT('',(23.778051543621,23.80503701122,1.976745809355
    ));
#848 = CARTESIAN_POINT('',(23.839173179809,23.333940858767,2.05884072776
    ));
#849 = CARTESIAN_POINT('',(23.882968809169,23.069278819711,
    2.117852871957));
#850 = CARTESIAN_POINT('',(23.934505478971,22.812199561774,
    2.187608785027));
#851 = CARTESIAN_POINT('',(23.992854785052,22.563397251416,
    2.267070517469));
#852 = CARTESIAN_POINT('',(24.057008395327,22.323494041529,
    2.355110134605));
#853 = CARTESIAN_POINT('',(24.18279639482,21.902678072089,2.529291360081
    ));
#854 = CARTESIAN_POINT('',(24.243005001754,21.718503904187,
    2.613205829064));
#855 = CARTESIAN_POINT('',(24.30606069053,21.540433995918,2.701751142524
    ));
#856 = CARTESIAN_POINT('',(24.371540186377,21.368365303368,
    2.794488492751));
#857 = CARTESIAN_POINT('',(24.439056834609,21.202175219998,2.89103052638
    ));
#858 = CARTESIAN_POINT('',(24.700959269967,20.594939720352,
    3.269520636214));
#859 = CARTESIAN_POINT('',(24.907066394512,20.191881957532,
    3.575365486325));
#860 = CARTESIAN_POINT('',(25.119387522518,19.829143892855,
    3.901892973596));
#861 = CARTESIAN_POINT('',(25.332777128436,19.502972082013,
    4.245464876222));
#862 = CARTESIAN_POINT('',(25.543322864231,19.210179003809,
    4.604709897792));
#863 = CARTESIAN_POINT('',(25.922763839112,18.722798560474,5.30461813787
    ));
#864 = CARTESIAN_POINT('',(26.093360174382,18.520385893312,
    5.641069193185));
#865 = CARTESIAN_POINT('',(26.255339774254,18.340959553479,
    5.988676952214));
#866 = CARTESIAN_POINT('',(26.405134245239,18.1844655919,6.346953902946)
  );
#867 = CARTESIAN_POINT('',(26.538707764915,18.051166118638,
    6.715708080239));
#868 = CARTESIAN_POINT('',(26.746431070115,17.850557878205,
    7.412410166521));
#869 = CARTESIAN_POINT('',(26.826956873039,17.775800526553,
    7.737958071795));
#870 = CARTESIAN_POINT('',(26.889997229929,17.719080475097,
    8.069225025506));
#871 = CARTESIAN_POINT('',(26.933032137534,17.680958591851,
    8.404355851283));
#872 = CARTESIAN_POINT('',(26.954677367079,17.661783918715,
    8.741887634442));
#873 = CARTESIAN_POINT('',(26.954677367079,17.661783918715,9.0805));
#874 = ORIENTED_EDGE('',*,*,#875,.T.);
#875 = EDGE_CURVE('',#809,#741,#876,.T.);
#876 = B_SPLINE_CURVE_WITH_KNOTS('',5,(#877,#878,#879,#880,#881,#882,
    #883,#884,#885,#886),.UNSPECIFIED.,.F.,.F.,(6,4,6),(0.,
    0.519851922358,1.),.UNSPECIFIED.);
#877 = CARTESIAN_POINT('',(26.954780126449,18.692165974999,
    5.375729331279));
#878 = CARTESIAN_POINT('',(26.763375591886,18.517485109892,
    5.665473181729));
#879 = CARTESIAN_POINT('',(26.580559975289,18.352289404506,
    5.978104562938));
#880 = CARTESIAN_POINT('',(26.40891767409,18.19940901567,6.315643188784)
  );
#881 = CARTESIAN_POINT('',(26.252284280457,18.062961243438,
    6.679880773733));
#882 = CARTESIAN_POINT('',(25.990004365534,17.8431461016,7.433691821652)
  );
#883 = CARTESIAN_POINT('',(25.880607908927,17.755876344198,
    7.821415041212));
#884 = CARTESIAN_POINT('',(25.794723295599,17.69387944213,8.229361718306
    ));
#885 = CARTESIAN_POINT('',(25.736825352805,17.661783918715,
    8.651270223851));
#886 = CARTESIAN_POINT('',(25.70886629132,17.661783918715,9.0805));
#887 = ORIENTED_EDGE('',*,*,#740,.F.);
#888 = CYLINDRICAL_SURFACE('',#889,7.1755);
#889 = AXIS2_PLACEMENT_3D('',#890,#891,#892);
#890 = CARTESIAN_POINT('',(7.912752002586,24.837283918715,9.0805));
#891 = DIRECTION('',(-1.,0.,0.));
#892 = DIRECTION('',(0.,-1.,0.));
#893 = ADVANCED_FACE('',(#894,#928),#939,.T.);
#894 = FACE_BOUND('',#895,.T.);
#895 = EDGE_LOOP('',(#896,#897,#898,#906,#914,#922));
#896 = ORIENTED_EDGE('',*,*,#652,.F.);
#897 = ORIENTED_EDGE('',*,*,#800,.T.);
#898 = ORIENTED_EDGE('',*,*,#899,.F.);
#899 = EDGE_CURVE('',#900,#801,#902,.T.);
#900 = VERTEX_POINT('',#901);
#901 = CARTESIAN_POINT('',(26.950524078883,32.012783918715,19.05));
#902 = LINE('',#903,#904);
#903 = CARTESIAN_POINT('',(26.950524078883,32.012783918715,0.));
#904 = VECTOR('',#905,1.);
#905 = DIRECTION('',(-0.,-0.,-1.));
#906 = ORIENTED_EDGE('',*,*,#907,.T.);
#907 = EDGE_CURVE('',#900,#908,#910,.T.);
#908 = VERTEX_POINT('',#909);
#909 = CARTESIAN_POINT('',(19.15103470195,32.012783918715,19.05));
#910 = LINE('',#911,#912);
#911 = CARTESIAN_POINT('',(20.612752002586,32.012783918715,19.05));
#912 = VECTOR('',#913,1.);
#913 = DIRECTION('',(-1.,0.,0.));
#914 = ORIENTED_EDGE('',*,*,#915,.T.);
#915 = EDGE_CURVE('',#908,#916,#918,.T.);
#916 = VERTEX_POINT('',#917);
#917 = CARTESIAN_POINT('',(19.15103470195,32.012783918715,22.86));
#918 = LINE('',#919,#920);
#919 = CARTESIAN_POINT('',(19.15103470195,32.012783918715,22.86));
#920 = VECTOR('',#921,1.);
#921 = DIRECTION('',(0.,0.,1.));
#922 = ORIENTED_EDGE('',*,*,#923,.F.);
#923 = EDGE_CURVE('',#645,#916,#924,.T.);
#924 = LINE('',#925,#926);
#925 = CARTESIAN_POINT('',(7.912752002586,32.012783918715,22.86));
#926 = VECTOR('',#927,1.);
#927 = DIRECTION('',(1.,0.,0.));
#928 = FACE_BOUND('',#929,.T.);
#929 = EDGE_LOOP('',(#930));
#930 = ORIENTED_EDGE('',*,*,#931,.F.);
#931 = EDGE_CURVE('',#932,#932,#934,.T.);
#932 = VERTEX_POINT('',#933);
#933 = CARTESIAN_POINT('',(14.591196002586,32.012783918715,19.05));
#934 = CIRCLE('',#935,1.344444);
#935 = AXIS2_PLACEMENT_3D('',#936,#937,#938);
#936 = CARTESIAN_POINT('',(13.246752002586,32.012783918715,19.05));
#937 = DIRECTION('',(0.,-1.,2.2E-16));
#938 = DIRECTION('',(1.,0.,0.));
#939 = PLANE('',#940);
#940 = AXIS2_PLACEMENT_3D('',#941,#942,#943);
#941 = CARTESIAN_POINT('',(7.912752002586,32.012783918715,9.0805));
#942 = DIRECTION('',(0.,-1.,0.));
#943 = DIRECTION('',(0.,0.,1.));
#944 = ADVANCED_FACE('',(#945),#964,.F.);
#945 = FACE_BOUND('',#946,.F.);
#946 = EDGE_LOOP('',(#947,#948,#956,#963));
#947 = ORIENTED_EDGE('',*,*,#931,.F.);
#948 = ORIENTED_EDGE('',*,*,#949,.T.);
#949 = EDGE_CURVE('',#932,#950,#952,.T.);
#950 = VERTEX_POINT('',#951);
#951 = CARTESIAN_POINT('',(14.591196002586,43.889124594712,19.05));
#952 = LINE('',#953,#954);
#953 = CARTESIAN_POINT('',(14.591196002586,5.789124594712,19.05));
#954 = VECTOR('',#955,1.);
#955 = DIRECTION('',(0.,1.,-2.2E-16));
#956 = ORIENTED_EDGE('',*,*,#957,.T.);
#957 = EDGE_CURVE('',#950,#950,#958,.T.);
#958 = CIRCLE('',#959,1.344444);
#959 = AXIS2_PLACEMENT_3D('',#960,#961,#962);
#960 = CARTESIAN_POINT('',(13.246752002586,43.889124594712,19.05));
#961 = DIRECTION('',(0.,-1.,2.2E-16));
#962 = DIRECTION('',(1.,0.,0.));
#963 = ORIENTED_EDGE('',*,*,#949,.F.);
#964 = CYLINDRICAL_SURFACE('',#965,1.344444);
#965 = AXIS2_PLACEMENT_3D('',#966,#967,#968);
#966 = CARTESIAN_POINT('',(13.246752002586,5.789124594712,19.05));
#967 = DIRECTION('',(0.,-1.,2.2E-16));
#968 = DIRECTION('',(1.,0.,0.));
#969 = ADVANCED_FACE('',(#970),#1002,.T.);
#970 = FACE_BOUND('',#971,.T.);
#971 = EDGE_LOOP('',(#972,#980,#986,#987,#995,#1001));
#972 = ORIENTED_EDGE('',*,*,#973,.F.);
#973 = EDGE_CURVE('',#974,#700,#976,.T.);
#974 = VERTEX_POINT('',#975);
#975 = CARTESIAN_POINT('',(25.692752002586,5.789124594712,9.5758));
#976 = LINE('',#977,#978);
#977 = CARTESIAN_POINT('',(25.692752002586,5.789124594712,9.5758));
#978 = VECTOR('',#979,1.);
#979 = DIRECTION('',(0.,0.,1.));
#980 = ORIENTED_EDGE('',*,*,#981,.T.);
#981 = EDGE_CURVE('',#974,#749,#982,.T.);
#982 = LINE('',#983,#984);
#983 = CARTESIAN_POINT('',(25.692752002586,5.789124594712,9.5758));
#984 = VECTOR('',#985,1.);
#985 = DIRECTION('',(0.,1.,-2.2E-16));
#986 = ORIENTED_EDGE('',*,*,#757,.T.);
#987 = ORIENTED_EDGE('',*,*,#988,.T.);
#988 = EDGE_CURVE('',#758,#989,#991,.T.);
#989 = VERTEX_POINT('',#990);
#990 = CARTESIAN_POINT('',(25.692752002586,10.912487348054,19.05));
#991 = LINE('',#992,#993);
#992 = CARTESIAN_POINT('',(25.692752002586,15.314124594712,19.05));
#993 = VECTOR('',#994,1.);
#994 = DIRECTION('',(0.,-1.,0.));
#995 = ORIENTED_EDGE('',*,*,#996,.T.);
#996 = EDGE_CURVE('',#989,#708,#997,.T.);
#997 = LINE('',#998,#999);
#998 = CARTESIAN_POINT('',(25.692752002586,10.912487348054,22.86));
#999 = VECTOR('',#1000,1.);
#1000 = DIRECTION('',(0.,0.,1.));
#1001 = ORIENTED_EDGE('',*,*,#707,.F.);
#1002 = PLANE('',#1003);
#1003 = AXIS2_PLACEMENT_3D('',#1004,#1005,#1006);
#1004 = CARTESIAN_POINT('',(25.692752002586,5.789124594712,9.5758));
#1005 = DIRECTION('',(1.,0.,0.));
#1006 = DIRECTION('',(0.,2.2E-16,1.));
#1007 = ADVANCED_FACE('',(#1008),#1020,.F.);
#1008 = FACE_BOUND('',#1009,.F.);
#1009 = EDGE_LOOP('',(#1010,#1011,#1012,#1013));
#1010 = ORIENTED_EDGE('',*,*,#996,.T.);
#1011 = ORIENTED_EDGE('',*,*,#715,.F.);
#1012 = ORIENTED_EDGE('',*,*,#773,.F.);
#1013 = ORIENTED_EDGE('',*,*,#1014,.T.);
#1014 = EDGE_CURVE('',#766,#989,#1015,.T.);
#1015 = CIRCLE('',#1016,15.875);
#1016 = AXIS2_PLACEMENT_3D('',#1017,#1018,#1019);
#1017 = CARTESIAN_POINT('',(33.312752002586,24.839124594712,19.05));
#1018 = DIRECTION('',(0.,0.,1.));
#1019 = DIRECTION('',(1.,0.,0.));
#1020 = CYLINDRICAL_SURFACE('',#1021,15.875);
#1021 = AXIS2_PLACEMENT_3D('',#1022,#1023,#1024);
#1022 = CARTESIAN_POINT('',(33.312752002586,24.839124594712,22.86));
#1023 = DIRECTION('',(0.,0.,1.));
#1024 = DIRECTION('',(1.,0.,0.));
#1025 = ADVANCED_FACE('',(#1026),#1031,.T.);
#1026 = FACE_BOUND('',#1027,.T.);
#1027 = EDGE_LOOP('',(#1028,#1029,#1030));
#1028 = ORIENTED_EDGE('',*,*,#1014,.T.);
#1029 = ORIENTED_EDGE('',*,*,#988,.F.);
#1030 = ORIENTED_EDGE('',*,*,#765,.T.);
#1031 = PLANE('',#1032);
#1032 = AXIS2_PLACEMENT_3D('',#1033,#1034,#1035);
#1033 = CARTESIAN_POINT('',(33.312752002586,24.839124594712,19.05));
#1034 = DIRECTION('',(0.,0.,1.));
#1035 = DIRECTION('',(1.,0.,0.));
#1036 = ADVANCED_FACE('',(#1037),#1048,.F.);
#1037 = FACE_BOUND('',#1038,.F.);
#1038 = EDGE_LOOP('',(#1039,#1040,#1046,#1047));
#1039 = ORIENTED_EDGE('',*,*,#618,.F.);
#1040 = ORIENTED_EDGE('',*,*,#1041,.T.);
#1041 = EDGE_CURVE('',#619,#783,#1042,.T.);
#1042 = LINE('',#1043,#1044);
#1043 = CARTESIAN_POINT('',(14.994967002586,5.789124594712,19.05));
#1044 = VECTOR('',#1045,1.);
#1045 = DIRECTION('',(0.,1.,-2.2E-16));
#1046 = ORIENTED_EDGE('',*,*,#782,.T.);
#1047 = ORIENTED_EDGE('',*,*,#1041,.F.);
#1048 = CYLINDRICAL_SURFACE('',#1049,1.748215);
#1049 = AXIS2_PLACEMENT_3D('',#1050,#1051,#1052);
#1050 = CARTESIAN_POINT('',(13.246752002586,5.789124594712,19.05));
#1051 = DIRECTION('',(0.,-1.,2.2E-16));
#1052 = DIRECTION('',(1.,0.,0.));
#1053 = ADVANCED_FACE('',(#1054,#1065,#1068),#1071,.T.);
#1054 = FACE_BOUND('',#1055,.T.);
#1055 = EDGE_LOOP('',(#1056,#1057,#1058,#1064));
#1056 = ORIENTED_EDGE('',*,*,#531,.T.);
#1057 = ORIENTED_EDGE('',*,*,#636,.T.);
#1058 = ORIENTED_EDGE('',*,*,#1059,.F.);
#1059 = EDGE_CURVE('',#111,#637,#1060,.T.);
#1060 = LINE('',#1061,#1062);
#1061 = CARTESIAN_POINT('',(33.312752002586,43.889124594712,22.86));
#1062 = VECTOR('',#1063,1.);
#1063 = DIRECTION('',(-1.,0.,0.));
#1064 = ORIENTED_EDGE('',*,*,#110,.F.);
#1065 = FACE_BOUND('',#1066,.T.);
#1066 = EDGE_LOOP('',(#1067));
#1067 = ORIENTED_EDGE('',*,*,#431,.F.);
#1068 = FACE_BOUND('',#1069,.T.);
#1069 = EDGE_LOOP('',(#1070));
#1070 = ORIENTED_EDGE('',*,*,#957,.T.);
#1071 = PLANE('',#1072);
#1072 = AXIS2_PLACEMENT_3D('',#1073,#1074,#1075);
#1073 = CARTESIAN_POINT('',(33.312752002586,43.889124594712,11.43));
#1074 = DIRECTION('',(0.,1.,0.));
#1075 = DIRECTION('',(0.,-0.,1.));
#1076 = ADVANCED_FACE('',(#1077,#1102,#1105),#1108,.T.);
#1077 = FACE_BOUND('',#1078,.T.);
#1078 = EDGE_LOOP('',(#1079,#1080,#1081,#1082,#1083,#1092,#1099,#1100,
    #1101));
#1079 = ORIENTED_EDGE('',*,*,#540,.F.);
#1080 = ORIENTED_EDGE('',*,*,#159,.T.);
#1081 = ORIENTED_EDGE('',*,*,#173,.T.);
#1082 = ORIENTED_EDGE('',*,*,#447,.F.);
#1083 = ORIENTED_EDGE('',*,*,#1084,.T.);
#1084 = EDGE_CURVE('',#448,#1085,#1087,.T.);
#1085 = VERTEX_POINT('',#1086);
#1086 = CARTESIAN_POINT('',(33.312752002586,5.789124594712,1.9558));
#1087 = CIRCLE('',#1088,7.62);
#1088 = AXIS2_PLACEMENT_3D('',#1089,#1090,#1091);
#1089 = CARTESIAN_POINT('',(33.312752002586,5.789124594712,9.5758));
#1090 = DIRECTION('',(0.,1.,-0.));
#1091 = DIRECTION('',(-1.,0.,-0.));
#1092 = ORIENTED_EDGE('',*,*,#1093,.F.);
#1093 = EDGE_CURVE('',#974,#1085,#1094,.T.);
#1094 = CIRCLE('',#1095,7.62);
#1095 = AXIS2_PLACEMENT_3D('',#1096,#1097,#1098);
#1096 = CARTESIAN_POINT('',(33.312752002586,5.789124594712,9.5758));
#1097 = DIRECTION('',(0.,-1.,0.));
#1098 = DIRECTION('',(1.,0.,0.));
#1099 = ORIENTED_EDGE('',*,*,#973,.T.);
#1100 = ORIENTED_EDGE('',*,*,#699,.F.);
#1101 = ORIENTED_EDGE('',*,*,#685,.F.);
#1102 = FACE_BOUND('',#1103,.T.);
#1103 = EDGE_LOOP('',(#1104));
#1104 = ORIENTED_EDGE('',*,*,#600,.F.);
#1105 = FACE_BOUND('',#1106,.T.);
#1106 = EDGE_LOOP('',(#1107));
#1107 = ORIENTED_EDGE('',*,*,#65,.T.);
#1108 = PLANE('',#1109);
#1109 = AXIS2_PLACEMENT_3D('',#1110,#1111,#1112);
#1110 = CARTESIAN_POINT('',(33.312752002586,5.789124594712,
    10.316319631751));
#1111 = DIRECTION('',(-0.,-1.,-0.));
#1112 = DIRECTION('',(0.,0.,-1.));
#1113 = ADVANCED_FACE('',(#1114),#1137,.T.);
#1114 = FACE_BOUND('',#1115,.T.);
#1115 = EDGE_LOOP('',(#1116,#1125,#1132,#1133,#1134,#1135,#1136));
#1116 = ORIENTED_EDGE('',*,*,#1117,.F.);
#1117 = EDGE_CURVE('',#1118,#916,#1120,.T.);
#1118 = VERTEX_POINT('',#1119);
#1119 = CARTESIAN_POINT('',(33.312752002586,40.714124594712,22.86));
#1120 = CIRCLE('',#1121,15.875);
#1121 = AXIS2_PLACEMENT_3D('',#1122,#1123,#1124);
#1122 = CARTESIAN_POINT('',(33.312752002586,24.839124594712,22.86));
#1123 = DIRECTION('',(0.,0.,1.));
#1124 = DIRECTION('',(1.,0.,0.));
#1125 = ORIENTED_EDGE('',*,*,#1126,.T.);
#1126 = EDGE_CURVE('',#1118,#390,#1127,.T.);
#1127 = CIRCLE('',#1128,15.875);
#1128 = AXIS2_PLACEMENT_3D('',#1129,#1130,#1131);
#1129 = CARTESIAN_POINT('',(33.312752002586,24.839124594712,22.86));
#1130 = DIRECTION('',(0.,0.,-1.));
#1131 = DIRECTION('',(-1.,-0.,-0.));
#1132 = ORIENTED_EDGE('',*,*,#397,.F.);
#1133 = ORIENTED_EDGE('',*,*,#118,.F.);
#1134 = ORIENTED_EDGE('',*,*,#1059,.T.);
#1135 = ORIENTED_EDGE('',*,*,#644,.T.);
#1136 = ORIENTED_EDGE('',*,*,#923,.T.);
#1137 = PLANE('',#1138);
#1138 = AXIS2_PLACEMENT_3D('',#1139,#1140,#1141);
#1139 = CARTESIAN_POINT('',(33.312752002586,39.120034211809,22.86));
#1140 = DIRECTION('',(0.,0.,1.));
#1141 = DIRECTION('',(1.,0.,-0.));
#1142 = ADVANCED_FACE('',(#1143),#1179,.T.);
#1143 = FACE_BOUND('',#1144,.T.);
#1144 = EDGE_LOOP('',(#1145,#1154,#1161,#1162,#1171,#1178));
#1145 = ORIENTED_EDGE('',*,*,#1146,.T.);
#1146 = EDGE_CURVE('',#900,#1147,#1149,.T.);
#1147 = VERTEX_POINT('',#1148);
#1148 = CARTESIAN_POINT('',(33.312752002586,34.427624594712,19.05));
#1149 = CIRCLE('',#1150,9.5885);
#1150 = AXIS2_PLACEMENT_3D('',#1151,#1152,#1153);
#1151 = CARTESIAN_POINT('',(33.312752002586,24.839124594712,19.05));
#1152 = DIRECTION('',(0.,0.,-1.));
#1153 = DIRECTION('',(1.,0.,0.));
#1154 = ORIENTED_EDGE('',*,*,#1155,.F.);
#1155 = EDGE_CURVE('',#374,#1147,#1156,.T.);
#1156 = CIRCLE('',#1157,9.5885);
#1157 = AXIS2_PLACEMENT_3D('',#1158,#1159,#1160);
#1158 = CARTESIAN_POINT('',(33.312752002586,24.839124594712,19.05));
#1159 = DIRECTION('',(0.,0.,1.));
#1160 = DIRECTION('',(-1.,0.,0.));
#1161 = ORIENTED_EDGE('',*,*,#381,.T.);
#1162 = ORIENTED_EDGE('',*,*,#1163,.F.);
#1163 = EDGE_CURVE('',#1164,#382,#1166,.T.);
#1164 = VERTEX_POINT('',#1165);
#1165 = CARTESIAN_POINT('',(33.312752002586,40.714124594712,19.05));
#1166 = CIRCLE('',#1167,15.875);
#1167 = AXIS2_PLACEMENT_3D('',#1168,#1169,#1170);
#1168 = CARTESIAN_POINT('',(33.312752002586,24.839124594712,19.05));
#1169 = DIRECTION('',(0.,0.,-1.));
#1170 = DIRECTION('',(-1.,-0.,-0.));
#1171 = ORIENTED_EDGE('',*,*,#1172,.T.);
#1172 = EDGE_CURVE('',#1164,#908,#1173,.T.);
#1173 = CIRCLE('',#1174,15.875);
#1174 = AXIS2_PLACEMENT_3D('',#1175,#1176,#1177);
#1175 = CARTESIAN_POINT('',(33.312752002586,24.839124594712,19.05));
#1176 = DIRECTION('',(0.,0.,1.));
#1177 = DIRECTION('',(1.,0.,0.));
#1178 = ORIENTED_EDGE('',*,*,#907,.F.);
#1179 = PLANE('',#1180);
#1180 = AXIS2_PLACEMENT_3D('',#1181,#1182,#1183);
#1181 = CARTESIAN_POINT('',(33.312752002586,35.343442790534,19.05));
#1182 = DIRECTION('',(0.,0.,1.));
#1183 = DIRECTION('',(1.,0.,-0.));
#1184 = ADVANCED_FACE('',(#1185),#1285,.F.);
#1185 = FACE_BOUND('',#1186,.T.);
#1186 = EDGE_LOOP('',(#1187,#1188,#1193,#1194,#1195,#1196,#1197,#1198,
    #1199,#1242,#1283,#1284));
#1187 = ORIENTED_EDGE('',*,*,#1155,.T.);
#1188 = ORIENTED_EDGE('',*,*,#1189,.T.);
#1189 = EDGE_CURVE('',#1147,#557,#1190,.T.);
#1190 = B_SPLINE_CURVE_WITH_KNOTS('',1,(#1191,#1192),.UNSPECIFIED.,.F.,
  .F.,(2,2),(-19.05,0.),.PIECEWISE_BEZIER_KNOTS.);
#1191 = CARTESIAN_POINT('',(33.312752002586,34.427624594712,19.05));
#1192 = CARTESIAN_POINT('',(33.312752002586,34.427624594712,0.));
#1193 = ORIENTED_EDGE('',*,*,#567,.T.);
#1194 = ORIENTED_EDGE('',*,*,#556,.F.);
#1195 = ORIENTED_EDGE('',*,*,#1189,.F.);
#1196 = ORIENTED_EDGE('',*,*,#1146,.F.);
#1197 = ORIENTED_EDGE('',*,*,#899,.T.);
#1198 = ORIENTED_EDGE('',*,*,#808,.T.);
#1199 = ORIENTED_EDGE('',*,*,#1200,.T.);
#1200 = EDGE_CURVE('',#809,#1201,#1203,.T.);
#1201 = VERTEX_POINT('',#1202);
#1202 = CARTESIAN_POINT('',(33.312752002586,15.250624594712,1.9558));
#1203 = B_SPLINE_CURVE_WITH_KNOTS('',7,(#1204,#1205,#1206,#1207,#1208,
    #1209,#1210,#1211,#1212,#1213,#1214,#1215,#1216,#1217,#1218,#1219,
    #1220,#1221,#1222,#1223,#1224,#1225,#1226,#1227,#1228,#1229,#1230,
    #1231,#1232,#1233,#1234,#1235,#1236,#1237,#1238,#1239,#1240,#1241),
  .UNSPECIFIED.,.F.,.F.,(8,6,6,6,6,6,8),(0.,0.182456819839,0.42973197226
    ,0.698941377789,0.800118144197,0.878881624026,1.),.UNSPECIFIED.);
#1204 = CARTESIAN_POINT('',(25.692752002586,19.018907051527,9.5758));
#1205 = CARTESIAN_POINT('',(25.692752002586,19.018907051527,
    9.284402204833));
#1206 = CARTESIAN_POINT('',(25.70575244788,19.001886739712,
    8.994036551034));
#1207 = CARTESIAN_POINT('',(25.731588566722,18.968060493273,
    8.705398313781));
#1208 = CARTESIAN_POINT('',(25.77004678768,18.918207313673,
    8.419270937079));
#1209 = CARTESIAN_POINT('',(25.820826959302,18.853675929987,
    8.136627206599));
#1210 = CARTESIAN_POINT('',(25.883406898118,18.776348155753,
    7.858726185531));
#1211 = CARTESIAN_POINT('',(26.056288042869,18.569586014675,
    7.219227250183));
#1212 = CARTESIAN_POINT('',(26.176074926109,18.430885511397,
    6.861374159279));
#1213 = CARTESIAN_POINT('',(26.315307295441,18.27647315903,
    6.513237845688));
#1214 = CARTESIAN_POINT('',(26.473548047034,18.110032700571,
    6.174680180613));
#1215 = CARTESIAN_POINT('',(26.650653698858,17.934683235295,5.8456611985
    ));
#1216 = CARTESIAN_POINT('',(26.846864911354,17.753025374347,
    5.526190576094));
#1217 = CARTESIAN_POINT('',(27.298153512451,17.365160377864,
    4.879198705119));
#1218 = CARTESIAN_POINT('',(27.556593697481,17.158476392413,
    4.553928387801));
#1219 = CARTESIAN_POINT('',(27.839582446484,16.949807142764,
    4.240083831583));
#1220 = CARTESIAN_POINT('',(28.149058707617,16.741467223537,
    3.938031378023));
#1221 = CARTESIAN_POINT('',(28.487330567427,16.536133718585,
    3.649179220192));
#1222 = CARTESIAN_POINT('',(28.856823038383,16.337257009002,
    3.37615806622));
#1223 = CARTESIAN_POINT('',(29.41126156015,16.078666130764,
    3.027917923122));
#1224 = CARTESIAN_POINT('',(29.567540697881,16.0095267787,2.935542962161
    ));
#1225 = CARTESIAN_POINT('',(29.728766008108,15.94213227057,
    2.846150399459));
#1226 = CARTESIAN_POINT('',(29.895047172374,15.876752488919,
    2.760002178955));
#1227 = CARTESIAN_POINT('',(30.06648281713,15.813681238727,
    2.677392057965));
#1228 = CARTESIAN_POINT('',(30.243160351588,15.753236347042,
    2.598645603026));
#1229 = CARTESIAN_POINT('',(30.566834530621,15.651015737276,
    2.466104087662));
#1230 = CARTESIAN_POINT('',(30.711767680421,15.608060602755,
    2.410633149921));
#1231 = CARTESIAN_POINT('',(30.859894800601,15.567088520569,
    2.357918836982));
#1232 = CARTESIAN_POINT('',(31.011148263507,15.528292125871,
    2.308170047323));
#1233 = CARTESIAN_POINT('',(31.165453260903,15.491862032776,
    2.261593481378));
#1234 = CARTESIAN_POINT('',(31.322727796665,15.457986339703,
    2.218394009497));
#1235 = CARTESIAN_POINT('',(31.72916051477,15.378970500766,2.11785105246
    ));
#1236 = CARTESIAN_POINT('',(31.982704273313,15.33748038852,
    2.065281210375));
#1237 = CARTESIAN_POINT('',(32.242212064627,15.303295171493,
    2.022114934652));
#1238 = CARTESIAN_POINT('',(32.506345140281,15.277127990024,
    1.989150127175));
#1239 = CARTESIAN_POINT('',(32.773736970122,15.259478143102,
    1.966940706135));
#1240 = CARTESIAN_POINT('',(33.043003130227,15.250624594712,1.9558));
#1241 = CARTESIAN_POINT('',(33.312752002586,15.250624594712,1.9558));
#1242 = ORIENTED_EDGE('',*,*,#1243,.F.);
#1243 = EDGE_CURVE('',#283,#1201,#1244,.T.);
#1244 = B_SPLINE_CURVE_WITH_KNOTS('',7,(#1245,#1246,#1247,#1248,#1249,
    #1250,#1251,#1252,#1253,#1254,#1255,#1256,#1257,#1258,#1259,#1260,
    #1261,#1262,#1263,#1264,#1265,#1266,#1267,#1268,#1269,#1270,#1271,
    #1272,#1273,#1274,#1275,#1276,#1277,#1278,#1279,#1280,#1281,#1282),
  .UNSPECIFIED.,.F.,.F.,(8,6,6,6,6,6,8),(0.,0.182456819839,0.42973197226
    ,0.698941377789,0.800118144197,0.878881624026,1.),.UNSPECIFIED.);
#1245 = CARTESIAN_POINT('',(40.932752002586,19.018907051527,9.5758));
#1246 = CARTESIAN_POINT('',(40.932752002586,19.018907051527,
    9.284402204833));
#1247 = CARTESIAN_POINT('',(40.919751557293,19.001886739712,
    8.994036551034));
#1248 = CARTESIAN_POINT('',(40.893915438451,18.968060493273,
    8.705398313781));
#1249 = CARTESIAN_POINT('',(40.855457217493,18.918207313673,
    8.419270937079));
#1250 = CARTESIAN_POINT('',(40.80467704587,18.853675929987,
    8.136627206599));
#1251 = CARTESIAN_POINT('',(40.742097107054,18.776348155753,
    7.858726185531));
#1252 = CARTESIAN_POINT('',(40.569215962304,18.569586014675,
    7.219227250183));
#1253 = CARTESIAN_POINT('',(40.449429079064,18.430885511397,
    6.861374159279));
#1254 = CARTESIAN_POINT('',(40.310196709732,18.27647315903,
    6.513237845688));
#1255 = CARTESIAN_POINT('',(40.151955958139,18.110032700571,
    6.174680180613));
#1256 = CARTESIAN_POINT('',(39.974850306315,17.934683235295,5.8456611985
    ));
#1257 = CARTESIAN_POINT('',(39.778639093818,17.753025374347,
    5.526190576094));
#1258 = CARTESIAN_POINT('',(39.327350492721,17.365160377864,
    4.879198705119));
#1259 = CARTESIAN_POINT('',(39.068910307692,17.158476392413,
    4.553928387801));
#1260 = CARTESIAN_POINT('',(38.785921558689,16.949807142764,
    4.240083831583));
#1261 = CARTESIAN_POINT('',(38.476445297555,16.741467223537,
    3.938031378023));
#1262 = CARTESIAN_POINT('',(38.138173437746,16.536133718585,
    3.649179220192));
#1263 = CARTESIAN_POINT('',(37.768680966789,16.337257009002,
    3.37615806622));
#1264 = CARTESIAN_POINT('',(37.214242445023,16.078666130764,
    3.027917923122));
#1265 = CARTESIAN_POINT('',(37.057963307292,16.0095267787,2.935542962161
    ));
#1266 = CARTESIAN_POINT('',(36.896737997065,15.94213227057,
    2.846150399459));
#1267 = CARTESIAN_POINT('',(36.730456832799,15.876752488919,
    2.760002178955));
#1268 = CARTESIAN_POINT('',(36.559021188043,15.813681238727,
    2.677392057965));
#1269 = CARTESIAN_POINT('',(36.382343653585,15.753236347042,
    2.598645603026));
#1270 = CARTESIAN_POINT('',(36.058669474552,15.651015737276,
    2.466104087662));
#1271 = CARTESIAN_POINT('',(35.913736324752,15.608060602755,
    2.410633149921));
#1272 = CARTESIAN_POINT('',(35.765609204572,15.567088520569,
    2.357918836982));
#1273 = CARTESIAN_POINT('',(35.614355741665,15.528292125871,
    2.308170047323));
#1274 = CARTESIAN_POINT('',(35.46005074427,15.491862032776,
    2.261593481378));
#1275 = CARTESIAN_POINT('',(35.302776208507,15.457986339703,
    2.218394009497));
#1276 = CARTESIAN_POINT('',(34.896343490402,15.378970500766,
    2.11785105246));
#1277 = CARTESIAN_POINT('',(34.642799731859,15.33748038852,
    2.065281210375));
#1278 = CARTESIAN_POINT('',(34.383291940546,15.303295171493,
    2.022114934652));
#1279 = CARTESIAN_POINT('',(34.119158864892,15.277127990024,
    1.989150127175));
#1280 = CARTESIAN_POINT('',(33.85176703505,15.259478143102,
    1.966940706135));
#1281 = CARTESIAN_POINT('',(33.582500874946,15.250624594712,1.9558));
#1282 = CARTESIAN_POINT('',(33.312752002586,15.250624594712,1.9558));
#1283 = ORIENTED_EDGE('',*,*,#282,.F.);
#1284 = ORIENTED_EDGE('',*,*,#373,.F.);
#1285 = CYLINDRICAL_SURFACE('',#1286,9.5885);
#1286 = AXIS2_PLACEMENT_3D('',#1287,#1288,#1289);
#1287 = CARTESIAN_POINT('',(33.312752002586,24.839124594712,0.));
#1288 = DIRECTION('',(-0.,-0.,-1.));
#1289 = DIRECTION('',(1.,0.,0.));
#1290 = ADVANCED_FACE('',(#1291),#1303,.F.);
#1291 = FACE_BOUND('',#1292,.F.);
#1292 = EDGE_LOOP('',(#1293,#1294,#1295,#1296,#1297,#1298,#1299,#1300,
    #1301,#1302));
#1293 = ORIENTED_EDGE('',*,*,#1084,.T.);
#1294 = ORIENTED_EDGE('',*,*,#1093,.F.);
#1295 = ORIENTED_EDGE('',*,*,#981,.T.);
#1296 = ORIENTED_EDGE('',*,*,#748,.T.);
#1297 = ORIENTED_EDGE('',*,*,#875,.F.);
#1298 = ORIENTED_EDGE('',*,*,#1200,.T.);
#1299 = ORIENTED_EDGE('',*,*,#1243,.F.);
#1300 = ORIENTED_EDGE('',*,*,#349,.T.);
#1301 = ORIENTED_EDGE('',*,*,#222,.F.);
#1302 = ORIENTED_EDGE('',*,*,#455,.F.);
#1303 = CYLINDRICAL_SURFACE('',#1304,7.62);
#1304 = AXIS2_PLACEMENT_3D('',#1305,#1306,#1307);
#1305 = CARTESIAN_POINT('',(33.312752002586,5.789124594712,9.5758));
#1306 = DIRECTION('',(0.,-1.,2.2E-16));
#1307 = DIRECTION('',(1.,0.,0.));
#1308 = ADVANCED_FACE('',(#1309),#1317,.F.);
#1309 = FACE_BOUND('',#1310,.F.);
#1310 = EDGE_LOOP('',(#1311,#1312,#1313,#1314,#1315,#1316));
#1311 = ORIENTED_EDGE('',*,*,#1172,.T.);
#1312 = ORIENTED_EDGE('',*,*,#915,.T.);
#1313 = ORIENTED_EDGE('',*,*,#1117,.F.);
#1314 = ORIENTED_EDGE('',*,*,#1126,.T.);
#1315 = ORIENTED_EDGE('',*,*,#389,.F.);
#1316 = ORIENTED_EDGE('',*,*,#1163,.F.);
#1317 = CYLINDRICAL_SURFACE('',#1318,15.875);
#1318 = AXIS2_PLACEMENT_3D('',#1319,#1320,#1321);
#1319 = CARTESIAN_POINT('',(33.312752002586,24.839124594712,22.86));
#1320 = DIRECTION('',(0.,0.,1.));
#1321 = DIRECTION('',(1.,0.,-0.));
#1322 = ( GEOMETRIC_REPRESENTATION_CONTEXT(3) 
GLOBAL_UNCERTAINTY_ASSIGNED_CONTEXT((#1326)) 
GLOBAL_UNIT_ASSIGNED_CONTEXT((#1323,#1324,#1325)) REPRESENTATION_CONTEXT
('Context #1','3D Context with UNIT and UNCERTAINTY') );
#1323 = ( LENGTH_UNIT() NAMED_UNIT(*) SI_UNIT(.MILLI.,.METRE.) );
#1324 = ( NAMED_UNIT(*) PLANE_ANGLE_UNIT() SI_UNIT($,.RADIAN.) );
#1325 = ( NAMED_UNIT(*) SI_UNIT($,.STERADIAN.) SOLID_ANGLE_UNIT() );
#1326 = UNCERTAINTY_MEASURE_WITH_UNIT(LENGTH_MEASURE(2.E-05),#1323,
  'distance_accuracy_value','confusion accuracy');
#1327 = CONTEXT_DEPENDENT_SHAPE_REPRESENTATION(#1328,#1330);
#1328 = ( REPRESENTATION_RELATIONSHIP('','',#40,#10) 
REPRESENTATION_RELATIONSHIP_WITH_TRANSFORMATION(#1329) 
SHAPE_REPRESENTATION_RELATIONSHIP() );
#1329 = ITEM_DEFINED_TRANSFORMATION('','',#11,#15);
#1330 = PRODUCT_DEFINITION_SHAPE('Placement','Placement of an item',
  #1331);
#1331 = NEXT_ASSEMBLY_USAGE_OCCURRENCE('4','Valve Mount001','',#5,#35,$
  );
#1332 = PRODUCT_RELATED_PRODUCT_CATEGORY('part',$,(#37));
#1333 = SHAPE_DEFINITION_REPRESENTATION(#1334,#1340);
#1334 = PRODUCT_DEFINITION_SHAPE('','',#1335);
#1335 = PRODUCT_DEFINITION('design','',#1336,#1339);
#1336 = PRODUCT_DEFINITION_FORMATION('','',#1337);
#1337 = PRODUCT('Servo Mount','Servo Mount','',(#1338));
#1338 = PRODUCT_CONTEXT('',#2,'mechanical');
#1339 = PRODUCT_DEFINITION_CONTEXT('part definition',#2,'design');
#1340 = ADVANCED_BREP_SHAPE_REPRESENTATION('',(#11,#1341),#2844);
#1341 = MANIFOLD_SOLID_BREP('',#1342);
#1342 = CLOSED_SHELL('',(#1343,#1383,#1454,#1478,#1558,#1650,#1667,#1723
    ,#1740,#1795,#1845,#1862,#1967,#1991,#2047,#2121,#2177,#2194,#2206,
    #2234,#2251,#2268,#2285,#2308,#2325,#2342,#2414,#2482,#2499,#2521,
    #2538,#2555,#2578,#2595,#2607,#2624,#2647,#2671,#2688,#2714,#2738,
    #2769,#2786,#2798,#2815,#2827));
#1343 = ADVANCED_FACE('',(#1344),#1378,.F.);
#1344 = FACE_BOUND('',#1345,.F.);
#1345 = EDGE_LOOP('',(#1346,#1356,#1364,#1372));
#1346 = ORIENTED_EDGE('',*,*,#1347,.F.);
#1347 = EDGE_CURVE('',#1348,#1350,#1352,.T.);
#1348 = VERTEX_POINT('',#1349);
#1349 = CARTESIAN_POINT('',(125.685198,72.722833,44.4586645));
#1350 = VERTEX_POINT('',#1351);
#1351 = CARTESIAN_POINT('',(124.475198,72.722833,44.4586645));
#1352 = LINE('',#1353,#1354);
#1353 = CARTESIAN_POINT('',(153.685198,72.722833,44.4586645));
#1354 = VECTOR('',#1355,1.);
#1355 = DIRECTION('',(-1.,-0.,-0.));
#1356 = ORIENTED_EDGE('',*,*,#1357,.F.);
#1357 = EDGE_CURVE('',#1358,#1348,#1360,.T.);
#1358 = VERTEX_POINT('',#1359);
#1359 = CARTESIAN_POINT('',(125.685198,87.708833,44.4586645));
#1360 = LINE('',#1361,#1362);
#1361 = CARTESIAN_POINT('',(125.685198,87.708833,44.4586645));
#1362 = VECTOR('',#1363,1.);
#1363 = DIRECTION('',(0.,-1.,0.));
#1364 = ORIENTED_EDGE('',*,*,#1365,.T.);
#1365 = EDGE_CURVE('',#1358,#1366,#1368,.T.);
#1366 = VERTEX_POINT('',#1367);
#1367 = CARTESIAN_POINT('',(124.475198,87.708833,44.4586645));
#1368 = LINE('',#1369,#1370);
#1369 = CARTESIAN_POINT('',(153.685198,87.708833,44.4586645));
#1370 = VECTOR('',#1371,1.);
#1371 = DIRECTION('',(-1.,-0.,-0.));
#1372 = ORIENTED_EDGE('',*,*,#1373,.F.);
#1373 = EDGE_CURVE('',#1350,#1366,#1374,.T.);
#1374 = LINE('',#1375,#1376);
#1375 = CARTESIAN_POINT('',(124.475198,91.730577916821,44.4586645));
#1376 = VECTOR('',#1377,1.);
#1377 = DIRECTION('',(-6.7E-16,1.,0.));
#1378 = PLANE('',#1379);
#1379 = AXIS2_PLACEMENT_3D('',#1380,#1381,#1382);
#1380 = CARTESIAN_POINT('',(153.685198,87.708833,44.4586645));
#1381 = DIRECTION('',(0.,0.,1.));
#1382 = DIRECTION('',(0.,-1.,0.));
#1383 = ADVANCED_FACE('',(#1384),#1449,.T.);
#1384 = FACE_BOUND('',#1385,.T.);
#1385 = EDGE_LOOP('',(#1386,#1387,#1395,#1403,#1411,#1419,#1427,#1435,
    #1443));
#1386 = ORIENTED_EDGE('',*,*,#1347,.F.);
#1387 = ORIENTED_EDGE('',*,*,#1388,.T.);
#1388 = EDGE_CURVE('',#1348,#1389,#1391,.T.);
#1389 = VERTEX_POINT('',#1390);
#1390 = CARTESIAN_POINT('',(153.685198,76.673748116455,50.4586645));
#1391 = LINE('',#1392,#1393);
#1392 = CARTESIAN_POINT('',(136.78393956259,74.288911064761,
    46.836966263414));
#1393 = VECTOR('',#1394,1.);
#1394 = DIRECTION('',(0.968626367649,0.136677162791,0.207562793068));
#1395 = ORIENTED_EDGE('',*,*,#1396,.T.);
#1396 = EDGE_CURVE('',#1389,#1397,#1399,.T.);
#1397 = VERTEX_POINT('',#1398);
#1398 = CARTESIAN_POINT('',(153.685198,79.072833,54.102));
#1399 = LINE('',#1400,#1401);
#1400 = CARTESIAN_POINT('',(153.685198,72.722833,44.4586645));
#1401 = VECTOR('',#1402,1.);
#1402 = DIRECTION('',(0.,0.549961014683,0.835190327009));
#1403 = ORIENTED_EDGE('',*,*,#1404,.T.);
#1404 = EDGE_CURVE('',#1397,#1405,#1407,.T.);
#1405 = VERTEX_POINT('',#1406);
#1406 = CARTESIAN_POINT('',(141.620198,79.072833,54.102));
#1407 = LINE('',#1408,#1409);
#1408 = CARTESIAN_POINT('',(153.685198,79.072833,54.102));
#1409 = VECTOR('',#1410,1.);
#1410 = DIRECTION('',(-1.,-0.,-0.));
#1411 = ORIENTED_EDGE('',*,*,#1412,.F.);
#1412 = EDGE_CURVE('',#1413,#1405,#1415,.T.);
#1413 = VERTEX_POINT('',#1414);
#1414 = CARTESIAN_POINT('',(127.650198,79.072833,54.102));
#1415 = LINE('',#1416,#1417);
#1416 = CARTESIAN_POINT('',(127.650198,79.072833,54.102));
#1417 = VECTOR('',#1418,1.);
#1418 = DIRECTION('',(1.,0.,-2.03E-15));
#1419 = ORIENTED_EDGE('',*,*,#1420,.T.);
#1420 = EDGE_CURVE('',#1413,#1421,#1423,.T.);
#1421 = VERTEX_POINT('',#1422);
#1422 = CARTESIAN_POINT('',(115.585198,79.072833,54.102));
#1423 = LINE('',#1424,#1425);
#1424 = CARTESIAN_POINT('',(141.620198,79.072833,54.102));
#1425 = VECTOR('',#1426,1.);
#1426 = DIRECTION('',(-1.,-0.,-0.));
#1427 = ORIENTED_EDGE('',*,*,#1428,.F.);
#1428 = EDGE_CURVE('',#1429,#1421,#1431,.T.);
#1429 = VERTEX_POINT('',#1430);
#1430 = CARTESIAN_POINT('',(115.585198,66.372833,34.815329));
#1431 = LINE('',#1432,#1433);
#1432 = CARTESIAN_POINT('',(115.585198,75.74117571588,49.042426935152));
#1433 = VECTOR('',#1434,1.);
#1434 = DIRECTION('',(0.,0.549961014683,0.835190327009));
#1435 = ORIENTED_EDGE('',*,*,#1436,.F.);
#1436 = EDGE_CURVE('',#1437,#1429,#1439,.T.);
#1437 = VERTEX_POINT('',#1438);
#1438 = CARTESIAN_POINT('',(124.475198,66.372833,34.815329));
#1439 = LINE('',#1440,#1441);
#1440 = CARTESIAN_POINT('',(141.620198,66.372833,34.815329));
#1441 = VECTOR('',#1442,1.);
#1442 = DIRECTION('',(-1.,-0.,-0.));
#1443 = ORIENTED_EDGE('',*,*,#1444,.F.);
#1444 = EDGE_CURVE('',#1350,#1437,#1445,.T.);
#1445 = LINE('',#1446,#1447);
#1446 = CARTESIAN_POINT('',(124.475198,75.615413537335,48.85144002477));
#1447 = VECTOR('',#1448,1.);
#1448 = DIRECTION('',(1.E-16,-0.549961014683,-0.835190327009));
#1449 = PLANE('',#1450);
#1450 = AXIS2_PLACEMENT_3D('',#1451,#1452,#1453);
#1451 = CARTESIAN_POINT('',(131.87941599807,74.238405666024,
    46.760266971355));
#1452 = DIRECTION('',(1.E-15,-0.835190327009,0.549961014683));
#1453 = DIRECTION('',(-9.860761315263E-32,-0.549961014683,
    -0.835190327009));
#1454 = ADVANCED_FACE('',(#1455),#1473,.F.);
#1455 = FACE_BOUND('',#1456,.F.);
#1456 = EDGE_LOOP('',(#1457,#1465,#1466,#1467));
#1457 = ORIENTED_EDGE('',*,*,#1458,.F.);
#1458 = EDGE_CURVE('',#1358,#1459,#1461,.T.);
#1459 = VERTEX_POINT('',#1460);
#1460 = CARTESIAN_POINT('',(153.685198,87.708833,50.4586645));
#1461 = LINE('',#1462,#1463);
#1462 = CARTESIAN_POINT('',(135.52763108686,87.708833,46.567757304329));
#1463 = VECTOR('',#1464,1.);
#1464 = DIRECTION('',(0.977802414077,9.2E-16,0.209529088731));
#1465 = ORIENTED_EDGE('',*,*,#1357,.T.);
#1466 = ORIENTED_EDGE('',*,*,#1388,.T.);
#1467 = ORIENTED_EDGE('',*,*,#1468,.F.);
#1468 = EDGE_CURVE('',#1459,#1389,#1469,.T.);
#1469 = LINE('',#1470,#1471);
#1470 = CARTESIAN_POINT('',(153.685198,87.708833,50.4586645));
#1471 = VECTOR('',#1472,1.);
#1472 = DIRECTION('',(0.,-1.,0.));
#1473 = PLANE('',#1474);
#1474 = AXIS2_PLACEMENT_3D('',#1475,#1476,#1477);
#1475 = CARTESIAN_POINT('',(139.685198,87.708833,47.4586645));
#1476 = DIRECTION('',(-0.209529088731,0.,0.977802414077));
#1477 = DIRECTION('',(0.,-1.,0.));
#1478 = ADVANCED_FACE('',(#1479),#1553,.T.);
#1479 = FACE_BOUND('',#1480,.T.);
#1480 = EDGE_LOOP('',(#1481,#1491,#1499,#1505,#1506,#1507,#1515,#1523,
    #1531,#1539,#1547));
#1481 = ORIENTED_EDGE('',*,*,#1482,.F.);
#1482 = EDGE_CURVE('',#1483,#1485,#1487,.T.);
#1483 = VERTEX_POINT('',#1484);
#1484 = CARTESIAN_POINT('',(124.475198,120.85583299999,25.4));
#1485 = VERTEX_POINT('',#1486);
#1486 = CARTESIAN_POINT('',(124.475198,120.85583299999,17.78));
#1487 = LINE('',#1488,#1489);
#1488 = CARTESIAN_POINT('',(124.475198,120.85583299999,22.86));
#1489 = VECTOR('',#1490,1.);
#1490 = DIRECTION('',(-0.,-0.,-1.));
#1491 = ORIENTED_EDGE('',*,*,#1492,.F.);
#1492 = EDGE_CURVE('',#1493,#1483,#1495,.T.);
#1493 = VERTEX_POINT('',#1494);
#1494 = CARTESIAN_POINT('',(124.475198,87.708833,25.4));
#1495 = LINE('',#1496,#1497);
#1496 = CARTESIAN_POINT('',(124.475198,112.2938033378,25.4));
#1497 = VECTOR('',#1498,1.);
#1498 = DIRECTION('',(-6.7E-16,1.,0.));
#1499 = ORIENTED_EDGE('',*,*,#1500,.F.);
#1500 = EDGE_CURVE('',#1366,#1493,#1501,.T.);
#1501 = LINE('',#1502,#1503);
#1502 = CARTESIAN_POINT('',(124.475198,87.708833,42.05255));
#1503 = VECTOR('',#1504,1.);
#1504 = DIRECTION('',(0.,0.,-1.));
#1505 = ORIENTED_EDGE('',*,*,#1373,.F.);
#1506 = ORIENTED_EDGE('',*,*,#1444,.T.);
#1507 = ORIENTED_EDGE('',*,*,#1508,.T.);
#1508 = EDGE_CURVE('',#1437,#1509,#1511,.T.);
#1509 = VERTEX_POINT('',#1510);
#1510 = CARTESIAN_POINT('',(124.475198,66.372833,17.78));
#1511 = LINE('',#1512,#1513);
#1512 = CARTESIAN_POINT('',(124.475198,66.372833,22.86));
#1513 = VECTOR('',#1514,1.);
#1514 = DIRECTION('',(-0.,-0.,-1.));
#1515 = ORIENTED_EDGE('',*,*,#1516,.T.);
#1516 = EDGE_CURVE('',#1509,#1517,#1519,.T.);
#1517 = VERTEX_POINT('',#1518);
#1518 = CARTESIAN_POINT('',(124.475198,73.230833,17.78));
#1519 = LINE('',#1520,#1521);
#1520 = CARTESIAN_POINT('',(124.475198,66.372833,17.78));
#1521 = VECTOR('',#1522,1.);
#1522 = DIRECTION('',(0.,1.,0.));
#1523 = ORIENTED_EDGE('',*,*,#1524,.F.);
#1524 = EDGE_CURVE('',#1525,#1517,#1527,.T.);
#1525 = VERTEX_POINT('',#1526);
#1526 = CARTESIAN_POINT('',(124.475198,73.230833,0.));
#1527 = LINE('',#1528,#1529);
#1528 = CARTESIAN_POINT('',(124.475198,73.230833,22.86));
#1529 = VECTOR('',#1530,1.);
#1530 = DIRECTION('',(0.,0.,1.));
#1531 = ORIENTED_EDGE('',*,*,#1532,.F.);
#1532 = EDGE_CURVE('',#1533,#1525,#1535,.T.);
#1533 = VERTEX_POINT('',#1534);
#1534 = CARTESIAN_POINT('',(124.475198,113.870833,0.));
#1535 = LINE('',#1536,#1537);
#1536 = CARTESIAN_POINT('',(124.475198,113.870833,0.));
#1537 = VECTOR('',#1538,1.);
#1538 = DIRECTION('',(0.,-1.,0.));
#1539 = ORIENTED_EDGE('',*,*,#1540,.T.);
#1540 = EDGE_CURVE('',#1533,#1541,#1543,.T.);
#1541 = VERTEX_POINT('',#1542);
#1542 = CARTESIAN_POINT('',(124.475198,113.870833,17.78));
#1543 = LINE('',#1544,#1545);
#1544 = CARTESIAN_POINT('',(124.475198,113.870833,5.08));
#1545 = VECTOR('',#1546,1.);
#1546 = DIRECTION('',(0.,0.,1.));
#1547 = ORIENTED_EDGE('',*,*,#1548,.T.);
#1548 = EDGE_CURVE('',#1541,#1485,#1549,.T.);
#1549 = LINE('',#1550,#1551);
#1550 = CARTESIAN_POINT('',(124.475198,113.870833,17.78));
#1551 = VECTOR('',#1552,1.);
#1552 = DIRECTION('',(0.,1.,0.));
#1553 = PLANE('',#1554);
#1554 = AXIS2_PLACEMENT_3D('',#1555,#1556,#1557);
#1555 = CARTESIAN_POINT('',(124.475198,95.752322833641,28.064348356801)
  );
#1556 = DIRECTION('',(1.,6.7E-16,-3.3E-16));
#1557 = DIRECTION('',(-6.7E-16,1.,0.));
#1558 = ADVANCED_FACE('',(#1559),#1645,.T.);
#1559 = FACE_BOUND('',#1560,.T.);
#1560 = EDGE_LOOP('',(#1561,#1569,#1570,#1571,#1572,#1580,#1588,#1596,
    #1604,#1613,#1622,#1631,#1639));
#1561 = ORIENTED_EDGE('',*,*,#1562,.T.);
#1562 = EDGE_CURVE('',#1563,#1459,#1565,.T.);
#1563 = VERTEX_POINT('',#1564);
#1564 = CARTESIAN_POINT('',(153.685198,87.708833,54.102));
#1565 = LINE('',#1566,#1567);
#1566 = CARTESIAN_POINT('',(153.685198,87.708833,54.102));
#1567 = VECTOR('',#1568,1.);
#1568 = DIRECTION('',(0.,-1.474E-14,-1.));
#1569 = ORIENTED_EDGE('',*,*,#1458,.F.);
#1570 = ORIENTED_EDGE('',*,*,#1365,.T.);
#1571 = ORIENTED_EDGE('',*,*,#1500,.T.);
#1572 = ORIENTED_EDGE('',*,*,#1573,.F.);
#1573 = EDGE_CURVE('',#1574,#1493,#1576,.T.);
#1574 = VERTEX_POINT('',#1575);
#1575 = CARTESIAN_POINT('',(115.585198,87.708833,25.4));
#1576 = LINE('',#1577,#1578);
#1577 = CARTESIAN_POINT('',(123.55683573312,87.708833,25.4));
#1578 = VECTOR('',#1579,1.);
#1579 = DIRECTION('',(1.,0.,0.));
#1580 = ORIENTED_EDGE('',*,*,#1581,.T.);
#1581 = EDGE_CURVE('',#1574,#1582,#1584,.T.);
#1582 = VERTEX_POINT('',#1583);
#1583 = CARTESIAN_POINT('',(115.585198,87.708833,54.102));
#1584 = LINE('',#1585,#1586);
#1585 = CARTESIAN_POINT('',(115.585198,87.708833,41.05192825));
#1586 = VECTOR('',#1587,1.);
#1587 = DIRECTION('',(0.,0.,1.));
#1588 = ORIENTED_EDGE('',*,*,#1589,.F.);
#1589 = EDGE_CURVE('',#1590,#1582,#1592,.T.);
#1590 = VERTEX_POINT('',#1591);
#1591 = CARTESIAN_POINT('',(127.650198,87.708833,54.102));
#1592 = LINE('',#1593,#1594);
#1593 = CARTESIAN_POINT('',(153.685198,87.708833,54.102));
#1594 = VECTOR('',#1595,1.);
#1595 = DIRECTION('',(-1.,-0.,-0.));
#1596 = ORIENTED_EDGE('',*,*,#1597,.T.);
#1597 = EDGE_CURVE('',#1590,#1598,#1600,.T.);
#1598 = VERTEX_POINT('',#1599);
#1599 = CARTESIAN_POINT('',(127.650198,87.708833,64.274076266438));
#1600 = LINE('',#1601,#1602);
#1601 = CARTESIAN_POINT('',(127.650198,87.708833,54.57742825));
#1602 = VECTOR('',#1603,1.);
#1603 = DIRECTION('',(0.,0.,1.));
#1604 = ORIENTED_EDGE('',*,*,#1605,.F.);
#1605 = EDGE_CURVE('',#1606,#1598,#1608,.T.);
#1606 = VERTEX_POINT('',#1607);
#1607 = CARTESIAN_POINT('',(128.51812000958,87.708833,64.512094612232));
#1608 = CIRCLE('',#1609,0.466598);
#1609 = AXIS2_PLACEMENT_3D('',#1610,#1611,#1612);
#1610 = CARTESIAN_POINT('',(128.116796,87.708833,64.274076266438));
#1611 = DIRECTION('',(-1.232595164408E-32,-1.,2.2E-16));
#1612 = DIRECTION('',(0.86010657908,1.122251618622E-16,0.510114372101));
#1613 = ORIENTED_EDGE('',*,*,#1614,.F.);
#1614 = EDGE_CURVE('',#1615,#1606,#1617,.T.);
#1615 = VERTEX_POINT('',#1616);
#1616 = CARTESIAN_POINT('',(140.75227599041,87.708833,64.512094612232));
#1617 = CIRCLE('',#1618,7.112);
#1618 = AXIS2_PLACEMENT_3D('',#1619,#1620,#1621);
#1619 = CARTESIAN_POINT('',(134.635198,87.708833,68.140028026613));
#1620 = DIRECTION('',(0.,1.,-2.2E-16));
#1621 = DIRECTION('',(-1.,0.,0.));
#1622 = ORIENTED_EDGE('',*,*,#1623,.F.);
#1623 = EDGE_CURVE('',#1624,#1615,#1626,.T.);
#1624 = VERTEX_POINT('',#1625);
#1625 = CARTESIAN_POINT('',(141.620198,87.708833,64.274076266438));
#1626 = CIRCLE('',#1627,0.466598);
#1627 = AXIS2_PLACEMENT_3D('',#1628,#1629,#1630);
#1628 = CARTESIAN_POINT('',(141.1536,87.708833,64.274076266438));
#1629 = DIRECTION('',(0.,-1.,2.2E-16));
#1630 = DIRECTION('',(1.,0.,0.));
#1631 = ORIENTED_EDGE('',*,*,#1632,.F.);
#1632 = EDGE_CURVE('',#1633,#1624,#1635,.T.);
#1633 = VERTEX_POINT('',#1634);
#1634 = CARTESIAN_POINT('',(141.620198,87.708833,54.102));
#1635 = LINE('',#1636,#1637);
#1636 = CARTESIAN_POINT('',(141.620198,87.708833,52.804352));
#1637 = VECTOR('',#1638,1.);
#1638 = DIRECTION('',(0.,0.,1.));
#1639 = ORIENTED_EDGE('',*,*,#1640,.F.);
#1640 = EDGE_CURVE('',#1563,#1633,#1641,.T.);
#1641 = LINE('',#1642,#1643);
#1642 = CARTESIAN_POINT('',(153.685198,87.708833,54.102));
#1643 = VECTOR('',#1644,1.);
#1644 = DIRECTION('',(-1.,-0.,-0.));
#1645 = PLANE('',#1646);
#1646 = AXIS2_PLACEMENT_3D('',#1647,#1648,#1649);
#1647 = CARTESIAN_POINT('',(131.08416932353,87.708833,47.011026076259));
#1648 = DIRECTION('',(-9.4E-16,1.,0.));
#1649 = DIRECTION('',(1.,9.4E-16,0.));
#1650 = ADVANCED_FACE('',(#1651),#1662,.T.);
#1651 = FACE_BOUND('',#1652,.T.);
#1652 = EDGE_LOOP('',(#1653,#1654,#1660,#1661));
#1653 = ORIENTED_EDGE('',*,*,#1562,.F.);
#1654 = ORIENTED_EDGE('',*,*,#1655,.T.);
#1655 = EDGE_CURVE('',#1563,#1397,#1656,.T.);
#1656 = LINE('',#1657,#1658);
#1657 = CARTESIAN_POINT('',(153.685198,87.708833,54.102));
#1658 = VECTOR('',#1659,1.);
#1659 = DIRECTION('',(0.,-1.,8.2E-16));
#1660 = ORIENTED_EDGE('',*,*,#1396,.F.);
#1661 = ORIENTED_EDGE('',*,*,#1468,.F.);
#1662 = PLANE('',#1663);
#1663 = AXIS2_PLACEMENT_3D('',#1664,#1665,#1666);
#1664 = CARTESIAN_POINT('',(153.685198,81.327598631766,48.59708093955));
#1665 = DIRECTION('',(1.,0.,0.));
#1666 = DIRECTION('',(0.,0.,1.));
#1667 = ADVANCED_FACE('',(#1668),#1718,.T.);
#1668 = FACE_BOUND('',#1669,.T.);
#1669 = EDGE_LOOP('',(#1670,#1678,#1686,#1694,#1702,#1710,#1716,#1717));
#1670 = ORIENTED_EDGE('',*,*,#1671,.F.);
#1671 = EDGE_CURVE('',#1672,#1429,#1674,.T.);
#1672 = VERTEX_POINT('',#1673);
#1673 = CARTESIAN_POINT('',(115.585198,66.372833,0.));
#1674 = LINE('',#1675,#1676);
#1675 = CARTESIAN_POINT('',(115.585198,66.372833,0.));
#1676 = VECTOR('',#1677,1.);
#1677 = DIRECTION('',(0.,0.,1.));
#1678 = ORIENTED_EDGE('',*,*,#1679,.T.);
#1679 = EDGE_CURVE('',#1672,#1680,#1682,.T.);
#1680 = VERTEX_POINT('',#1681);
#1681 = CARTESIAN_POINT('',(153.685198,66.372833,0.));
#1682 = LINE('',#1683,#1684);
#1683 = CARTESIAN_POINT('',(115.585198,66.372833,0.));
#1684 = VECTOR('',#1685,1.);
#1685 = DIRECTION('',(1.,0.,0.));
#1686 = ORIENTED_EDGE('',*,*,#1687,.F.);
#1687 = EDGE_CURVE('',#1688,#1680,#1690,.T.);
#1688 = VERTEX_POINT('',#1689);
#1689 = CARTESIAN_POINT('',(153.685198,66.372833,28.503535));
#1690 = LINE('',#1691,#1692);
#1691 = CARTESIAN_POINT('',(153.685198,66.372833,22.500095830206));
#1692 = VECTOR('',#1693,1.);
#1693 = DIRECTION('',(0.,0.,-1.));
#1694 = ORIENTED_EDGE('',*,*,#1695,.F.);
#1695 = EDGE_CURVE('',#1696,#1688,#1698,.T.);
#1696 = VERTEX_POINT('',#1697);
#1697 = CARTESIAN_POINT('',(144.033198,66.372833,28.503535));
#1698 = LINE('',#1699,#1700);
#1699 = CARTESIAN_POINT('',(124.475198,66.372833,28.503535));
#1700 = VECTOR('',#1701,1.);
#1701 = DIRECTION('',(1.,0.,0.));
#1702 = ORIENTED_EDGE('',*,*,#1703,.T.);
#1703 = EDGE_CURVE('',#1696,#1704,#1706,.T.);
#1704 = VERTEX_POINT('',#1705);
#1705 = CARTESIAN_POINT('',(144.033198,66.372833,17.78));
#1706 = LINE('',#1707,#1708);
#1707 = CARTESIAN_POINT('',(144.033198,66.372833,28.503535));
#1708 = VECTOR('',#1709,1.);
#1709 = DIRECTION('',(0.,0.,-1.));
#1710 = ORIENTED_EDGE('',*,*,#1711,.F.);
#1711 = EDGE_CURVE('',#1509,#1704,#1712,.T.);
#1712 = LINE('',#1713,#1714);
#1713 = CARTESIAN_POINT('',(124.475198,66.372833,17.78));
#1714 = VECTOR('',#1715,1.);
#1715 = DIRECTION('',(1.,0.,0.));
#1716 = ORIENTED_EDGE('',*,*,#1508,.F.);
#1717 = ORIENTED_EDGE('',*,*,#1436,.T.);
#1718 = PLANE('',#1719);
#1719 = AXIS2_PLACEMENT_3D('',#1720,#1721,#1722);
#1720 = CARTESIAN_POINT('',(130.58034472865,66.372833,22.99614672865));
#1721 = DIRECTION('',(6.E-16,-1.,2.5E-16));
#1722 = DIRECTION('',(-1.,-6.E-16,0.));
#1723 = ADVANCED_FACE('',(#1724),#1735,.T.);
#1724 = FACE_BOUND('',#1725,.T.);
#1725 = EDGE_LOOP('',(#1726,#1727,#1728,#1734));
#1726 = ORIENTED_EDGE('',*,*,#1655,.F.);
#1727 = ORIENTED_EDGE('',*,*,#1640,.T.);
#1728 = ORIENTED_EDGE('',*,*,#1729,.T.);
#1729 = EDGE_CURVE('',#1633,#1405,#1730,.T.);
#1730 = LINE('',#1731,#1732);
#1731 = CARTESIAN_POINT('',(141.620198,129.872833,54.102));
#1732 = VECTOR('',#1733,1.);
#1733 = DIRECTION('',(0.,-1.,2.2E-16));
#1734 = ORIENTED_EDGE('',*,*,#1404,.F.);
#1735 = PLANE('',#1736);
#1736 = AXIS2_PLACEMENT_3D('',#1737,#1738,#1739);
#1737 = CARTESIAN_POINT('',(153.685198,87.708833,54.102));
#1738 = DIRECTION('',(0.,8.2E-16,1.));
#1739 = DIRECTION('',(0.,-1.,8.2E-16));
#1740 = ADVANCED_FACE('',(#1741),#1790,.T.);
#1741 = FACE_BOUND('',#1742,.T.);
#1742 = EDGE_LOOP('',(#1743,#1753,#1759,#1760,#1761,#1767,#1768,#1776,
    #1784));
#1743 = ORIENTED_EDGE('',*,*,#1744,.F.);
#1744 = EDGE_CURVE('',#1745,#1747,#1749,.T.);
#1745 = VERTEX_POINT('',#1746);
#1746 = CARTESIAN_POINT('',(115.585198,129.872833,0.));
#1747 = VERTEX_POINT('',#1748);
#1748 = CARTESIAN_POINT('',(115.585198,129.872833,54.102));
#1749 = LINE('',#1750,#1751);
#1750 = CARTESIAN_POINT('',(115.585198,129.872833,0.));
#1751 = VECTOR('',#1752,1.);
#1752 = DIRECTION('',(0.,0.,1.));
#1753 = ORIENTED_EDGE('',*,*,#1754,.T.);
#1754 = EDGE_CURVE('',#1745,#1672,#1755,.T.);
#1755 = LINE('',#1756,#1757);
#1756 = CARTESIAN_POINT('',(115.585198,129.872833,0.));
#1757 = VECTOR('',#1758,1.);
#1758 = DIRECTION('',(0.,-1.,0.));
#1759 = ORIENTED_EDGE('',*,*,#1671,.T.);
#1760 = ORIENTED_EDGE('',*,*,#1428,.T.);
#1761 = ORIENTED_EDGE('',*,*,#1762,.F.);
#1762 = EDGE_CURVE('',#1582,#1421,#1763,.T.);
#1763 = LINE('',#1764,#1765);
#1764 = CARTESIAN_POINT('',(115.585198,129.872833,54.102));
#1765 = VECTOR('',#1766,1.);
#1766 = DIRECTION('',(0.,-1.,0.));
#1767 = ORIENTED_EDGE('',*,*,#1581,.F.);
#1768 = ORIENTED_EDGE('',*,*,#1769,.F.);
#1769 = EDGE_CURVE('',#1770,#1574,#1772,.T.);
#1770 = VERTEX_POINT('',#1771);
#1771 = CARTESIAN_POINT('',(115.585198,120.855833,25.4));
#1772 = LINE('',#1773,#1774);
#1773 = CARTESIAN_POINT('',(115.585198,95.720303337805,25.4));
#1774 = VECTOR('',#1775,1.);
#1775 = DIRECTION('',(0.,-1.,0.));
#1776 = ORIENTED_EDGE('',*,*,#1777,.F.);
#1777 = EDGE_CURVE('',#1778,#1770,#1780,.T.);
#1778 = VERTEX_POINT('',#1779);
#1779 = CARTESIAN_POINT('',(115.585198,120.855833,54.102));
#1780 = LINE('',#1781,#1782);
#1781 = CARTESIAN_POINT('',(115.585198,120.855833,42.05255));
#1782 = VECTOR('',#1783,1.);
#1783 = DIRECTION('',(0.,0.,-1.));
#1784 = ORIENTED_EDGE('',*,*,#1785,.F.);
#1785 = EDGE_CURVE('',#1747,#1778,#1786,.T.);
#1786 = LINE('',#1787,#1788);
#1787 = CARTESIAN_POINT('',(115.585198,129.872833,54.102));
#1788 = VECTOR('',#1789,1.);
#1789 = DIRECTION('',(0.,-1.,0.));
#1790 = PLANE('',#1791);
#1791 = AXIS2_PLACEMENT_3D('',#1792,#1793,#1794);
#1792 = CARTESIAN_POINT('',(115.585198,98.122833,27.051));
#1793 = DIRECTION('',(-1.,-0.,-0.));
#1794 = DIRECTION('',(0.,0.,-1.));
#1795 = ADVANCED_FACE('',(#1796),#1840,.F.);
#1796 = FACE_BOUND('',#1797,.F.);
#1797 = EDGE_LOOP('',(#1798,#1806,#1807,#1815,#1824,#1833));
#1798 = ORIENTED_EDGE('',*,*,#1799,.F.);
#1799 = EDGE_CURVE('',#1405,#1800,#1802,.T.);
#1800 = VERTEX_POINT('',#1801);
#1801 = CARTESIAN_POINT('',(141.620198,79.072833,64.274076266438));
#1802 = LINE('',#1803,#1804);
#1803 = CARTESIAN_POINT('',(141.620198,79.072833,54.102));
#1804 = VECTOR('',#1805,1.);
#1805 = DIRECTION('',(0.,0.,1.));
#1806 = ORIENTED_EDGE('',*,*,#1412,.F.);
#1807 = ORIENTED_EDGE('',*,*,#1808,.T.);
#1808 = EDGE_CURVE('',#1413,#1809,#1811,.T.);
#1809 = VERTEX_POINT('',#1810);
#1810 = CARTESIAN_POINT('',(127.650198,79.072833,64.274076266438));
#1811 = LINE('',#1812,#1813);
#1812 = CARTESIAN_POINT('',(127.650198,79.072833,54.102));
#1813 = VECTOR('',#1814,1.);
#1814 = DIRECTION('',(0.,0.,1.));
#1815 = ORIENTED_EDGE('',*,*,#1816,.F.);
#1816 = EDGE_CURVE('',#1817,#1809,#1819,.T.);
#1817 = VERTEX_POINT('',#1818);
#1818 = CARTESIAN_POINT('',(128.51812000958,79.072833,64.512094612232));
#1819 = CIRCLE('',#1820,0.466598);
#1820 = AXIS2_PLACEMENT_3D('',#1821,#1822,#1823);
#1821 = CARTESIAN_POINT('',(128.116796,79.072833,64.274076266438));
#1822 = DIRECTION('',(0.,-1.,2.2E-16));
#1823 = DIRECTION('',(0.,-2.2E-16,-1.));
#1824 = ORIENTED_EDGE('',*,*,#1825,.F.);
#1825 = EDGE_CURVE('',#1826,#1817,#1828,.T.);
#1826 = VERTEX_POINT('',#1827);
#1827 = CARTESIAN_POINT('',(140.75227599041,79.072833,64.512094612232));
#1828 = CIRCLE('',#1829,7.112);
#1829 = AXIS2_PLACEMENT_3D('',#1830,#1831,#1832);
#1830 = CARTESIAN_POINT('',(134.635198,79.072833,68.140028026613));
#1831 = DIRECTION('',(0.,1.,-0.));
#1832 = DIRECTION('',(-1.,0.,0.));
#1833 = ORIENTED_EDGE('',*,*,#1834,.F.);
#1834 = EDGE_CURVE('',#1800,#1826,#1835,.T.);
#1835 = CIRCLE('',#1836,0.466598);
#1836 = AXIS2_PLACEMENT_3D('',#1837,#1838,#1839);
#1837 = CARTESIAN_POINT('',(141.1536,79.072833,64.274076266438));
#1838 = DIRECTION('',(0.,-1.,2.2E-16));
#1839 = DIRECTION('',(0.,-2.2E-16,-1.));
#1840 = PLANE('',#1841);
#1841 = AXIS2_PLACEMENT_3D('',#1842,#1843,#1844);
#1842 = CARTESIAN_POINT('',(134.635198,79.072833,59.904791437547));
#1843 = DIRECTION('',(0.,1.,-2.02E-15));
#1844 = DIRECTION('',(0.,2.02E-15,1.));
#1845 = ADVANCED_FACE('',(#1846),#1857,.T.);
#1846 = FACE_BOUND('',#1847,.T.);
#1847 = EDGE_LOOP('',(#1848,#1849,#1850,#1856));
#1848 = ORIENTED_EDGE('',*,*,#1762,.T.);
#1849 = ORIENTED_EDGE('',*,*,#1420,.F.);
#1850 = ORIENTED_EDGE('',*,*,#1851,.F.);
#1851 = EDGE_CURVE('',#1590,#1413,#1852,.T.);
#1852 = LINE('',#1853,#1854);
#1853 = CARTESIAN_POINT('',(127.650198,129.872833,54.102));
#1854 = VECTOR('',#1855,1.);
#1855 = DIRECTION('',(0.,-1.,2.2E-16));
#1856 = ORIENTED_EDGE('',*,*,#1589,.T.);
#1857 = PLANE('',#1858);
#1858 = AXIS2_PLACEMENT_3D('',#1859,#1860,#1861);
#1859 = CARTESIAN_POINT('',(121.617698,83.390833,54.102));
#1860 = DIRECTION('',(5.4E-16,1.05E-15,1.));
#1861 = DIRECTION('',(0.,1.,-1.05E-15));
#1862 = ADVANCED_FACE('',(#1863),#1962,.T.);
#1863 = FACE_BOUND('',#1864,.T.);
#1864 = EDGE_LOOP('',(#1865,#1876,#1885,#1894,#1902,#1908,#1909,#1915,
    #1916,#1924,#1932,#1940,#1948,#1956));
#1865 = ORIENTED_EDGE('',*,*,#1866,.T.);
#1866 = EDGE_CURVE('',#1867,#1869,#1871,.T.);
#1867 = VERTEX_POINT('',#1868);
#1868 = CARTESIAN_POINT('',(141.620198,120.855833,64.274076266438));
#1869 = VERTEX_POINT('',#1870);
#1870 = CARTESIAN_POINT('',(140.75227599041,120.855833,64.512094612232)
  );
#1871 = CIRCLE('',#1872,0.466598);
#1872 = AXIS2_PLACEMENT_3D('',#1873,#1874,#1875);
#1873 = CARTESIAN_POINT('',(141.1536,120.855833,64.274076266438));
#1874 = DIRECTION('',(0.,-1.,2.2E-16));
#1875 = DIRECTION('',(1.,0.,0.));
#1876 = ORIENTED_EDGE('',*,*,#1877,.T.);
#1877 = EDGE_CURVE('',#1869,#1878,#1880,.T.);
#1878 = VERTEX_POINT('',#1879);
#1879 = CARTESIAN_POINT('',(128.51812000958,120.855833,64.512094612232)
  );
#1880 = CIRCLE('',#1881,7.112);
#1881 = AXIS2_PLACEMENT_3D('',#1882,#1883,#1884);
#1882 = CARTESIAN_POINT('',(134.635198,120.855833,68.140028026613));
#1883 = DIRECTION('',(0.,1.,-2.2E-16));
#1884 = DIRECTION('',(-1.,0.,0.));
#1885 = ORIENTED_EDGE('',*,*,#1886,.T.);
#1886 = EDGE_CURVE('',#1878,#1887,#1889,.T.);
#1887 = VERTEX_POINT('',#1888);
#1888 = CARTESIAN_POINT('',(127.650198,120.855833,64.274076266438));
#1889 = CIRCLE('',#1890,0.466598);
#1890 = AXIS2_PLACEMENT_3D('',#1891,#1892,#1893);
#1891 = CARTESIAN_POINT('',(128.116796,120.855833,64.274076266438));
#1892 = DIRECTION('',(-1.232595164408E-32,-1.,2.2E-16));
#1893 = DIRECTION('',(0.86010657908,1.122251618622E-16,0.510114372101));
#1894 = ORIENTED_EDGE('',*,*,#1895,.T.);
#1895 = EDGE_CURVE('',#1887,#1896,#1898,.T.);
#1896 = VERTEX_POINT('',#1897);
#1897 = CARTESIAN_POINT('',(127.650198,120.85583299999,54.102));
#1898 = LINE('',#1899,#1900);
#1899 = CARTESIAN_POINT('',(127.650198,120.855833,54.57742825));
#1900 = VECTOR('',#1901,1.);
#1901 = DIRECTION('',(0.,0.,-1.));
#1902 = ORIENTED_EDGE('',*,*,#1903,.T.);
#1903 = EDGE_CURVE('',#1896,#1778,#1904,.T.);
#1904 = LINE('',#1905,#1906);
#1905 = CARTESIAN_POINT('',(106.52995497109,120.855833,54.102));
#1906 = VECTOR('',#1907,1.);
#1907 = DIRECTION('',(-1.,0.,-2.5E-16));
#1908 = ORIENTED_EDGE('',*,*,#1777,.T.);
#1909 = ORIENTED_EDGE('',*,*,#1910,.T.);
#1910 = EDGE_CURVE('',#1770,#1483,#1911,.T.);
#1911 = LINE('',#1912,#1913);
#1912 = CARTESIAN_POINT('',(123.55683573312,120.855833,25.4));
#1913 = VECTOR('',#1914,1.);
#1914 = DIRECTION('',(1.,0.,0.));
#1915 = ORIENTED_EDGE('',*,*,#1482,.T.);
#1916 = ORIENTED_EDGE('',*,*,#1917,.F.);
#1917 = EDGE_CURVE('',#1918,#1485,#1920,.T.);
#1918 = VERTEX_POINT('',#1919);
#1919 = CARTESIAN_POINT('',(144.033198,120.85583299999,17.78));
#1920 = LINE('',#1921,#1922);
#1921 = CARTESIAN_POINT('',(144.033198,120.85583299999,17.78));
#1922 = VECTOR('',#1923,1.);
#1923 = DIRECTION('',(-1.,0.,0.));
#1924 = ORIENTED_EDGE('',*,*,#1925,.F.);
#1925 = EDGE_CURVE('',#1926,#1918,#1928,.T.);
#1926 = VERTEX_POINT('',#1927);
#1927 = CARTESIAN_POINT('',(144.033198,120.85583299999,27.94));
#1928 = LINE('',#1929,#1930);
#1929 = CARTESIAN_POINT('',(144.033198,120.85583299999,22.86));
#1930 = VECTOR('',#1931,1.);
#1931 = DIRECTION('',(-0.,-0.,-1.));
#1932 = ORIENTED_EDGE('',*,*,#1933,.F.);
#1933 = EDGE_CURVE('',#1934,#1926,#1936,.T.);
#1934 = VERTEX_POINT('',#1935);
#1935 = CARTESIAN_POINT('',(153.685198,120.85583299999,27.94));
#1936 = LINE('',#1937,#1938);
#1937 = CARTESIAN_POINT('',(143.969698,120.85583299999,27.94));
#1938 = VECTOR('',#1939,1.);
#1939 = DIRECTION('',(-1.,5.415E-14,0.));
#1940 = ORIENTED_EDGE('',*,*,#1941,.F.);
#1941 = EDGE_CURVE('',#1942,#1934,#1944,.T.);
#1942 = VERTEX_POINT('',#1943);
#1943 = CARTESIAN_POINT('',(153.685198,120.85583299999,54.102));
#1944 = LINE('',#1945,#1946);
#1945 = CARTESIAN_POINT('',(153.685198,120.85583299999,38.481));
#1946 = VECTOR('',#1947,1.);
#1947 = DIRECTION('',(0.,0.,-1.));
#1948 = ORIENTED_EDGE('',*,*,#1949,.T.);
#1949 = EDGE_CURVE('',#1942,#1950,#1952,.T.);
#1950 = VERTEX_POINT('',#1951);
#1951 = CARTESIAN_POINT('',(141.620198,120.85583299999,54.102));
#1952 = LINE('',#1953,#1954);
#1953 = CARTESIAN_POINT('',(143.969698,120.85583299999,54.102));
#1954 = VECTOR('',#1955,1.);
#1955 = DIRECTION('',(-1.,5.415E-14,0.));
#1956 = ORIENTED_EDGE('',*,*,#1957,.F.);
#1957 = EDGE_CURVE('',#1867,#1950,#1958,.T.);
#1958 = LINE('',#1959,#1960);
#1959 = CARTESIAN_POINT('',(141.620198,120.855833,54.102));
#1960 = VECTOR('',#1961,1.);
#1961 = DIRECTION('',(0.,0.,-1.));
#1962 = PLANE('',#1963);
#1963 = AXIS2_PLACEMENT_3D('',#1964,#1965,#1966);
#1964 = CARTESIAN_POINT('',(134.45891707484,120.85583299999,
    40.798477567234));
#1965 = DIRECTION('',(-1.6878E-13,-1.,8.885E-14));
#1966 = DIRECTION('',(-1.,1.6878E-13,0.));
#1967 = ADVANCED_FACE('',(#1968),#1986,.T.);
#1968 = FACE_BOUND('',#1969,.T.);
#1969 = EDGE_LOOP('',(#1970,#1971,#1972,#1980));
#1970 = ORIENTED_EDGE('',*,*,#1917,.T.);
#1971 = ORIENTED_EDGE('',*,*,#1548,.F.);
#1972 = ORIENTED_EDGE('',*,*,#1973,.T.);
#1973 = EDGE_CURVE('',#1541,#1974,#1976,.T.);
#1974 = VERTEX_POINT('',#1975);
#1975 = CARTESIAN_POINT('',(144.033198,113.870833,17.78));
#1976 = LINE('',#1977,#1978);
#1977 = CARTESIAN_POINT('',(136.1591865,113.870833,17.78));
#1978 = VECTOR('',#1979,1.);
#1979 = DIRECTION('',(1.,0.,0.));
#1980 = ORIENTED_EDGE('',*,*,#1981,.T.);
#1981 = EDGE_CURVE('',#1974,#1918,#1982,.T.);
#1982 = LINE('',#1983,#1984);
#1983 = CARTESIAN_POINT('',(144.033198,113.870833,17.78));
#1984 = VECTOR('',#1985,1.);
#1985 = DIRECTION('',(0.,1.,0.));
#1986 = PLANE('',#1987);
#1987 = AXIS2_PLACEMENT_3D('',#1988,#1989,#1990);
#1988 = CARTESIAN_POINT('',(134.51220598505,117.00710126062,17.78));
#1989 = DIRECTION('',(0.,0.,1.));
#1990 = DIRECTION('',(1.,0.,0.));
#1991 = ADVANCED_FACE('',(#1992),#2042,.T.);
#1992 = FACE_BOUND('',#1993,.T.);
#1993 = EDGE_LOOP('',(#1994,#2004,#2012,#2020,#2026,#2027,#2028,#2036));
#1994 = ORIENTED_EDGE('',*,*,#1995,.F.);
#1995 = EDGE_CURVE('',#1996,#1998,#2000,.T.);
#1996 = VERTEX_POINT('',#1997);
#1997 = CARTESIAN_POINT('',(153.685198,113.870833,17.018));
#1998 = VERTEX_POINT('',#1999);
#1999 = CARTESIAN_POINT('',(130.698198,113.870833,17.018));
#2000 = LINE('',#2001,#2002);
#2001 = CARTESIAN_POINT('',(153.685198,113.870833,17.018));
#2002 = VECTOR('',#2003,1.);
#2003 = DIRECTION('',(-1.,0.,0.));
#2004 = ORIENTED_EDGE('',*,*,#2005,.T.);
#2005 = EDGE_CURVE('',#1996,#2006,#2008,.T.);
#2006 = VERTEX_POINT('',#2007);
#2007 = CARTESIAN_POINT('',(153.685198,113.870833,27.94));
#2008 = LINE('',#2009,#2010);
#2009 = CARTESIAN_POINT('',(153.685198,113.870833,5.08));
#2010 = VECTOR('',#2011,1.);
#2011 = DIRECTION('',(0.,0.,1.));
#2012 = ORIENTED_EDGE('',*,*,#2013,.T.);
#2013 = EDGE_CURVE('',#2006,#2014,#2016,.T.);
#2014 = VERTEX_POINT('',#2015);
#2015 = CARTESIAN_POINT('',(144.033198,113.870833,27.94));
#2016 = LINE('',#2017,#2018);
#2017 = CARTESIAN_POINT('',(153.685198,113.870833,27.94));
#2018 = VECTOR('',#2019,1.);
#2019 = DIRECTION('',(-1.,-0.,-0.));
#2020 = ORIENTED_EDGE('',*,*,#2021,.F.);
#2021 = EDGE_CURVE('',#1974,#2014,#2022,.T.);
#2022 = LINE('',#2023,#2024);
#2023 = CARTESIAN_POINT('',(144.033198,113.870833,25.4));
#2024 = VECTOR('',#2025,1.);
#2025 = DIRECTION('',(0.,0.,1.));
#2026 = ORIENTED_EDGE('',*,*,#1973,.F.);
#2027 = ORIENTED_EDGE('',*,*,#1540,.F.);
#2028 = ORIENTED_EDGE('',*,*,#2029,.F.);
#2029 = EDGE_CURVE('',#2030,#1533,#2032,.T.);
#2030 = VERTEX_POINT('',#2031);
#2031 = CARTESIAN_POINT('',(130.698198,113.870833,0.));
#2032 = LINE('',#2033,#2034);
#2033 = CARTESIAN_POINT('',(144.795198,113.870833,0.));
#2034 = VECTOR('',#2035,1.);
#2035 = DIRECTION('',(-1.,0.,0.));
#2036 = ORIENTED_EDGE('',*,*,#2037,.F.);
#2037 = EDGE_CURVE('',#1998,#2030,#2038,.T.);
#2038 = LINE('',#2039,#2040);
#2039 = CARTESIAN_POINT('',(130.698198,113.870833,17.018));
#2040 = VECTOR('',#2041,1.);
#2041 = DIRECTION('',(0.,0.,-1.));
#2042 = PLANE('',#2043);
#2043 = AXIS2_PLACEMENT_3D('',#2044,#2045,#2046);
#2044 = CARTESIAN_POINT('',(137.396178,113.870833,15.65402));
#2045 = DIRECTION('',(0.,-1.,4.E-16));
#2046 = DIRECTION('',(0.,-4.E-16,-1.));
#2047 = ADVANCED_FACE('',(#2048,#2066),#2116,.T.);
#2048 = FACE_BOUND('',#2049,.T.);
#2049 = EDGE_LOOP('',(#2050,#2051,#2059,#2065));
#2050 = ORIENTED_EDGE('',*,*,#1754,.F.);
#2051 = ORIENTED_EDGE('',*,*,#2052,.F.);
#2052 = EDGE_CURVE('',#2053,#1745,#2055,.T.);
#2053 = VERTEX_POINT('',#2054);
#2054 = CARTESIAN_POINT('',(153.685198,129.872833,0.));
#2055 = LINE('',#2056,#2057);
#2056 = CARTESIAN_POINT('',(153.685198,129.872833,0.));
#2057 = VECTOR('',#2058,1.);
#2058 = DIRECTION('',(-1.,0.,0.));
#2059 = ORIENTED_EDGE('',*,*,#2060,.F.);
#2060 = EDGE_CURVE('',#1680,#2053,#2061,.T.);
#2061 = LINE('',#2062,#2063);
#2062 = CARTESIAN_POINT('',(153.685198,66.372833,0.));
#2063 = VECTOR('',#2064,1.);
#2064 = DIRECTION('',(0.,1.,0.));
#2065 = ORIENTED_EDGE('',*,*,#1679,.F.);
#2066 = FACE_BOUND('',#2067,.T.);
#2067 = EDGE_LOOP('',(#2068,#2069,#2077,#2085,#2093,#2101,#2109,#2115));
#2068 = ORIENTED_EDGE('',*,*,#1532,.T.);
#2069 = ORIENTED_EDGE('',*,*,#2070,.T.);
#2070 = EDGE_CURVE('',#1525,#2071,#2073,.T.);
#2071 = VERTEX_POINT('',#2072);
#2072 = CARTESIAN_POINT('',(144.795198,73.230833,0.));
#2073 = LINE('',#2074,#2075);
#2074 = CARTESIAN_POINT('',(124.475198,73.230833,0.));
#2075 = VECTOR('',#2076,1.);
#2076 = DIRECTION('',(1.,0.,0.));
#2077 = ORIENTED_EDGE('',*,*,#2078,.T.);
#2078 = EDGE_CURVE('',#2071,#2079,#2081,.T.);
#2079 = VERTEX_POINT('',#2080);
#2080 = CARTESIAN_POINT('',(144.795198,113.870833,0.));
#2081 = LINE('',#2082,#2083);
#2082 = CARTESIAN_POINT('',(144.795198,73.230833,0.));
#2083 = VECTOR('',#2084,1.);
#2084 = DIRECTION('',(0.,1.,0.));
#2085 = ORIENTED_EDGE('',*,*,#2086,.T.);
#2086 = EDGE_CURVE('',#2079,#2087,#2089,.T.);
#2087 = VERTEX_POINT('',#2088);
#2088 = CARTESIAN_POINT('',(138.572198,113.870833,0.));
#2089 = LINE('',#2090,#2091);
#2090 = CARTESIAN_POINT('',(144.795198,113.870833,0.));
#2091 = VECTOR('',#2092,1.);
#2092 = DIRECTION('',(-1.,0.,0.));
#2093 = ORIENTED_EDGE('',*,*,#2094,.T.);
#2094 = EDGE_CURVE('',#2087,#2095,#2097,.T.);
#2095 = VERTEX_POINT('',#2096);
#2096 = CARTESIAN_POINT('',(138.572198,125.554833,-3.E-15));
#2097 = LINE('',#2098,#2099);
#2098 = CARTESIAN_POINT('',(138.572198,113.870833,0.));
#2099 = VECTOR('',#2100,1.);
#2100 = DIRECTION('',(0.,1.,-2.2E-16));
#2101 = ORIENTED_EDGE('',*,*,#2102,.F.);
#2102 = EDGE_CURVE('',#2103,#2095,#2105,.T.);
#2103 = VERTEX_POINT('',#2104);
#2104 = CARTESIAN_POINT('',(130.698198,125.554833,-3.E-15));
#2105 = LINE('',#2106,#2107);
#2106 = CARTESIAN_POINT('',(130.698198,125.554833,-3.E-15));
#2107 = VECTOR('',#2108,1.);
#2108 = DIRECTION('',(1.,0.,0.));
#2109 = ORIENTED_EDGE('',*,*,#2110,.F.);
#2110 = EDGE_CURVE('',#2030,#2103,#2111,.T.);
#2111 = LINE('',#2112,#2113);
#2112 = CARTESIAN_POINT('',(130.698198,113.870833,0.));
#2113 = VECTOR('',#2114,1.);
#2114 = DIRECTION('',(0.,1.,-2.2E-16));
#2115 = ORIENTED_EDGE('',*,*,#2029,.T.);
#2116 = PLANE('',#2117);
#2117 = AXIS2_PLACEMENT_3D('',#2118,#2119,#2120);
#2118 = CARTESIAN_POINT('',(134.635198,98.122833,0.));
#2119 = DIRECTION('',(-0.,-0.,-1.));
#2120 = DIRECTION('',(-1.,0.,0.));
#2121 = ADVANCED_FACE('',(#2122),#2172,.T.);
#2122 = FACE_BOUND('',#2123,.T.);
#2123 = EDGE_LOOP('',(#2124,#2134,#2142,#2148,#2149,#2150,#2158,#2166));
#2124 = ORIENTED_EDGE('',*,*,#2125,.F.);
#2125 = EDGE_CURVE('',#2126,#2128,#2130,.T.);
#2126 = VERTEX_POINT('',#2127);
#2127 = CARTESIAN_POINT('',(153.685198,73.230833,5.08));
#2128 = VERTEX_POINT('',#2129);
#2129 = CARTESIAN_POINT('',(153.685198,73.230833,28.503535));
#2130 = LINE('',#2131,#2132);
#2131 = CARTESIAN_POINT('',(153.685198,73.230833,5.08));
#2132 = VECTOR('',#2133,1.);
#2133 = DIRECTION('',(0.,0.,1.));
#2134 = ORIENTED_EDGE('',*,*,#2135,.T.);
#2135 = EDGE_CURVE('',#2126,#2136,#2138,.T.);
#2136 = VERTEX_POINT('',#2137);
#2137 = CARTESIAN_POINT('',(144.795198,73.230833,5.08));
#2138 = LINE('',#2139,#2140);
#2139 = CARTESIAN_POINT('',(153.685198,73.230833,5.08));
#2140 = VECTOR('',#2141,1.);
#2141 = DIRECTION('',(-1.,-0.,-0.));
#2142 = ORIENTED_EDGE('',*,*,#2143,.F.);
#2143 = EDGE_CURVE('',#2071,#2136,#2144,.T.);
#2144 = LINE('',#2145,#2146);
#2145 = CARTESIAN_POINT('',(144.795198,73.230833,0.));
#2146 = VECTOR('',#2147,1.);
#2147 = DIRECTION('',(0.,0.,1.));
#2148 = ORIENTED_EDGE('',*,*,#2070,.F.);
#2149 = ORIENTED_EDGE('',*,*,#1524,.T.);
#2150 = ORIENTED_EDGE('',*,*,#2151,.T.);
#2151 = EDGE_CURVE('',#1517,#2152,#2154,.T.);
#2152 = VERTEX_POINT('',#2153);
#2153 = CARTESIAN_POINT('',(144.033198,73.230833,17.78));
#2154 = LINE('',#2155,#2156);
#2155 = CARTESIAN_POINT('',(124.475198,73.230833,17.78));
#2156 = VECTOR('',#2157,1.);
#2157 = DIRECTION('',(1.,0.,0.));
#2158 = ORIENTED_EDGE('',*,*,#2159,.F.);
#2159 = EDGE_CURVE('',#2160,#2152,#2162,.T.);
#2160 = VERTEX_POINT('',#2161);
#2161 = CARTESIAN_POINT('',(144.033198,73.230833,28.503535));
#2162 = LINE('',#2163,#2164);
#2163 = CARTESIAN_POINT('',(144.033198,73.230833,22.86));
#2164 = VECTOR('',#2165,1.);
#2165 = DIRECTION('',(-0.,-0.,-1.));
#2166 = ORIENTED_EDGE('',*,*,#2167,.T.);
#2167 = EDGE_CURVE('',#2160,#2128,#2168,.T.);
#2168 = LINE('',#2169,#2170);
#2169 = CARTESIAN_POINT('',(124.475198,73.230833,28.503535));
#2170 = VECTOR('',#2171,1.);
#2171 = DIRECTION('',(1.,0.,0.));
#2172 = PLANE('',#2173);
#2173 = AXIS2_PLACEMENT_3D('',#2174,#2175,#2176);
#2174 = CARTESIAN_POINT('',(138.688944891,73.230833,14.643020608998));
#2175 = DIRECTION('',(0.,1.,-2.13E-15));
#2176 = DIRECTION('',(0.,2.13E-15,1.));
#2177 = ADVANCED_FACE('',(#2178),#2189,.T.);
#2178 = FACE_BOUND('',#2179,.T.);
#2179 = EDGE_LOOP('',(#2180,#2181,#2187,#2188));
#2180 = ORIENTED_EDGE('',*,*,#1711,.T.);
#2181 = ORIENTED_EDGE('',*,*,#2182,.T.);
#2182 = EDGE_CURVE('',#1704,#2152,#2183,.T.);
#2183 = LINE('',#2184,#2185);
#2184 = CARTESIAN_POINT('',(144.033198,66.372833,17.78));
#2185 = VECTOR('',#2186,1.);
#2186 = DIRECTION('',(0.,1.,0.));
#2187 = ORIENTED_EDGE('',*,*,#2151,.F.);
#2188 = ORIENTED_EDGE('',*,*,#1516,.F.);
#2189 = PLANE('',#2190);
#2190 = AXIS2_PLACEMENT_3D('',#2191,#2192,#2193);
#2191 = CARTESIAN_POINT('',(124.475198,66.372833,17.78));
#2192 = DIRECTION('',(0.,0.,1.));
#2193 = DIRECTION('',(0.,1.,0.));
#2194 = ADVANCED_FACE('',(#2195),#2201,.T.);
#2195 = FACE_BOUND('',#2196,.T.);
#2196 = EDGE_LOOP('',(#2197,#2198,#2199,#2200));
#2197 = ORIENTED_EDGE('',*,*,#1492,.T.);
#2198 = ORIENTED_EDGE('',*,*,#1910,.F.);
#2199 = ORIENTED_EDGE('',*,*,#1769,.T.);
#2200 = ORIENTED_EDGE('',*,*,#1573,.T.);
#2201 = PLANE('',#2202);
#2202 = AXIS2_PLACEMENT_3D('',#2203,#2204,#2205);
#2203 = CARTESIAN_POINT('',(120.030198,104.282333,25.4));
#2204 = DIRECTION('',(0.,0.,1.));
#2205 = DIRECTION('',(1.,0.,0.));
#2206 = ADVANCED_FACE('',(#2207,#2218),#2229,.F.);
#2207 = FACE_BOUND('',#2208,.F.);
#2208 = EDGE_LOOP('',(#2209,#2215,#2216,#2217));
#2209 = ORIENTED_EDGE('',*,*,#2210,.F.);
#2210 = EDGE_CURVE('',#1624,#1800,#2211,.T.);
#2211 = LINE('',#2212,#2213);
#2212 = CARTESIAN_POINT('',(141.620198,129.872833,64.274076266438));
#2213 = VECTOR('',#2214,1.);
#2214 = DIRECTION('',(0.,-1.,2.2E-16));
#2215 = ORIENTED_EDGE('',*,*,#1632,.F.);
#2216 = ORIENTED_EDGE('',*,*,#1729,.T.);
#2217 = ORIENTED_EDGE('',*,*,#1799,.T.);
#2218 = FACE_BOUND('',#2219,.F.);
#2219 = EDGE_LOOP('',(#2220));
#2220 = ORIENTED_EDGE('',*,*,#2221,.F.);
#2221 = EDGE_CURVE('',#2222,#2222,#2224,.T.);
#2222 = VERTEX_POINT('',#2223);
#2223 = CARTESIAN_POINT('',(141.620198,82.628833,57.912));
#2224 = CIRCLE('',#2225,1.778);
#2225 = AXIS2_PLACEMENT_3D('',#2226,#2227,#2228);
#2226 = CARTESIAN_POINT('',(141.620198,84.406833,57.912));
#2227 = DIRECTION('',(-1.,0.,0.));
#2228 = DIRECTION('',(0.,-1.,0.));
#2229 = PLANE('',#2230);
#2230 = AXIS2_PLACEMENT_3D('',#2231,#2232,#2233);
#2231 = CARTESIAN_POINT('',(141.620198,129.872833,54.102));
#2232 = DIRECTION('',(-1.,0.,0.));
#2233 = DIRECTION('',(0.,2.2E-16,1.));
#2234 = ADVANCED_FACE('',(#2235),#2246,.T.);
#2235 = FACE_BOUND('',#2236,.T.);
#2236 = EDGE_LOOP('',(#2237,#2238,#2239,#2245));
#2237 = ORIENTED_EDGE('',*,*,#2210,.F.);
#2238 = ORIENTED_EDGE('',*,*,#1623,.T.);
#2239 = ORIENTED_EDGE('',*,*,#2240,.T.);
#2240 = EDGE_CURVE('',#1615,#1826,#2241,.T.);
#2241 = LINE('',#2242,#2243);
#2242 = CARTESIAN_POINT('',(140.75227599041,129.872833,64.512094612232)
  );
#2243 = VECTOR('',#2244,1.);
#2244 = DIRECTION('',(0.,-1.,2.2E-16));
#2245 = ORIENTED_EDGE('',*,*,#1834,.F.);
#2246 = CYLINDRICAL_SURFACE('',#2247,0.466598);
#2247 = AXIS2_PLACEMENT_3D('',#2248,#2249,#2250);
#2248 = CARTESIAN_POINT('',(141.1536,129.872833,64.274076266438));
#2249 = DIRECTION('',(0.,-1.,2.2E-16));
#2250 = DIRECTION('',(1.,0.,0.));
#2251 = ADVANCED_FACE('',(#2252),#2263,.F.);
#2252 = FACE_BOUND('',#2253,.F.);
#2253 = EDGE_LOOP('',(#2254,#2255,#2256,#2257));
#2254 = ORIENTED_EDGE('',*,*,#1614,.F.);
#2255 = ORIENTED_EDGE('',*,*,#2240,.T.);
#2256 = ORIENTED_EDGE('',*,*,#1825,.T.);
#2257 = ORIENTED_EDGE('',*,*,#2258,.F.);
#2258 = EDGE_CURVE('',#1606,#1817,#2259,.T.);
#2259 = LINE('',#2260,#2261);
#2260 = CARTESIAN_POINT('',(128.51812000958,129.872833,64.512094612232)
  );
#2261 = VECTOR('',#2262,1.);
#2262 = DIRECTION('',(0.,-1.,2.2E-16));
#2263 = CYLINDRICAL_SURFACE('',#2264,7.112);
#2264 = AXIS2_PLACEMENT_3D('',#2265,#2266,#2267);
#2265 = CARTESIAN_POINT('',(134.635198,129.872833,68.140028026613));
#2266 = DIRECTION('',(0.,1.,-2.2E-16));
#2267 = DIRECTION('',(-1.,0.,0.));
#2268 = ADVANCED_FACE('',(#2269),#2280,.T.);
#2269 = FACE_BOUND('',#2270,.T.);
#2270 = EDGE_LOOP('',(#2271,#2272,#2273,#2279));
#2271 = ORIENTED_EDGE('',*,*,#2258,.F.);
#2272 = ORIENTED_EDGE('',*,*,#1605,.T.);
#2273 = ORIENTED_EDGE('',*,*,#2274,.T.);
#2274 = EDGE_CURVE('',#1598,#1809,#2275,.T.);
#2275 = LINE('',#2276,#2277);
#2276 = CARTESIAN_POINT('',(127.650198,129.872833,64.274076266438));
#2277 = VECTOR('',#2278,1.);
#2278 = DIRECTION('',(0.,-1.,2.2E-16));
#2279 = ORIENTED_EDGE('',*,*,#1816,.F.);
#2280 = CYLINDRICAL_SURFACE('',#2281,0.466598);
#2281 = AXIS2_PLACEMENT_3D('',#2282,#2283,#2284);
#2282 = CARTESIAN_POINT('',(128.116796,129.872833,64.274076266438));
#2283 = DIRECTION('',(0.,-1.,2.2E-16));
#2284 = DIRECTION('',(0.86010657908,1.122251618622E-16,0.510114372101));
#2285 = ADVANCED_FACE('',(#2286,#2292),#2303,.T.);
#2286 = FACE_BOUND('',#2287,.T.);
#2287 = EDGE_LOOP('',(#2288,#2289,#2290,#2291));
#2288 = ORIENTED_EDGE('',*,*,#2274,.F.);
#2289 = ORIENTED_EDGE('',*,*,#1597,.F.);
#2290 = ORIENTED_EDGE('',*,*,#1851,.T.);
#2291 = ORIENTED_EDGE('',*,*,#1808,.T.);
#2292 = FACE_BOUND('',#2293,.T.);
#2293 = EDGE_LOOP('',(#2294));
#2294 = ORIENTED_EDGE('',*,*,#2295,.F.);
#2295 = EDGE_CURVE('',#2296,#2296,#2298,.T.);
#2296 = VERTEX_POINT('',#2297);
#2297 = CARTESIAN_POINT('',(127.650198,82.628833,57.912));
#2298 = CIRCLE('',#2299,1.778);
#2299 = AXIS2_PLACEMENT_3D('',#2300,#2301,#2302);
#2300 = CARTESIAN_POINT('',(127.650198,84.406833,57.912));
#2301 = DIRECTION('',(-1.,0.,0.));
#2302 = DIRECTION('',(0.,-1.,0.));
#2303 = PLANE('',#2304);
#2304 = AXIS2_PLACEMENT_3D('',#2305,#2306,#2307);
#2305 = CARTESIAN_POINT('',(127.650198,129.872833,54.102));
#2306 = DIRECTION('',(-1.,0.,0.));
#2307 = DIRECTION('',(0.,2.2E-16,1.));
#2308 = ADVANCED_FACE('',(#2309),#2320,.T.);
#2309 = FACE_BOUND('',#2310,.T.);
#2310 = EDGE_LOOP('',(#2311,#2312,#2318,#2319));
#2311 = ORIENTED_EDGE('',*,*,#1703,.F.);
#2312 = ORIENTED_EDGE('',*,*,#2313,.F.);
#2313 = EDGE_CURVE('',#2160,#1696,#2314,.T.);
#2314 = LINE('',#2315,#2316);
#2315 = CARTESIAN_POINT('',(144.033198,73.230833,28.503535));
#2316 = VECTOR('',#2317,1.);
#2317 = DIRECTION('',(0.,-1.,0.));
#2318 = ORIENTED_EDGE('',*,*,#2159,.T.);
#2319 = ORIENTED_EDGE('',*,*,#2182,.F.);
#2320 = PLANE('',#2321);
#2321 = AXIS2_PLACEMENT_3D('',#2322,#2323,#2324);
#2322 = CARTESIAN_POINT('',(144.033198,69.801833,23.1417675));
#2323 = DIRECTION('',(-1.,-0.,-0.));
#2324 = DIRECTION('',(0.,0.,-1.));
#2325 = ADVANCED_FACE('',(#2326),#2337,.F.);
#2326 = FACE_BOUND('',#2327,.F.);
#2327 = EDGE_LOOP('',(#2328,#2329,#2330,#2336));
#2328 = ORIENTED_EDGE('',*,*,#2313,.F.);
#2329 = ORIENTED_EDGE('',*,*,#2167,.T.);
#2330 = ORIENTED_EDGE('',*,*,#2331,.T.);
#2331 = EDGE_CURVE('',#2128,#1688,#2332,.T.);
#2332 = LINE('',#2333,#2334);
#2333 = CARTESIAN_POINT('',(153.685198,88.460468084428,28.503535));
#2334 = VECTOR('',#2335,1.);
#2335 = DIRECTION('',(0.,-1.,0.));
#2336 = ORIENTED_EDGE('',*,*,#1695,.F.);
#2337 = PLANE('',#2338);
#2338 = AXIS2_PLACEMENT_3D('',#2339,#2340,#2341);
#2339 = CARTESIAN_POINT('',(124.475198,73.230833,28.503535));
#2340 = DIRECTION('',(0.,0.,-1.));
#2341 = DIRECTION('',(0.,-1.,0.));
#2342 = ADVANCED_FACE('',(#2343),#2409,.T.);
#2343 = FACE_BOUND('',#2344,.T.);
#2344 = EDGE_LOOP('',(#2345,#2346,#2354,#2360,#2361,#2367,#2368,#2376,
    #2384,#2392,#2400,#2406,#2407,#2408));
#2345 = ORIENTED_EDGE('',*,*,#2060,.T.);
#2346 = ORIENTED_EDGE('',*,*,#2347,.T.);
#2347 = EDGE_CURVE('',#2053,#2348,#2350,.T.);
#2348 = VERTEX_POINT('',#2349);
#2349 = CARTESIAN_POINT('',(153.685198,129.872833,54.102));
#2350 = LINE('',#2351,#2352);
#2351 = CARTESIAN_POINT('',(153.685198,129.872833,0.));
#2352 = VECTOR('',#2353,1.);
#2353 = DIRECTION('',(0.,0.,1.));
#2354 = ORIENTED_EDGE('',*,*,#2355,.T.);
#2355 = EDGE_CURVE('',#2348,#1942,#2356,.T.);
#2356 = LINE('',#2357,#2358);
#2357 = CARTESIAN_POINT('',(153.685198,120.982833,54.102));
#2358 = VECTOR('',#2359,1.);
#2359 = DIRECTION('',(-0.,-1.,-0.));
#2360 = ORIENTED_EDGE('',*,*,#1941,.T.);
#2361 = ORIENTED_EDGE('',*,*,#2362,.F.);
#2362 = EDGE_CURVE('',#2006,#1934,#2363,.T.);
#2363 = LINE('',#2364,#2365);
#2364 = CARTESIAN_POINT('',(153.685198,113.870833,27.94));
#2365 = VECTOR('',#2366,1.);
#2366 = DIRECTION('',(0.,1.,0.));
#2367 = ORIENTED_EDGE('',*,*,#2005,.F.);
#2368 = ORIENTED_EDGE('',*,*,#2369,.T.);
#2369 = EDGE_CURVE('',#1996,#2370,#2372,.T.);
#2370 = VERTEX_POINT('',#2371);
#2371 = CARTESIAN_POINT('',(153.685198,125.554833,17.018));
#2372 = LINE('',#2373,#2374);
#2373 = CARTESIAN_POINT('',(153.685198,113.870833,17.018));
#2374 = VECTOR('',#2375,1.);
#2375 = DIRECTION('',(0.,1.,-2.2E-16));
#2376 = ORIENTED_EDGE('',*,*,#2377,.F.);
#2377 = EDGE_CURVE('',#2378,#2370,#2380,.T.);
#2378 = VERTEX_POINT('',#2379);
#2379 = CARTESIAN_POINT('',(153.685198,125.554833,9.652));
#2380 = LINE('',#2381,#2382);
#2381 = CARTESIAN_POINT('',(153.685198,125.554833,9.652));
#2382 = VECTOR('',#2383,1.);
#2383 = DIRECTION('',(0.,0.,1.));
#2384 = ORIENTED_EDGE('',*,*,#2385,.F.);
#2385 = EDGE_CURVE('',#2386,#2378,#2388,.T.);
#2386 = VERTEX_POINT('',#2387);
#2387 = CARTESIAN_POINT('',(153.685198,113.870833,9.652));
#2388 = LINE('',#2389,#2390);
#2389 = CARTESIAN_POINT('',(153.685198,113.870833,9.652));
#2390 = VECTOR('',#2391,1.);
#2391 = DIRECTION('',(0.,1.,-2.2E-16));
#2392 = ORIENTED_EDGE('',*,*,#2393,.F.);
#2393 = EDGE_CURVE('',#2394,#2386,#2396,.T.);
#2394 = VERTEX_POINT('',#2395);
#2395 = CARTESIAN_POINT('',(153.685198,113.870833,5.08));
#2396 = LINE('',#2397,#2398);
#2397 = CARTESIAN_POINT('',(153.685198,113.870833,5.08));
#2398 = VECTOR('',#2399,1.);
#2399 = DIRECTION('',(0.,0.,1.));
#2400 = ORIENTED_EDGE('',*,*,#2401,.T.);
#2401 = EDGE_CURVE('',#2394,#2126,#2402,.T.);
#2402 = LINE('',#2403,#2404);
#2403 = CARTESIAN_POINT('',(153.685198,113.870833,5.08));
#2404 = VECTOR('',#2405,1.);
#2405 = DIRECTION('',(0.,-1.,0.));
#2406 = ORIENTED_EDGE('',*,*,#2125,.T.);
#2407 = ORIENTED_EDGE('',*,*,#2331,.T.);
#2408 = ORIENTED_EDGE('',*,*,#1687,.T.);
#2409 = PLANE('',#2410);
#2410 = AXIS2_PLACEMENT_3D('',#2411,#2412,#2413);
#2411 = CARTESIAN_POINT('',(153.685198,103.93455955829,16.731800239345)
  );
#2412 = DIRECTION('',(1.,9.1E-16,-4.E-16));
#2413 = DIRECTION('',(-9.1E-16,1.,0.));
#2414 = ADVANCED_FACE('',(#2415),#2477,.T.);
#2415 = FACE_BOUND('',#2416,.T.);
#2416 = EDGE_LOOP('',(#2417,#2427,#2436,#2445,#2454,#2462,#2468,#2469,
    #2470,#2471));
#2417 = ORIENTED_EDGE('',*,*,#2418,.T.);
#2418 = EDGE_CURVE('',#2419,#2421,#2423,.T.);
#2419 = VERTEX_POINT('',#2420);
#2420 = CARTESIAN_POINT('',(127.650198,129.872833,54.102));
#2421 = VERTEX_POINT('',#2422);
#2422 = CARTESIAN_POINT('',(127.650198,129.872833,64.274076266438));
#2423 = LINE('',#2424,#2425);
#2424 = CARTESIAN_POINT('',(127.650198,129.872833,54.102));
#2425 = VECTOR('',#2426,1.);
#2426 = DIRECTION('',(0.,0.,1.));
#2427 = ORIENTED_EDGE('',*,*,#2428,.F.);
#2428 = EDGE_CURVE('',#2429,#2421,#2431,.T.);
#2429 = VERTEX_POINT('',#2430);
#2430 = CARTESIAN_POINT('',(128.51812000958,129.872833,64.512094612232)
  );
#2431 = CIRCLE('',#2432,0.466598);
#2432 = AXIS2_PLACEMENT_3D('',#2433,#2434,#2435);
#2433 = CARTESIAN_POINT('',(128.116796,129.872833,64.274076266438));
#2434 = DIRECTION('',(0.,-1.,2.2E-16));
#2435 = DIRECTION('',(0.,-2.2E-16,-1.));
#2436 = ORIENTED_EDGE('',*,*,#2437,.F.);
#2437 = EDGE_CURVE('',#2438,#2429,#2440,.T.);
#2438 = VERTEX_POINT('',#2439);
#2439 = CARTESIAN_POINT('',(140.75227599041,129.872833,64.512094612232)
  );
#2440 = CIRCLE('',#2441,7.112);
#2441 = AXIS2_PLACEMENT_3D('',#2442,#2443,#2444);
#2442 = CARTESIAN_POINT('',(134.635198,129.872833,68.140028026613));
#2443 = DIRECTION('',(0.,1.,-0.));
#2444 = DIRECTION('',(-1.,0.,0.));
#2445 = ORIENTED_EDGE('',*,*,#2446,.F.);
#2446 = EDGE_CURVE('',#2447,#2438,#2449,.T.);
#2447 = VERTEX_POINT('',#2448);
#2448 = CARTESIAN_POINT('',(141.620198,129.872833,64.274076266438));
#2449 = CIRCLE('',#2450,0.466598);
#2450 = AXIS2_PLACEMENT_3D('',#2451,#2452,#2453);
#2451 = CARTESIAN_POINT('',(141.1536,129.872833,64.274076266438));
#2452 = DIRECTION('',(0.,-1.,2.2E-16));
#2453 = DIRECTION('',(0.,-2.2E-16,-1.));
#2454 = ORIENTED_EDGE('',*,*,#2455,.F.);
#2455 = EDGE_CURVE('',#2456,#2447,#2458,.T.);
#2456 = VERTEX_POINT('',#2457);
#2457 = CARTESIAN_POINT('',(141.620198,129.872833,54.102));
#2458 = LINE('',#2459,#2460);
#2459 = CARTESIAN_POINT('',(141.620198,129.872833,54.102));
#2460 = VECTOR('',#2461,1.);
#2461 = DIRECTION('',(0.,0.,1.));
#2462 = ORIENTED_EDGE('',*,*,#2463,.F.);
#2463 = EDGE_CURVE('',#2348,#2456,#2464,.T.);
#2464 = LINE('',#2465,#2466);
#2465 = CARTESIAN_POINT('',(153.685198,129.872833,54.102));
#2466 = VECTOR('',#2467,1.);
#2467 = DIRECTION('',(-1.,0.,0.));
#2468 = ORIENTED_EDGE('',*,*,#2347,.F.);
#2469 = ORIENTED_EDGE('',*,*,#2052,.T.);
#2470 = ORIENTED_EDGE('',*,*,#1744,.T.);
#2471 = ORIENTED_EDGE('',*,*,#2472,.F.);
#2472 = EDGE_CURVE('',#2419,#1747,#2473,.T.);
#2473 = LINE('',#2474,#2475);
#2474 = CARTESIAN_POINT('',(153.685198,129.872833,54.102));
#2475 = VECTOR('',#2476,1.);
#2476 = DIRECTION('',(-1.,0.,0.));
#2477 = PLANE('',#2478);
#2478 = AXIS2_PLACEMENT_3D('',#2479,#2480,#2481);
#2479 = CARTESIAN_POINT('',(134.635198,129.872833,32.454584642638));
#2480 = DIRECTION('',(0.,1.,0.));
#2481 = DIRECTION('',(0.,0.,1.));
#2482 = ADVANCED_FACE('',(#2483),#2494,.T.);
#2483 = FACE_BOUND('',#2484,.T.);
#2484 = EDGE_LOOP('',(#2485,#2491,#2492,#2493));
#2485 = ORIENTED_EDGE('',*,*,#2486,.F.);
#2486 = EDGE_CURVE('',#2419,#1896,#2487,.T.);
#2487 = LINE('',#2488,#2489);
#2488 = CARTESIAN_POINT('',(127.650198,129.872833,54.102));
#2489 = VECTOR('',#2490,1.);
#2490 = DIRECTION('',(0.,-1.,2.2E-16));
#2491 = ORIENTED_EDGE('',*,*,#2472,.T.);
#2492 = ORIENTED_EDGE('',*,*,#1785,.T.);
#2493 = ORIENTED_EDGE('',*,*,#1903,.F.);
#2494 = PLANE('',#2495);
#2495 = AXIS2_PLACEMENT_3D('',#2496,#2497,#2498);
#2496 = CARTESIAN_POINT('',(119.95371194218,99.354841881545,54.102));
#2497 = DIRECTION('',(-2.5E-16,0.,1.));
#2498 = DIRECTION('',(1.,0.,2.5E-16));
#2499 = ADVANCED_FACE('',(#2500),#2516,.T.);
#2500 = FACE_BOUND('',#2501,.T.);
#2501 = EDGE_LOOP('',(#2502,#2508,#2509,#2515));
#2502 = ORIENTED_EDGE('',*,*,#2503,.F.);
#2503 = EDGE_CURVE('',#2447,#1867,#2504,.T.);
#2504 = LINE('',#2505,#2506);
#2505 = CARTESIAN_POINT('',(141.620198,129.872833,64.274076266438));
#2506 = VECTOR('',#2507,1.);
#2507 = DIRECTION('',(0.,-1.,2.2E-16));
#2508 = ORIENTED_EDGE('',*,*,#2446,.T.);
#2509 = ORIENTED_EDGE('',*,*,#2510,.T.);
#2510 = EDGE_CURVE('',#2438,#1869,#2511,.T.);
#2511 = LINE('',#2512,#2513);
#2512 = CARTESIAN_POINT('',(140.75227599041,129.872833,64.512094612232)
  );
#2513 = VECTOR('',#2514,1.);
#2514 = DIRECTION('',(0.,-1.,2.2E-16));
#2515 = ORIENTED_EDGE('',*,*,#1866,.F.);
#2516 = CYLINDRICAL_SURFACE('',#2517,0.466598);
#2517 = AXIS2_PLACEMENT_3D('',#2518,#2519,#2520);
#2518 = CARTESIAN_POINT('',(141.1536,129.872833,64.274076266438));
#2519 = DIRECTION('',(0.,-1.,2.2E-16));
#2520 = DIRECTION('',(1.,0.,0.));
#2521 = ADVANCED_FACE('',(#2522),#2533,.F.);
#2522 = FACE_BOUND('',#2523,.F.);
#2523 = EDGE_LOOP('',(#2524,#2525,#2526,#2527));
#2524 = ORIENTED_EDGE('',*,*,#2437,.F.);
#2525 = ORIENTED_EDGE('',*,*,#2510,.T.);
#2526 = ORIENTED_EDGE('',*,*,#1877,.T.);
#2527 = ORIENTED_EDGE('',*,*,#2528,.F.);
#2528 = EDGE_CURVE('',#2429,#1878,#2529,.T.);
#2529 = LINE('',#2530,#2531);
#2530 = CARTESIAN_POINT('',(128.51812000958,129.872833,64.512094612232)
  );
#2531 = VECTOR('',#2532,1.);
#2532 = DIRECTION('',(0.,-1.,2.2E-16));
#2533 = CYLINDRICAL_SURFACE('',#2534,7.112);
#2534 = AXIS2_PLACEMENT_3D('',#2535,#2536,#2537);
#2535 = CARTESIAN_POINT('',(134.635198,129.872833,68.140028026613));
#2536 = DIRECTION('',(0.,1.,-2.2E-16));
#2537 = DIRECTION('',(-1.,0.,0.));
#2538 = ADVANCED_FACE('',(#2539),#2550,.T.);
#2539 = FACE_BOUND('',#2540,.T.);
#2540 = EDGE_LOOP('',(#2541,#2542,#2543,#2549));
#2541 = ORIENTED_EDGE('',*,*,#2528,.F.);
#2542 = ORIENTED_EDGE('',*,*,#2428,.T.);
#2543 = ORIENTED_EDGE('',*,*,#2544,.T.);
#2544 = EDGE_CURVE('',#2421,#1887,#2545,.T.);
#2545 = LINE('',#2546,#2547);
#2546 = CARTESIAN_POINT('',(127.650198,129.872833,64.274076266438));
#2547 = VECTOR('',#2548,1.);
#2548 = DIRECTION('',(0.,-1.,2.2E-16));
#2549 = ORIENTED_EDGE('',*,*,#1886,.F.);
#2550 = CYLINDRICAL_SURFACE('',#2551,0.466598);
#2551 = AXIS2_PLACEMENT_3D('',#2552,#2553,#2554);
#2552 = CARTESIAN_POINT('',(128.116796,129.872833,64.274076266438));
#2553 = DIRECTION('',(0.,-1.,2.2E-16));
#2554 = DIRECTION('',(0.86010657908,1.122251618622E-16,0.510114372101));
#2555 = ADVANCED_FACE('',(#2556,#2562),#2573,.T.);
#2556 = FACE_BOUND('',#2557,.T.);
#2557 = EDGE_LOOP('',(#2558,#2559,#2560,#2561));
#2558 = ORIENTED_EDGE('',*,*,#2544,.F.);
#2559 = ORIENTED_EDGE('',*,*,#2418,.F.);
#2560 = ORIENTED_EDGE('',*,*,#2486,.T.);
#2561 = ORIENTED_EDGE('',*,*,#1895,.F.);
#2562 = FACE_BOUND('',#2563,.T.);
#2563 = EDGE_LOOP('',(#2564));
#2564 = ORIENTED_EDGE('',*,*,#2565,.F.);
#2565 = EDGE_CURVE('',#2566,#2566,#2568,.T.);
#2566 = VERTEX_POINT('',#2567);
#2567 = CARTESIAN_POINT('',(127.650198,122.760833,57.912));
#2568 = CIRCLE('',#2569,1.778);
#2569 = AXIS2_PLACEMENT_3D('',#2570,#2571,#2572);
#2570 = CARTESIAN_POINT('',(127.650198,124.538833,57.912));
#2571 = DIRECTION('',(-1.,0.,0.));
#2572 = DIRECTION('',(0.,-1.,0.));
#2573 = PLANE('',#2574);
#2574 = AXIS2_PLACEMENT_3D('',#2575,#2576,#2577);
#2575 = CARTESIAN_POINT('',(127.650198,129.872833,54.102));
#2576 = DIRECTION('',(-1.,0.,0.));
#2577 = DIRECTION('',(0.,2.2E-16,1.));
#2578 = ADVANCED_FACE('',(#2579),#2590,.T.);
#2579 = FACE_BOUND('',#2580,.T.);
#2580 = EDGE_LOOP('',(#2581,#2582,#2588,#2589));
#2581 = ORIENTED_EDGE('',*,*,#2021,.T.);
#2582 = ORIENTED_EDGE('',*,*,#2583,.T.);
#2583 = EDGE_CURVE('',#2014,#1926,#2584,.T.);
#2584 = LINE('',#2585,#2586);
#2585 = CARTESIAN_POINT('',(144.033198,113.870833,27.94));
#2586 = VECTOR('',#2587,1.);
#2587 = DIRECTION('',(0.,1.,0.));
#2588 = ORIENTED_EDGE('',*,*,#1925,.T.);
#2589 = ORIENTED_EDGE('',*,*,#1981,.F.);
#2590 = PLANE('',#2591);
#2591 = AXIS2_PLACEMENT_3D('',#2592,#2593,#2594);
#2592 = CARTESIAN_POINT('',(144.033198,117.36333299999,22.86));
#2593 = DIRECTION('',(-1.,-0.,-0.));
#2594 = DIRECTION('',(0.,0.,-1.));
#2595 = ADVANCED_FACE('',(#2596),#2602,.T.);
#2596 = FACE_BOUND('',#2597,.T.);
#2597 = EDGE_LOOP('',(#2598,#2599,#2600,#2601));
#2598 = ORIENTED_EDGE('',*,*,#2013,.F.);
#2599 = ORIENTED_EDGE('',*,*,#2362,.T.);
#2600 = ORIENTED_EDGE('',*,*,#1933,.T.);
#2601 = ORIENTED_EDGE('',*,*,#2583,.F.);
#2602 = PLANE('',#2603);
#2603 = AXIS2_PLACEMENT_3D('',#2604,#2605,#2606);
#2604 = CARTESIAN_POINT('',(140.96077492307,119.30740992307,27.94));
#2605 = DIRECTION('',(0.,0.,1.));
#2606 = DIRECTION('',(1.,0.,0.));
#2607 = ADVANCED_FACE('',(#2608),#2619,.T.);
#2608 = FACE_BOUND('',#2609,.T.);
#2609 = EDGE_LOOP('',(#2610,#2611,#2617,#2618));
#2610 = ORIENTED_EDGE('',*,*,#2463,.T.);
#2611 = ORIENTED_EDGE('',*,*,#2612,.T.);
#2612 = EDGE_CURVE('',#2456,#1950,#2613,.T.);
#2613 = LINE('',#2614,#2615);
#2614 = CARTESIAN_POINT('',(141.620198,129.872833,54.102));
#2615 = VECTOR('',#2616,1.);
#2616 = DIRECTION('',(0.,-1.,2.2E-16));
#2617 = ORIENTED_EDGE('',*,*,#1949,.F.);
#2618 = ORIENTED_EDGE('',*,*,#2355,.F.);
#2619 = PLANE('',#2620);
#2620 = AXIS2_PLACEMENT_3D('',#2621,#2622,#2623);
#2621 = CARTESIAN_POINT('',(147.652698,125.36433299999,54.102));
#2622 = DIRECTION('',(-1.26E-15,4.6E-16,1.));
#2623 = DIRECTION('',(1.,0.,1.26E-15));
#2624 = ADVANCED_FACE('',(#2625,#2631),#2642,.F.);
#2625 = FACE_BOUND('',#2626,.F.);
#2626 = EDGE_LOOP('',(#2627,#2628,#2629,#2630));
#2627 = ORIENTED_EDGE('',*,*,#2503,.F.);
#2628 = ORIENTED_EDGE('',*,*,#2455,.F.);
#2629 = ORIENTED_EDGE('',*,*,#2612,.T.);
#2630 = ORIENTED_EDGE('',*,*,#1957,.F.);
#2631 = FACE_BOUND('',#2632,.F.);
#2632 = EDGE_LOOP('',(#2633));
#2633 = ORIENTED_EDGE('',*,*,#2634,.F.);
#2634 = EDGE_CURVE('',#2635,#2635,#2637,.T.);
#2635 = VERTEX_POINT('',#2636);
#2636 = CARTESIAN_POINT('',(141.620198,122.760833,57.912));
#2637 = CIRCLE('',#2638,1.778);
#2638 = AXIS2_PLACEMENT_3D('',#2639,#2640,#2641);
#2639 = CARTESIAN_POINT('',(141.620198,124.538833,57.912));
#2640 = DIRECTION('',(-1.,0.,0.));
#2641 = DIRECTION('',(0.,-1.,0.));
#2642 = PLANE('',#2643);
#2643 = AXIS2_PLACEMENT_3D('',#2644,#2645,#2646);
#2644 = CARTESIAN_POINT('',(141.620198,129.872833,54.102));
#2645 = DIRECTION('',(-1.,0.,0.));
#2646 = DIRECTION('',(0.,2.2E-16,1.));
#2647 = ADVANCED_FACE('',(#2648),#2666,.F.);
#2648 = FACE_BOUND('',#2649,.F.);
#2649 = EDGE_LOOP('',(#2650,#2651,#2659,#2665));
#2650 = ORIENTED_EDGE('',*,*,#2369,.T.);
#2651 = ORIENTED_EDGE('',*,*,#2652,.T.);
#2652 = EDGE_CURVE('',#2370,#2653,#2655,.T.);
#2653 = VERTEX_POINT('',#2654);
#2654 = CARTESIAN_POINT('',(130.698198,125.554833,17.018));
#2655 = LINE('',#2656,#2657);
#2656 = CARTESIAN_POINT('',(153.685198,125.554833,17.018));
#2657 = VECTOR('',#2658,1.);
#2658 = DIRECTION('',(-1.,0.,0.));
#2659 = ORIENTED_EDGE('',*,*,#2660,.F.);
#2660 = EDGE_CURVE('',#1998,#2653,#2661,.T.);
#2661 = LINE('',#2662,#2663);
#2662 = CARTESIAN_POINT('',(130.698198,113.870833,17.018));
#2663 = VECTOR('',#2664,1.);
#2664 = DIRECTION('',(0.,1.,-2.2E-16));
#2665 = ORIENTED_EDGE('',*,*,#1995,.F.);
#2666 = PLANE('',#2667);
#2667 = AXIS2_PLACEMENT_3D('',#2668,#2669,#2670);
#2668 = CARTESIAN_POINT('',(153.685198,113.870833,17.018));
#2669 = DIRECTION('',(0.,2.2E-16,1.));
#2670 = DIRECTION('',(-1.,0.,0.));
#2671 = ADVANCED_FACE('',(#2672),#2683,.F.);
#2672 = FACE_BOUND('',#2673,.F.);
#2673 = EDGE_LOOP('',(#2674,#2675,#2681,#2682));
#2674 = ORIENTED_EDGE('',*,*,#2660,.T.);
#2675 = ORIENTED_EDGE('',*,*,#2676,.T.);
#2676 = EDGE_CURVE('',#2653,#2103,#2677,.T.);
#2677 = LINE('',#2678,#2679);
#2678 = CARTESIAN_POINT('',(130.698198,125.554833,17.018));
#2679 = VECTOR('',#2680,1.);
#2680 = DIRECTION('',(0.,0.,-1.));
#2681 = ORIENTED_EDGE('',*,*,#2110,.F.);
#2682 = ORIENTED_EDGE('',*,*,#2037,.F.);
#2683 = PLANE('',#2684);
#2684 = AXIS2_PLACEMENT_3D('',#2685,#2686,#2687);
#2685 = CARTESIAN_POINT('',(130.698198,113.870833,17.018));
#2686 = DIRECTION('',(-1.,0.,0.));
#2687 = DIRECTION('',(-0.,-2.2E-16,-1.));
#2688 = ADVANCED_FACE('',(#2689),#2709,.T.);
#2689 = FACE_BOUND('',#2690,.T.);
#2690 = EDGE_LOOP('',(#2691,#2699,#2700,#2701,#2702,#2703));
#2691 = ORIENTED_EDGE('',*,*,#2692,.T.);
#2692 = EDGE_CURVE('',#2693,#2378,#2695,.T.);
#2693 = VERTEX_POINT('',#2694);
#2694 = CARTESIAN_POINT('',(138.572198,125.554833,9.652));
#2695 = LINE('',#2696,#2697);
#2696 = CARTESIAN_POINT('',(138.572198,125.554833,9.652));
#2697 = VECTOR('',#2698,1.);
#2698 = DIRECTION('',(1.,0.,0.));
#2699 = ORIENTED_EDGE('',*,*,#2377,.T.);
#2700 = ORIENTED_EDGE('',*,*,#2652,.T.);
#2701 = ORIENTED_EDGE('',*,*,#2676,.T.);
#2702 = ORIENTED_EDGE('',*,*,#2102,.T.);
#2703 = ORIENTED_EDGE('',*,*,#2704,.T.);
#2704 = EDGE_CURVE('',#2095,#2693,#2705,.T.);
#2705 = LINE('',#2706,#2707);
#2706 = CARTESIAN_POINT('',(138.572198,125.554833,-3.E-15));
#2707 = VECTOR('',#2708,1.);
#2708 = DIRECTION('',(0.,0.,1.));
#2709 = PLANE('',#2710);
#2710 = AXIS2_PLACEMENT_3D('',#2711,#2712,#2713);
#2711 = CARTESIAN_POINT('',(140.36854244444,125.554833,10.332155555556)
  );
#2712 = DIRECTION('',(0.,-1.,0.));
#2713 = DIRECTION('',(1.,0.,0.));
#2714 = ADVANCED_FACE('',(#2715),#2733,.F.);
#2715 = FACE_BOUND('',#2716,.F.);
#2716 = EDGE_LOOP('',(#2717,#2718,#2719,#2727));
#2717 = ORIENTED_EDGE('',*,*,#2094,.T.);
#2718 = ORIENTED_EDGE('',*,*,#2704,.T.);
#2719 = ORIENTED_EDGE('',*,*,#2720,.F.);
#2720 = EDGE_CURVE('',#2721,#2693,#2723,.T.);
#2721 = VERTEX_POINT('',#2722);
#2722 = CARTESIAN_POINT('',(138.572198,113.870833,9.652));
#2723 = LINE('',#2724,#2725);
#2724 = CARTESIAN_POINT('',(138.572198,113.870833,9.652));
#2725 = VECTOR('',#2726,1.);
#2726 = DIRECTION('',(0.,1.,-2.2E-16));
#2727 = ORIENTED_EDGE('',*,*,#2728,.F.);
#2728 = EDGE_CURVE('',#2087,#2721,#2729,.T.);
#2729 = LINE('',#2730,#2731);
#2730 = CARTESIAN_POINT('',(138.572198,113.870833,0.));
#2731 = VECTOR('',#2732,1.);
#2732 = DIRECTION('',(0.,0.,1.));
#2733 = PLANE('',#2734);
#2734 = AXIS2_PLACEMENT_3D('',#2735,#2736,#2737);
#2735 = CARTESIAN_POINT('',(138.572198,113.870833,0.));
#2736 = DIRECTION('',(1.,0.,0.));
#2737 = DIRECTION('',(0.,2.2E-16,1.));
#2738 = ADVANCED_FACE('',(#2739),#2764,.T.);
#2739 = FACE_BOUND('',#2740,.T.);
#2740 = EDGE_LOOP('',(#2741,#2749,#2750,#2756,#2757,#2758));
#2741 = ORIENTED_EDGE('',*,*,#2742,.F.);
#2742 = EDGE_CURVE('',#2394,#2743,#2745,.T.);
#2743 = VERTEX_POINT('',#2744);
#2744 = CARTESIAN_POINT('',(144.795198,113.870833,5.08));
#2745 = LINE('',#2746,#2747);
#2746 = CARTESIAN_POINT('',(153.685198,113.870833,5.08));
#2747 = VECTOR('',#2748,1.);
#2748 = DIRECTION('',(-1.,-0.,-0.));
#2749 = ORIENTED_EDGE('',*,*,#2393,.T.);
#2750 = ORIENTED_EDGE('',*,*,#2751,.F.);
#2751 = EDGE_CURVE('',#2721,#2386,#2752,.T.);
#2752 = LINE('',#2753,#2754);
#2753 = CARTESIAN_POINT('',(138.572198,113.870833,9.652));
#2754 = VECTOR('',#2755,1.);
#2755 = DIRECTION('',(1.,0.,0.));
#2756 = ORIENTED_EDGE('',*,*,#2728,.F.);
#2757 = ORIENTED_EDGE('',*,*,#2086,.F.);
#2758 = ORIENTED_EDGE('',*,*,#2759,.T.);
#2759 = EDGE_CURVE('',#2079,#2743,#2760,.T.);
#2760 = LINE('',#2761,#2762);
#2761 = CARTESIAN_POINT('',(144.795198,113.870833,0.));
#2762 = VECTOR('',#2763,1.);
#2763 = DIRECTION('',(0.,0.,1.));
#2764 = PLANE('',#2765);
#2765 = AXIS2_PLACEMENT_3D('',#2766,#2767,#2768);
#2766 = CARTESIAN_POINT('',(138.81410160102,113.870833,13.392034446519)
  );
#2767 = DIRECTION('',(-0.,-1.,-0.));
#2768 = DIRECTION('',(0.,0.,-1.));
#2769 = ADVANCED_FACE('',(#2770),#2781,.T.);
#2770 = FACE_BOUND('',#2771,.T.);
#2771 = EDGE_LOOP('',(#2772,#2773,#2774,#2780));
#2772 = ORIENTED_EDGE('',*,*,#2078,.F.);
#2773 = ORIENTED_EDGE('',*,*,#2143,.T.);
#2774 = ORIENTED_EDGE('',*,*,#2775,.T.);
#2775 = EDGE_CURVE('',#2136,#2743,#2776,.T.);
#2776 = LINE('',#2777,#2778);
#2777 = CARTESIAN_POINT('',(144.795198,100.818685096,5.08));
#2778 = VECTOR('',#2779,1.);
#2779 = DIRECTION('',(0.,1.,0.));
#2780 = ORIENTED_EDGE('',*,*,#2759,.F.);
#2781 = PLANE('',#2782);
#2782 = AXIS2_PLACEMENT_3D('',#2783,#2784,#2785);
#2783 = CARTESIAN_POINT('',(144.795198,87.766537192016,21.266704192016)
  );
#2784 = DIRECTION('',(-1.,-0.,-0.));
#2785 = DIRECTION('',(0.,0.,-1.));
#2786 = ADVANCED_FACE('',(#2787),#2793,.T.);
#2787 = FACE_BOUND('',#2788,.T.);
#2788 = EDGE_LOOP('',(#2789,#2790,#2791,#2792));
#2789 = ORIENTED_EDGE('',*,*,#2401,.F.);
#2790 = ORIENTED_EDGE('',*,*,#2742,.T.);
#2791 = ORIENTED_EDGE('',*,*,#2775,.F.);
#2792 = ORIENTED_EDGE('',*,*,#2135,.F.);
#2793 = PLANE('',#2794);
#2794 = AXIS2_PLACEMENT_3D('',#2795,#2796,#2797);
#2795 = CARTESIAN_POINT('',(139.35047204804,100.85721363894,5.08));
#2796 = DIRECTION('',(0.,0.,1.));
#2797 = DIRECTION('',(1.,0.,0.));
#2798 = ADVANCED_FACE('',(#2799),#2810,.F.);
#2799 = FACE_BOUND('',#2800,.F.);
#2800 = EDGE_LOOP('',(#2801,#2802,#2808,#2809));
#2801 = ORIENTED_EDGE('',*,*,#2295,.F.);
#2802 = ORIENTED_EDGE('',*,*,#2803,.T.);
#2803 = EDGE_CURVE('',#2296,#2222,#2804,.T.);
#2804 = LINE('',#2805,#2806);
#2805 = CARTESIAN_POINT('',(115.585198,82.628833,57.912));
#2806 = VECTOR('',#2807,1.);
#2807 = DIRECTION('',(1.,0.,0.));
#2808 = ORIENTED_EDGE('',*,*,#2221,.T.);
#2809 = ORIENTED_EDGE('',*,*,#2803,.F.);
#2810 = CYLINDRICAL_SURFACE('',#2811,1.778);
#2811 = AXIS2_PLACEMENT_3D('',#2812,#2813,#2814);
#2812 = CARTESIAN_POINT('',(115.585198,84.406833,57.912));
#2813 = DIRECTION('',(-1.,0.,0.));
#2814 = DIRECTION('',(0.,-1.,0.));
#2815 = ADVANCED_FACE('',(#2816),#2822,.F.);
#2816 = FACE_BOUND('',#2817,.F.);
#2817 = EDGE_LOOP('',(#2818,#2819,#2820,#2821));
#2818 = ORIENTED_EDGE('',*,*,#2720,.T.);
#2819 = ORIENTED_EDGE('',*,*,#2692,.T.);
#2820 = ORIENTED_EDGE('',*,*,#2385,.F.);
#2821 = ORIENTED_EDGE('',*,*,#2751,.F.);
#2822 = PLANE('',#2823);
#2823 = AXIS2_PLACEMENT_3D('',#2824,#2825,#2826);
#2824 = CARTESIAN_POINT('',(138.572198,113.870833,9.652));
#2825 = DIRECTION('',(0.,-2.2E-16,-1.));
#2826 = DIRECTION('',(1.,0.,0.));
#2827 = ADVANCED_FACE('',(#2828),#2839,.F.);
#2828 = FACE_BOUND('',#2829,.F.);
#2829 = EDGE_LOOP('',(#2830,#2831,#2837,#2838));
#2830 = ORIENTED_EDGE('',*,*,#2565,.F.);
#2831 = ORIENTED_EDGE('',*,*,#2832,.T.);
#2832 = EDGE_CURVE('',#2566,#2635,#2833,.T.);
#2833 = LINE('',#2834,#2835);
#2834 = CARTESIAN_POINT('',(115.585198,122.760833,57.912));
#2835 = VECTOR('',#2836,1.);
#2836 = DIRECTION('',(1.,0.,0.));
#2837 = ORIENTED_EDGE('',*,*,#2634,.T.);
#2838 = ORIENTED_EDGE('',*,*,#2832,.F.);
#2839 = CYLINDRICAL_SURFACE('',#2840,1.778);
#2840 = AXIS2_PLACEMENT_3D('',#2841,#2842,#2843);
#2841 = CARTESIAN_POINT('',(115.585198,124.538833,57.912));
#2842 = DIRECTION('',(-1.,0.,0.));
#2843 = DIRECTION('',(0.,-1.,0.));
#2844 = ( GEOMETRIC_REPRESENTATION_CONTEXT(3) 
GLOBAL_UNCERTAINTY_ASSIGNED_CONTEXT((#2848)) 
GLOBAL_UNIT_ASSIGNED_CONTEXT((#2845,#2846,#2847)) REPRESENTATION_CONTEXT
('Context #1','3D Context with UNIT and UNCERTAINTY') );
#2845 = ( LENGTH_UNIT() NAMED_UNIT(*) SI_UNIT(.MILLI.,.METRE.) );
#2846 = ( NAMED_UNIT(*) PLANE_ANGLE_UNIT() SI_UNIT($,.RADIAN.) );
#2847 = ( NAMED_UNIT(*) SI_UNIT($,.STERADIAN.) SOLID_ANGLE_UNIT() );
#2848 = UNCERTAINTY_MEASURE_WITH_UNIT(LENGTH_MEASURE(5.E-05),#2845,
  'distance_accuracy_value','confusion accuracy');
#2849 = CONTEXT_DEPENDENT_SHAPE_REPRESENTATION(#2850,#2852);
#2850 = ( REPRESENTATION_RELATIONSHIP('','',#1340,#10) 
REPRESENTATION_RELATIONSHIP_WITH_TRANSFORMATION(#2851) 
SHAPE_REPRESENTATION_RELATIONSHIP() );
#2851 = ITEM_DEFINED_TRANSFORMATION('','',#11,#19);
#2852 = PRODUCT_DEFINITION_SHAPE('Placement','Placement of an item',
  #2853);
#2853 = NEXT_ASSEMBLY_USAGE_OCCURRENCE('5','Servo Mount001','',#5,#1335,
  $);
#2854 = PRODUCT_RELATED_PRODUCT_CATEGORY('part',$,(#1337));
#2855 = SHAPE_DEFINITION_REPRESENTATION(#2856,#2862);
#2856 = PRODUCT_DEFINITION_SHAPE('','',#2857);
#2857 = PRODUCT_DEFINITION('design','',#2858,#2861);
#2858 = PRODUCT_DEFINITION_FORMATION('','',#2859);
#2859 = PRODUCT('Adapter','Adapter','',(#2860));
#2860 = PRODUCT_CONTEXT('',#2,'mechanical');
#2861 = PRODUCT_DEFINITION_CONTEXT('part definition',#2,'design');
#2862 = ADVANCED_BREP_SHAPE_REPRESENTATION('',(#11,#2863),#4353);
#2863 = MANIFOLD_SOLID_BREP('',#2864);
#2864 = CLOSED_SHELL('',(#2865,#2905,#3126,#3151,#3191,#3208,#3239,#3264
    ,#3492,#3516,#3528,#3552,#3577,#3608,#3625,#3650,#3674,#3705,#3730,
    #3754,#3785,#3810,#3834,#3852,#3864,#3962,#3980,#3998,#4017,#4029,
    #4061,#4122,#4141,#4197,#4215,#4227,#4239,#4251,#4279,#4291,#4319,
    #4331,#4342));
#2865 = ADVANCED_FACE('',(#2866),#2900,.T.);
#2866 = FACE_BOUND('',#2867,.T.);
#2867 = EDGE_LOOP('',(#2868,#2878,#2886,#2894));
#2868 = ORIENTED_EDGE('',*,*,#2869,.F.);
#2869 = EDGE_CURVE('',#2870,#2872,#2874,.T.);
#2870 = VERTEX_POINT('',#2871);
#2871 = CARTESIAN_POINT('',(53.30155870473,35.489439658385,19.431));
#2872 = VERTEX_POINT('',#2873);
#2873 = CARTESIAN_POINT('',(49.782363,41.584865663228,19.431));
#2874 = LINE('',#2875,#2876);
#2875 = CARTESIAN_POINT('',(54.063061,34.170478940429,19.431));
#2876 = VECTOR('',#2877,1.);
#2877 = DIRECTION('',(-0.499999985083,0.866025412397,0.));
#2878 = ORIENTED_EDGE('',*,*,#2879,.T.);
#2879 = EDGE_CURVE('',#2870,#2880,#2882,.T.);
#2880 = VERTEX_POINT('',#2881);
#2881 = CARTESIAN_POINT('',(53.30155870473,35.489439658385,24.511));
#2882 = LINE('',#2883,#2884);
#2883 = CARTESIAN_POINT('',(53.30155870473,35.489439658385,19.431));
#2884 = VECTOR('',#2885,1.);
#2885 = DIRECTION('',(0.,0.,1.));
#2886 = ORIENTED_EDGE('',*,*,#2887,.T.);
#2887 = EDGE_CURVE('',#2880,#2888,#2890,.T.);
#2888 = VERTEX_POINT('',#2889);
#2889 = CARTESIAN_POINT('',(49.782363,41.584865663228,24.511));
#2890 = LINE('',#2891,#2892);
#2891 = CARTESIAN_POINT('',(54.063061,34.170478940429,24.511));
#2892 = VECTOR('',#2893,1.);
#2893 = DIRECTION('',(-0.499999985083,0.866025412397,0.));
#2894 = ORIENTED_EDGE('',*,*,#2895,.F.);
#2895 = EDGE_CURVE('',#2872,#2888,#2896,.T.);
#2896 = LINE('',#2897,#2898);
#2897 = CARTESIAN_POINT('',(49.782363,41.584865663228,19.431));
#2898 = VECTOR('',#2899,1.);
#2899 = DIRECTION('',(0.,0.,1.));
#2900 = PLANE('',#2901);
#2901 = AXIS2_PLACEMENT_3D('',#2902,#2903,#2904);
#2902 = CARTESIAN_POINT('',(54.063061,34.170478940429,19.431));
#2903 = DIRECTION('',(-0.866025412397,-0.499999985083,0.));
#2904 = DIRECTION('',(-0.499999985083,0.866025412397,0.));
#2905 = ADVANCED_FACE('',(#2906),#3121,.T.);
#2906 = FACE_BOUND('',#2907,.T.);
#2907 = EDGE_LOOP('',(#2908,#2918,#2927,#2935,#2942,#2943,#2952,#2960,
    #2969,#2977,#2986,#2995,#3003,#3012,#3020,#3029,#3037,#3046,#3054,
    #3063,#3071,#3080,#3088,#3097,#3106,#3114));
#2908 = ORIENTED_EDGE('',*,*,#2909,.T.);
#2909 = EDGE_CURVE('',#2910,#2912,#2914,.T.);
#2910 = VERTEX_POINT('',#2911);
#2911 = CARTESIAN_POINT('',(61.406557503618,31.167724190105,19.431));
#2912 = VERTEX_POINT('',#2913);
#2913 = CARTESIAN_POINT('',(64.925753999998,37.263152080393,19.431));
#2914 = LINE('',#2915,#2916);
#2915 = CARTESIAN_POINT('',(60.645055,29.848763,19.431));
#2916 = VECTOR('',#2917,1.);
#2917 = DIRECTION('',(0.499999953444,0.866025430663,0.));
#2918 = ORIENTED_EDGE('',*,*,#2919,.F.);
#2919 = EDGE_CURVE('',#2920,#2912,#2922,.T.);
#2920 = VERTEX_POINT('',#2921);
#2921 = CARTESIAN_POINT('',(59.164885193895,41.045717,19.431));
#2922 = CIRCLE('',#2923,15.748);
#2923 = AXIS2_PLACEMENT_3D('',#2924,#2925,#2926);
#2924 = CARTESIAN_POINT('',(53.611342402827,26.309447,19.431));
#2925 = DIRECTION('',(0.,0.,-1.));
#2926 = DIRECTION('',(-1.,-0.,-0.));
#2927 = ORIENTED_EDGE('',*,*,#2928,.T.);
#2928 = EDGE_CURVE('',#2920,#2929,#2931,.T.);
#2929 = VERTEX_POINT('',#2930);
#2930 = CARTESIAN_POINT('',(54.97063513015,35.393529356191,19.431));
#2931 = LINE('',#2932,#2933);
#2932 = CARTESIAN_POINT('',(59.164885193895,41.045717,19.431));
#2933 = VECTOR('',#2934,1.);
#2934 = DIRECTION('',(-0.595910287277,-0.803051013023,0.));
#2935 = ORIENTED_EDGE('',*,*,#2936,.F.);
#2936 = EDGE_CURVE('',#2870,#2929,#2937,.T.);
#2937 = CIRCLE('',#2938,1.);
#2938 = AXIS2_PLACEMENT_3D('',#2939,#2940,#2941);
#2939 = CARTESIAN_POINT('',(54.167584117127,35.989439643468,19.431));
#2940 = DIRECTION('',(-0.,0.,1.));
#2941 = DIRECTION('',(0.,-1.,0.));
#2942 = ORIENTED_EDGE('',*,*,#2869,.T.);
#2943 = ORIENTED_EDGE('',*,*,#2944,.T.);
#2944 = EDGE_CURVE('',#2872,#2945,#2947,.T.);
#2945 = VERTEX_POINT('',#2946);
#2946 = CARTESIAN_POINT('',(43.626129,38.487091356407,19.431));
#2947 = CIRCLE('',#2948,15.748);
#2948 = AXIS2_PLACEMENT_3D('',#2949,#2950,#2951);
#2949 = CARTESIAN_POINT('',(53.611342402827,26.309447,19.431));
#2950 = DIRECTION('',(0.,0.,1.));
#2951 = DIRECTION('',(1.,0.,0.));
#2952 = ORIENTED_EDGE('',*,*,#2953,.T.);
#2953 = EDGE_CURVE('',#2945,#2954,#2956,.T.);
#2954 = VERTEX_POINT('',#2955);
#2955 = CARTESIAN_POINT('',(46.423942281522,32.028670463059,19.431));
#2956 = LINE('',#2957,#2958);
#2957 = CARTESIAN_POINT('',(43.626129,38.487091356407,19.431));
#2958 = VECTOR('',#2959,1.);
#2959 = DIRECTION('',(0.397507463059,-0.917598941157,0.));
#2960 = ORIENTED_EDGE('',*,*,#2961,.F.);
#2961 = EDGE_CURVE('',#2962,#2954,#2964,.T.);
#2962 = VERTEX_POINT('',#2963);
#2963 = CARTESIAN_POINT('',(45.506343340365,30.631163,19.431));
#2964 = CIRCLE('',#2965,1.);
#2965 = AXIS2_PLACEMENT_3D('',#2966,#2967,#2968);
#2966 = CARTESIAN_POINT('',(45.506343340365,31.631163,19.431));
#2967 = DIRECTION('',(-0.,0.,1.));
#2968 = DIRECTION('',(0.,-1.,0.));
#2969 = ORIENTED_EDGE('',*,*,#2970,.T.);
#2970 = EDGE_CURVE('',#2962,#2971,#2973,.T.);
#2971 = VERTEX_POINT('',#2972);
#2972 = CARTESIAN_POINT('',(38.467951641766,30.631163,19.431));
#2973 = LINE('',#2974,#2975);
#2974 = CARTESIAN_POINT('',(47.029348,30.631163,19.431));
#2975 = VECTOR('',#2976,1.);
#2976 = DIRECTION('',(-1.,0.,0.));
#2977 = ORIENTED_EDGE('',*,*,#2978,.T.);
#2978 = EDGE_CURVE('',#2971,#2979,#2981,.T.);
#2979 = VERTEX_POINT('',#2980);
#2980 = CARTESIAN_POINT('',(37.863342402827,26.309447,19.431));
#2981 = CIRCLE('',#2982,15.748);
#2982 = AXIS2_PLACEMENT_3D('',#2983,#2984,#2985);
#2983 = CARTESIAN_POINT('',(53.611342402827,26.309447,19.431));
#2984 = DIRECTION('',(0.,0.,1.));
#2985 = DIRECTION('',(1.,0.,0.));
#2986 = ORIENTED_EDGE('',*,*,#2987,.F.);
#2987 = EDGE_CURVE('',#2988,#2979,#2990,.T.);
#2988 = VERTEX_POINT('',#2989);
#2989 = CARTESIAN_POINT('',(38.072587180562,23.75082364832,19.431));
#2990 = CIRCLE('',#2991,15.748);
#2991 = AXIS2_PLACEMENT_3D('',#2992,#2993,#2994);
#2992 = CARTESIAN_POINT('',(53.611342402827,26.309447,19.431));
#2993 = DIRECTION('',(0.,0.,-1.));
#2994 = DIRECTION('',(1.,0.,0.));
#2995 = ORIENTED_EDGE('',*,*,#2996,.T.);
#2996 = EDGE_CURVE('',#2988,#2997,#2999,.T.);
#2997 = VERTEX_POINT('',#2998);
#2998 = CARTESIAN_POINT('',(45.064649582193,22.944588436378,19.431));
#2999 = LINE('',#3000,#3001);
#3000 = CARTESIAN_POINT('',(38.072587180562,23.75082364832,19.431));
#3001 = VECTOR('',#3002,1.);
#3002 = DIRECTION('',(0.993417688931,-0.114548222681,0.));
#3003 = ORIENTED_EDGE('',*,*,#3004,.F.);
#3004 = EDGE_CURVE('',#3005,#2997,#3007,.T.);
#3005 = VERTEX_POINT('',#3006);
#3006 = CARTESIAN_POINT('',(45.816126712165,21.451170658884,19.431));
#3007 = CIRCLE('',#3008,1.);
#3008 = AXIS2_PLACEMENT_3D('',#3009,#3010,#3011);
#3009 = CARTESIAN_POINT('',(44.950101359512,21.951170747447,19.431));
#3010 = DIRECTION('',(-0.,0.,1.));
#3011 = DIRECTION('',(0.,-1.,0.));
#3012 = ORIENTED_EDGE('',*,*,#3013,.T.);
#3013 = EDGE_CURVE('',#3005,#3014,#3016,.T.);
#3014 = VERTEX_POINT('',#3015);
#3015 = CARTESIAN_POINT('',(42.296931,15.355746323175,19.431));
#3016 = LINE('',#3017,#3018);
#3017 = CARTESIAN_POINT('',(46.577629,22.770131,19.431));
#3018 = VECTOR('',#3019,1.);
#3019 = DIRECTION('',(-0.500000088563,-0.866025352653,0.));
#3020 = ORIENTED_EDGE('',*,*,#3021,.F.);
#3021 = EDGE_CURVE('',#3022,#3014,#3024,.T.);
#3022 = VERTEX_POINT('',#3023);
#3023 = CARTESIAN_POINT('',(48.057799771532,11.573177,19.431));
#3024 = CIRCLE('',#3025,15.748);
#3025 = AXIS2_PLACEMENT_3D('',#3026,#3027,#3028);
#3026 = CARTESIAN_POINT('',(53.611342402827,26.309447,19.431));
#3027 = DIRECTION('',(0.,0.,-1.));
#3028 = DIRECTION('',(1.,0.,0.));
#3029 = ORIENTED_EDGE('',*,*,#3030,.T.);
#3030 = EDGE_CURVE('',#3022,#3031,#3033,.T.);
#3031 = VERTEX_POINT('',#3032);
#3032 = CARTESIAN_POINT('',(52.252049028312,17.225364576939,19.431));
#3033 = LINE('',#3034,#3035);
#3034 = CARTESIAN_POINT('',(48.057799771532,11.573177,19.431));
#3035 = VECTOR('',#3036,1.);
#3036 = DIRECTION('',(0.595910217885,0.803051064516,0.));
#3037 = ORIENTED_EDGE('',*,*,#3038,.F.);
#3038 = EDGE_CURVE('',#3039,#3031,#3041,.T.);
#3039 = VERTEX_POINT('',#3040);
#3040 = CARTESIAN_POINT('',(53.921125435339,17.129454465182,19.431));
#3041 = CIRCLE('',#3042,1.);
#3042 = AXIS2_PLACEMENT_3D('',#3043,#3044,#3045);
#3043 = CARTESIAN_POINT('',(53.055100092828,16.629454359054,19.431));
#3044 = DIRECTION('',(-0.,0.,1.));
#3045 = DIRECTION('',(0.,-1.,0.));
#3046 = ORIENTED_EDGE('',*,*,#3047,.T.);
#3047 = EDGE_CURVE('',#3039,#3048,#3050,.T.);
#3048 = VERTEX_POINT('',#3049);
#3049 = CARTESIAN_POINT('',(57.440322,11.034028938425,19.431));
#3050 = LINE('',#3051,#3052);
#3051 = CARTESIAN_POINT('',(53.159623,18.448415,19.431));
#3052 = VECTOR('',#3053,1.);
#3053 = DIRECTION('',(0.500000106128,-0.866025342511,0.));
#3054 = ORIENTED_EDGE('',*,*,#3055,.T.);
#3055 = EDGE_CURVE('',#3048,#3056,#3058,.T.);
#3056 = VERTEX_POINT('',#3057);
#3057 = CARTESIAN_POINT('',(63.596553559951,14.131802788303,19.431));
#3058 = CIRCLE('',#3059,15.748);
#3059 = AXIS2_PLACEMENT_3D('',#3060,#3061,#3062);
#3060 = CARTESIAN_POINT('',(53.611342402827,26.309447,19.431));
#3061 = DIRECTION('',(0.,0.,1.));
#3062 = DIRECTION('',(-1.,0.,0.));
#3063 = ORIENTED_EDGE('',*,*,#3064,.T.);
#3064 = EDGE_CURVE('',#3056,#3065,#3067,.T.);
#3065 = VERTEX_POINT('',#3066);
#3066 = CARTESIAN_POINT('',(60.798742095108,20.590223291658,19.431));
#3067 = LINE('',#3068,#3069);
#3068 = CARTESIAN_POINT('',(63.596555344162,14.131802461084,19.431));
#3069 = VECTOR('',#3070,1.);
#3070 = DIRECTION('',(-0.397507462428,0.91759894143,0.));
#3071 = ORIENTED_EDGE('',*,*,#3072,.F.);
#3072 = EDGE_CURVE('',#3073,#3065,#3075,.T.);
#3073 = VERTEX_POINT('',#3074);
#3074 = CARTESIAN_POINT('',(61.716341036538,21.987730754086,19.431));
#3075 = CIRCLE('',#3076,1.);
#3076 = AXIS2_PLACEMENT_3D('',#3077,#3078,#3079);
#3077 = CARTESIAN_POINT('',(61.716341036538,20.987730754086,19.431));
#3078 = DIRECTION('',(-0.,0.,1.));
#3079 = DIRECTION('',(0.,-1.,0.));
#3080 = ORIENTED_EDGE('',*,*,#3081,.T.);
#3081 = EDGE_CURVE('',#3073,#3082,#3084,.T.);
#3082 = VERTEX_POINT('',#3083);
#3083 = CARTESIAN_POINT('',(68.754731325844,21.987730877043,19.431));
#3084 = LINE('',#3085,#3086);
#3085 = CARTESIAN_POINT('',(60.193336378044,21.987730754086,19.431));
#3086 = VECTOR('',#3087,1.);
#3087 = DIRECTION('',(1.,0.,0.));
#3088 = ORIENTED_EDGE('',*,*,#3089,.T.);
#3089 = EDGE_CURVE('',#3082,#3090,#3092,.T.);
#3090 = VERTEX_POINT('',#3091);
#3091 = CARTESIAN_POINT('',(69.359342402827,26.309447,19.431));
#3092 = CIRCLE('',#3093,15.748);
#3093 = AXIS2_PLACEMENT_3D('',#3094,#3095,#3096);
#3094 = CARTESIAN_POINT('',(53.611342402827,26.309447,19.431));
#3095 = DIRECTION('',(0.,0.,1.));
#3096 = DIRECTION('',(-1.,0.,0.));
#3097 = ORIENTED_EDGE('',*,*,#3098,.F.);
#3098 = EDGE_CURVE('',#3099,#3090,#3101,.T.);
#3099 = VERTEX_POINT('',#3100);
#3100 = CARTESIAN_POINT('',(69.150099765442,28.868075734463,19.431));
#3101 = CIRCLE('',#3102,15.748);
#3102 = AXIS2_PLACEMENT_3D('',#3103,#3104,#3105);
#3103 = CARTESIAN_POINT('',(53.611342402827,26.309447,19.431));
#3104 = DIRECTION('',(0.,0.,-1.));
#3105 = DIRECTION('',(-1.,-0.,-0.));
#3106 = ORIENTED_EDGE('',*,*,#3107,.T.);
#3107 = EDGE_CURVE('',#3099,#3108,#3110,.T.);
#3108 = VERTEX_POINT('',#3109);
#3109 = CARTESIAN_POINT('',(62.158035371235,29.674306471669,19.431));
#3110 = LINE('',#3111,#3112);
#3111 = CARTESIAN_POINT('',(69.150099765442,28.868075734463,19.431));
#3112 = VECTOR('',#3113,1.);
#3113 = DIRECTION('',(-0.993417764991,0.114547563047,0.));
#3114 = ORIENTED_EDGE('',*,*,#3115,.F.);
#3115 = EDGE_CURVE('',#2910,#3108,#3116,.T.);
#3116 = CIRCLE('',#3117,1.);
#3117 = AXIS2_PLACEMENT_3D('',#3118,#3119,#3120);
#3118 = CARTESIAN_POINT('',(62.272582934281,30.66772423666,19.431));
#3119 = DIRECTION('',(-0.,0.,1.));
#3120 = DIRECTION('',(0.,-1.,0.));
#3121 = PLANE('',#3122);
#3122 = AXIS2_PLACEMENT_3D('',#3123,#3124,#3125);
#3123 = CARTESIAN_POINT('',(53.611342402827,26.309447,19.431));
#3124 = DIRECTION('',(0.,0.,1.));
#3125 = DIRECTION('',(1.,0.,0.));
#3126 = ADVANCED_FACE('',(#3127),#3146,.T.);
#3127 = FACE_BOUND('',#3128,.T.);
#3128 = EDGE_LOOP('',(#3129,#3130,#3138,#3145));
#3129 = ORIENTED_EDGE('',*,*,#2936,.T.);
#3130 = ORIENTED_EDGE('',*,*,#3131,.T.);
#3131 = EDGE_CURVE('',#2929,#3132,#3134,.T.);
#3132 = VERTEX_POINT('',#3133);
#3133 = CARTESIAN_POINT('',(54.97063513015,35.393529356191,24.511));
#3134 = LINE('',#3135,#3136);
#3135 = CARTESIAN_POINT('',(54.97063513015,35.393529356191,19.431));
#3136 = VECTOR('',#3137,1.);
#3137 = DIRECTION('',(0.,0.,1.));
#3138 = ORIENTED_EDGE('',*,*,#3139,.F.);
#3139 = EDGE_CURVE('',#2880,#3132,#3140,.T.);
#3140 = CIRCLE('',#3141,1.);
#3141 = AXIS2_PLACEMENT_3D('',#3142,#3143,#3144);
#3142 = CARTESIAN_POINT('',(54.167584117127,35.989439643468,24.511));
#3143 = DIRECTION('',(-0.,0.,1.));
#3144 = DIRECTION('',(0.,-1.,0.));
#3145 = ORIENTED_EDGE('',*,*,#2879,.F.);
#3146 = CYLINDRICAL_SURFACE('',#3147,1.);
#3147 = AXIS2_PLACEMENT_3D('',#3148,#3149,#3150);
#3148 = CARTESIAN_POINT('',(54.167584117127,35.989439643468,19.431));
#3149 = DIRECTION('',(0.,0.,1.));
#3150 = DIRECTION('',(-0.866025412397,-0.499999985083,0.));
#3151 = ADVANCED_FACE('',(#3152),#3186,.T.);
#3152 = FACE_BOUND('',#3153,.F.);
#3153 = EDGE_LOOP('',(#3154,#3162,#3169,#3170,#3179));
#3154 = ORIENTED_EDGE('',*,*,#3155,.T.);
#3155 = EDGE_CURVE('',#2920,#3156,#3158,.T.);
#3156 = VERTEX_POINT('',#3157);
#3157 = CARTESIAN_POINT('',(59.164885193895,41.045717,24.511));
#3158 = LINE('',#3159,#3160);
#3159 = CARTESIAN_POINT('',(59.164885193895,41.045717,19.431));
#3160 = VECTOR('',#3161,1.);
#3161 = DIRECTION('',(0.,0.,1.));
#3162 = ORIENTED_EDGE('',*,*,#3163,.T.);
#3163 = EDGE_CURVE('',#3156,#2888,#3164,.T.);
#3164 = CIRCLE('',#3165,15.747999730738);
#3165 = AXIS2_PLACEMENT_3D('',#3166,#3167,#3168);
#3166 = CARTESIAN_POINT('',(53.611342,26.309447,24.511));
#3167 = DIRECTION('',(0.,0.,1.));
#3168 = DIRECTION('',(1.,0.,0.));
#3169 = ORIENTED_EDGE('',*,*,#2895,.F.);
#3170 = ORIENTED_EDGE('',*,*,#3171,.F.);
#3171 = EDGE_CURVE('',#3172,#2872,#3174,.T.);
#3172 = VERTEX_POINT('',#3173);
#3173 = CARTESIAN_POINT('',(53.611342402827,42.057447,19.431));
#3174 = CIRCLE('',#3175,15.748);
#3175 = AXIS2_PLACEMENT_3D('',#3176,#3177,#3178);
#3176 = CARTESIAN_POINT('',(53.611342402827,26.309447,19.431));
#3177 = DIRECTION('',(0.,0.,1.));
#3178 = DIRECTION('',(1.,0.,0.));
#3179 = ORIENTED_EDGE('',*,*,#3180,.T.);
#3180 = EDGE_CURVE('',#3172,#2920,#3181,.T.);
#3181 = CIRCLE('',#3182,15.748);
#3182 = AXIS2_PLACEMENT_3D('',#3183,#3184,#3185);
#3183 = CARTESIAN_POINT('',(53.611342402827,26.309447,19.431));
#3184 = DIRECTION('',(0.,0.,-1.));
#3185 = DIRECTION('',(-1.,-0.,-0.));
#3186 = CYLINDRICAL_SURFACE('',#3187,15.747999730738);
#3187 = AXIS2_PLACEMENT_3D('',#3188,#3189,#3190);
#3188 = CARTESIAN_POINT('',(53.611342,26.309447,19.431));
#3189 = DIRECTION('',(-0.,-0.,-1.));
#3190 = DIRECTION('',(1.,0.,0.));
#3191 = ADVANCED_FACE('',(#3192),#3203,.T.);
#3192 = FACE_BOUND('',#3193,.T.);
#3193 = EDGE_LOOP('',(#3194,#3195,#3196,#3202));
#3194 = ORIENTED_EDGE('',*,*,#2887,.F.);
#3195 = ORIENTED_EDGE('',*,*,#3139,.T.);
#3196 = ORIENTED_EDGE('',*,*,#3197,.F.);
#3197 = EDGE_CURVE('',#3156,#3132,#3198,.T.);
#3198 = LINE('',#3199,#3200);
#3199 = CARTESIAN_POINT('',(59.164885193895,41.045717,24.511));
#3200 = VECTOR('',#3201,1.);
#3201 = DIRECTION('',(-0.595910287277,-0.803051013023,0.));
#3202 = ORIENTED_EDGE('',*,*,#3163,.T.);
#3203 = PLANE('',#3204);
#3204 = AXIS2_PLACEMENT_3D('',#3205,#3206,#3207);
#3205 = CARTESIAN_POINT('',(55.149827280119,25.299283502687,24.511));
#3206 = DIRECTION('',(0.,0.,1.));
#3207 = DIRECTION('',(1.,0.,0.));
#3208 = ADVANCED_FACE('',(#3209),#3234,.T.);
#3209 = FACE_BOUND('',#3210,.T.);
#3210 = EDGE_LOOP('',(#3211,#3212,#3220,#3228));
#3211 = ORIENTED_EDGE('',*,*,#2909,.F.);
#3212 = ORIENTED_EDGE('',*,*,#3213,.T.);
#3213 = EDGE_CURVE('',#2910,#3214,#3216,.T.);
#3214 = VERTEX_POINT('',#3215);
#3215 = CARTESIAN_POINT('',(61.406557503618,31.167724190105,24.511));
#3216 = LINE('',#3217,#3218);
#3217 = CARTESIAN_POINT('',(61.406557503618,31.167724190105,19.431));
#3218 = VECTOR('',#3219,1.);
#3219 = DIRECTION('',(0.,0.,1.));
#3220 = ORIENTED_EDGE('',*,*,#3221,.T.);
#3221 = EDGE_CURVE('',#3214,#3222,#3224,.T.);
#3222 = VERTEX_POINT('',#3223);
#3223 = CARTESIAN_POINT('',(64.925753999998,37.263152080393,24.511));
#3224 = LINE('',#3225,#3226);
#3225 = CARTESIAN_POINT('',(60.645055,29.848763,24.511));
#3226 = VECTOR('',#3227,1.);
#3227 = DIRECTION('',(0.499999953444,0.866025430663,0.));
#3228 = ORIENTED_EDGE('',*,*,#3229,.F.);
#3229 = EDGE_CURVE('',#2912,#3222,#3230,.T.);
#3230 = LINE('',#3231,#3232);
#3231 = CARTESIAN_POINT('',(64.925753999998,37.263152080393,19.431));
#3232 = VECTOR('',#3233,1.);
#3233 = DIRECTION('',(0.,0.,1.));
#3234 = PLANE('',#3235);
#3235 = AXIS2_PLACEMENT_3D('',#3236,#3237,#3238);
#3236 = CARTESIAN_POINT('',(60.645055,29.848763,19.431));
#3237 = DIRECTION('',(-0.866025430663,0.499999953444,0.));
#3238 = DIRECTION('',(0.499999953444,0.866025430663,0.));
#3239 = ADVANCED_FACE('',(#3240),#3259,.T.);
#3240 = FACE_BOUND('',#3241,.T.);
#3241 = EDGE_LOOP('',(#3242,#3243,#3251,#3258));
#3242 = ORIENTED_EDGE('',*,*,#3115,.T.);
#3243 = ORIENTED_EDGE('',*,*,#3244,.T.);
#3244 = EDGE_CURVE('',#3108,#3245,#3247,.T.);
#3245 = VERTEX_POINT('',#3246);
#3246 = CARTESIAN_POINT('',(62.158035371235,29.674306471669,24.511));
#3247 = LINE('',#3248,#3249);
#3248 = CARTESIAN_POINT('',(62.158035371235,29.674306471669,19.431));
#3249 = VECTOR('',#3250,1.);
#3250 = DIRECTION('',(0.,0.,1.));
#3251 = ORIENTED_EDGE('',*,*,#3252,.F.);
#3252 = EDGE_CURVE('',#3214,#3245,#3253,.T.);
#3253 = CIRCLE('',#3254,1.);
#3254 = AXIS2_PLACEMENT_3D('',#3255,#3256,#3257);
#3255 = CARTESIAN_POINT('',(62.272582934281,30.66772423666,24.511));
#3256 = DIRECTION('',(-0.,0.,1.));
#3257 = DIRECTION('',(0.,-1.,0.));
#3258 = ORIENTED_EDGE('',*,*,#3213,.F.);
#3259 = CYLINDRICAL_SURFACE('',#3260,1.);
#3260 = AXIS2_PLACEMENT_3D('',#3261,#3262,#3263);
#3261 = CARTESIAN_POINT('',(62.272582934281,30.66772423666,19.431));
#3262 = DIRECTION('',(0.,0.,1.));
#3263 = DIRECTION('',(-0.866025430663,0.499999953444,0.));
#3264 = ADVANCED_FACE('',(#3265,#3379,#3433),#3487,.T.);
#3265 = FACE_BOUND('',#3266,.F.);
#3266 = EDGE_LOOP('',(#3267,#3278,#3287,#3292,#3293,#3300,#3301,#3302,
    #3303,#3304,#3311,#3312,#3313,#3320,#3321,#3330,#3337,#3338,#3346,
    #3355,#3361,#3362,#3363,#3372));
#3267 = ORIENTED_EDGE('',*,*,#3268,.F.);
#3268 = EDGE_CURVE('',#3269,#3271,#3273,.T.);
#3269 = VERTEX_POINT('',#3270);
#3270 = CARTESIAN_POINT('',(53.611342402827,42.057447,0.));
#3271 = VERTEX_POINT('',#3272);
#3272 = CARTESIAN_POINT('',(37.863342402827,26.309447,0.));
#3273 = CIRCLE('',#3274,15.748);
#3274 = AXIS2_PLACEMENT_3D('',#3275,#3276,#3277);
#3275 = CARTESIAN_POINT('',(53.611342402827,26.309447,0.));
#3276 = DIRECTION('',(0.,0.,1.));
#3277 = DIRECTION('',(1.,0.,0.));
#3278 = ORIENTED_EDGE('',*,*,#3279,.T.);
#3279 = EDGE_CURVE('',#3269,#3280,#3282,.T.);
#3280 = VERTEX_POINT('',#3281);
#3281 = CARTESIAN_POINT('',(69.359342402827,26.309447,0.));
#3282 = CIRCLE('',#3283,15.748);
#3283 = AXIS2_PLACEMENT_3D('',#3284,#3285,#3286);
#3284 = CARTESIAN_POINT('',(53.611342402827,26.309447,0.));
#3285 = DIRECTION('',(0.,0.,-1.));
#3286 = DIRECTION('',(-1.,-0.,-0.));
#3287 = ORIENTED_EDGE('',*,*,#3288,.F.);
#3288 = EDGE_CURVE('',#3090,#3280,#3289,.T.);
#3289 = B_SPLINE_CURVE_WITH_KNOTS('',1,(#3290,#3291),.UNSPECIFIED.,.F.,
  .F.,(2,2),(-19.431,0.),.PIECEWISE_BEZIER_KNOTS.);
#3290 = CARTESIAN_POINT('',(69.359342402827,26.309447,19.431));
#3291 = CARTESIAN_POINT('',(69.359342402827,26.309447,0.));
#3292 = ORIENTED_EDGE('',*,*,#3098,.F.);
#3293 = ORIENTED_EDGE('',*,*,#3294,.F.);
#3294 = EDGE_CURVE('',#2912,#3099,#3295,.T.);
#3295 = CIRCLE('',#3296,15.748);
#3296 = AXIS2_PLACEMENT_3D('',#3297,#3298,#3299);
#3297 = CARTESIAN_POINT('',(53.611342402827,26.309447,19.431));
#3298 = DIRECTION('',(0.,0.,-1.));
#3299 = DIRECTION('',(-1.,-0.,-0.));
#3300 = ORIENTED_EDGE('',*,*,#2919,.F.);
#3301 = ORIENTED_EDGE('',*,*,#3180,.F.);
#3302 = ORIENTED_EDGE('',*,*,#3171,.T.);
#3303 = ORIENTED_EDGE('',*,*,#2944,.T.);
#3304 = ORIENTED_EDGE('',*,*,#3305,.T.);
#3305 = EDGE_CURVE('',#2945,#2971,#3306,.T.);
#3306 = CIRCLE('',#3307,15.748);
#3307 = AXIS2_PLACEMENT_3D('',#3308,#3309,#3310);
#3308 = CARTESIAN_POINT('',(53.611342402827,26.309447,19.431));
#3309 = DIRECTION('',(0.,0.,1.));
#3310 = DIRECTION('',(1.,0.,0.));
#3311 = ORIENTED_EDGE('',*,*,#2978,.T.);
#3312 = ORIENTED_EDGE('',*,*,#2987,.F.);
#3313 = ORIENTED_EDGE('',*,*,#3314,.F.);
#3314 = EDGE_CURVE('',#3014,#2988,#3315,.T.);
#3315 = CIRCLE('',#3316,15.748);
#3316 = AXIS2_PLACEMENT_3D('',#3317,#3318,#3319);
#3317 = CARTESIAN_POINT('',(53.611342402827,26.309447,19.431));
#3318 = DIRECTION('',(0.,0.,-1.));
#3319 = DIRECTION('',(1.,0.,0.));
#3320 = ORIENTED_EDGE('',*,*,#3021,.F.);
#3321 = ORIENTED_EDGE('',*,*,#3322,.F.);
#3322 = EDGE_CURVE('',#3323,#3022,#3325,.T.);
#3323 = VERTEX_POINT('',#3324);
#3324 = CARTESIAN_POINT('',(53.611342402827,10.561447,19.431));
#3325 = CIRCLE('',#3326,15.748);
#3326 = AXIS2_PLACEMENT_3D('',#3327,#3328,#3329);
#3327 = CARTESIAN_POINT('',(53.611342402827,26.309447,19.431));
#3328 = DIRECTION('',(0.,0.,-1.));
#3329 = DIRECTION('',(1.,0.,0.));
#3330 = ORIENTED_EDGE('',*,*,#3331,.T.);
#3331 = EDGE_CURVE('',#3323,#3048,#3332,.T.);
#3332 = CIRCLE('',#3333,15.748);
#3333 = AXIS2_PLACEMENT_3D('',#3334,#3335,#3336);
#3334 = CARTESIAN_POINT('',(53.611342402827,26.309447,19.431));
#3335 = DIRECTION('',(0.,0.,1.));
#3336 = DIRECTION('',(-1.,0.,0.));
#3337 = ORIENTED_EDGE('',*,*,#3055,.T.);
#3338 = ORIENTED_EDGE('',*,*,#3339,.T.);
#3339 = EDGE_CURVE('',#3056,#3340,#3342,.T.);
#3340 = VERTEX_POINT('',#3341);
#3341 = CARTESIAN_POINT('',(63.596553559951,14.131802788303,24.511));
#3342 = LINE('',#3343,#3344);
#3343 = CARTESIAN_POINT('',(63.596555344162,14.131802461084,19.431));
#3344 = VECTOR('',#3345,1.);
#3345 = DIRECTION('',(0.,0.,1.));
#3346 = ORIENTED_EDGE('',*,*,#3347,.T.);
#3347 = EDGE_CURVE('',#3340,#3348,#3350,.T.);
#3348 = VERTEX_POINT('',#3349);
#3349 = CARTESIAN_POINT('',(68.754731325844,21.987730877043,24.511));
#3350 = CIRCLE('',#3351,15.748);
#3351 = AXIS2_PLACEMENT_3D('',#3352,#3353,#3354);
#3352 = CARTESIAN_POINT('',(53.611342402827,26.309447,24.511));
#3353 = DIRECTION('',(0.,0.,1.));
#3354 = DIRECTION('',(1.,0.,0.));
#3355 = ORIENTED_EDGE('',*,*,#3356,.F.);
#3356 = EDGE_CURVE('',#3082,#3348,#3357,.T.);
#3357 = LINE('',#3358,#3359);
#3358 = CARTESIAN_POINT('',(68.754732798963,21.987730754086,19.431));
#3359 = VECTOR('',#3360,1.);
#3360 = DIRECTION('',(0.,0.,1.));
#3361 = ORIENTED_EDGE('',*,*,#3089,.T.);
#3362 = ORIENTED_EDGE('',*,*,#3288,.T.);
#3363 = ORIENTED_EDGE('',*,*,#3364,.F.);
#3364 = EDGE_CURVE('',#3365,#3280,#3367,.T.);
#3365 = VERTEX_POINT('',#3366);
#3366 = CARTESIAN_POINT('',(53.611342402827,10.561447,0.));
#3367 = CIRCLE('',#3368,15.748);
#3368 = AXIS2_PLACEMENT_3D('',#3369,#3370,#3371);
#3369 = CARTESIAN_POINT('',(53.611342402827,26.309447,0.));
#3370 = DIRECTION('',(0.,0.,1.));
#3371 = DIRECTION('',(-1.,0.,0.));
#3372 = ORIENTED_EDGE('',*,*,#3373,.T.);
#3373 = EDGE_CURVE('',#3365,#3271,#3374,.T.);
#3374 = CIRCLE('',#3375,15.748);
#3375 = AXIS2_PLACEMENT_3D('',#3376,#3377,#3378);
#3376 = CARTESIAN_POINT('',(53.611342402827,26.309447,0.));
#3377 = DIRECTION('',(0.,0.,-1.));
#3378 = DIRECTION('',(1.,0.,0.));
#3379 = FACE_BOUND('',#3380,.F.);
#3380 = EDGE_LOOP('',(#3381,#3392,#3401,#3409,#3418,#3427));
#3381 = ORIENTED_EDGE('',*,*,#3382,.F.);
#3382 = EDGE_CURVE('',#3383,#3385,#3387,.T.);
#3383 = VERTEX_POINT('',#3384);
#3384 = CARTESIAN_POINT('',(53.611342402827,10.561447,12.573));
#3385 = VERTEX_POINT('',#3386);
#3386 = CARTESIAN_POINT('',(52.182592402826,10.62639316991,12.573));
#3387 = CIRCLE('',#3388,15.748);
#3388 = AXIS2_PLACEMENT_3D('',#3389,#3390,#3391);
#3389 = CARTESIAN_POINT('',(53.611342402827,26.309447,12.573));
#3390 = DIRECTION('',(0.,0.,-1.));
#3391 = DIRECTION('',(1.,0.,0.));
#3392 = ORIENTED_EDGE('',*,*,#3393,.T.);
#3393 = EDGE_CURVE('',#3383,#3394,#3396,.T.);
#3394 = VERTEX_POINT('',#3395);
#3395 = CARTESIAN_POINT('',(55.040092402827,10.62639316991,12.573));
#3396 = CIRCLE('',#3397,15.748);
#3397 = AXIS2_PLACEMENT_3D('',#3398,#3399,#3400);
#3398 = CARTESIAN_POINT('',(53.611342402827,26.309447,12.573));
#3399 = DIRECTION('',(0.,0.,1.));
#3400 = DIRECTION('',(-1.,0.,0.));
#3401 = ORIENTED_EDGE('',*,*,#3402,.T.);
#3402 = EDGE_CURVE('',#3394,#3403,#3405,.T.);
#3403 = VERTEX_POINT('',#3404);
#3404 = CARTESIAN_POINT('',(55.040092402827,10.62639316991,15.621));
#3405 = LINE('',#3406,#3407);
#3406 = CARTESIAN_POINT('',(55.040092402827,10.62639316991,12.573));
#3407 = VECTOR('',#3408,1.);
#3408 = DIRECTION('',(0.,0.,1.));
#3409 = ORIENTED_EDGE('',*,*,#3410,.F.);
#3410 = EDGE_CURVE('',#3411,#3403,#3413,.T.);
#3411 = VERTEX_POINT('',#3412);
#3412 = CARTESIAN_POINT('',(53.611342402827,10.561447,15.621));
#3413 = CIRCLE('',#3414,15.748);
#3414 = AXIS2_PLACEMENT_3D('',#3415,#3416,#3417);
#3415 = CARTESIAN_POINT('',(53.611342402827,26.309447,15.621));
#3416 = DIRECTION('',(0.,0.,1.));
#3417 = DIRECTION('',(-1.,0.,0.));
#3418 = ORIENTED_EDGE('',*,*,#3419,.T.);
#3419 = EDGE_CURVE('',#3411,#3420,#3422,.T.);
#3420 = VERTEX_POINT('',#3421);
#3421 = CARTESIAN_POINT('',(52.182592402826,10.62639316991,15.621));
#3422 = CIRCLE('',#3423,15.748);
#3423 = AXIS2_PLACEMENT_3D('',#3424,#3425,#3426);
#3424 = CARTESIAN_POINT('',(53.611342402827,26.309447,15.621));
#3425 = DIRECTION('',(0.,0.,-1.));
#3426 = DIRECTION('',(1.,0.,0.));
#3427 = ORIENTED_EDGE('',*,*,#3428,.F.);
#3428 = EDGE_CURVE('',#3385,#3420,#3429,.T.);
#3429 = LINE('',#3430,#3431);
#3430 = CARTESIAN_POINT('',(52.182592402826,10.62639316991,12.573));
#3431 = VECTOR('',#3432,1.);
#3432 = DIRECTION('',(0.,0.,1.));
#3433 = FACE_BOUND('',#3434,.F.);
#3434 = EDGE_LOOP('',(#3435,#3446,#3454,#3463,#3472,#3480));
#3435 = ORIENTED_EDGE('',*,*,#3436,.T.);
#3436 = EDGE_CURVE('',#3437,#3439,#3441,.T.);
#3437 = VERTEX_POINT('',#3438);
#3438 = CARTESIAN_POINT('',(53.611342402827,42.057447,12.573));
#3439 = VERTEX_POINT('',#3440);
#3440 = CARTESIAN_POINT('',(52.182592402826,41.99250083009,12.573));
#3441 = CIRCLE('',#3442,15.748);
#3442 = AXIS2_PLACEMENT_3D('',#3443,#3444,#3445);
#3443 = CARTESIAN_POINT('',(53.611342402827,26.309447,12.573));
#3444 = DIRECTION('',(0.,0.,1.));
#3445 = DIRECTION('',(1.,0.,0.));
#3446 = ORIENTED_EDGE('',*,*,#3447,.T.);
#3447 = EDGE_CURVE('',#3439,#3448,#3450,.T.);
#3448 = VERTEX_POINT('',#3449);
#3449 = CARTESIAN_POINT('',(52.182592402826,41.99250083009,15.621));
#3450 = LINE('',#3451,#3452);
#3451 = CARTESIAN_POINT('',(52.182592402826,41.99250083009,12.573));
#3452 = VECTOR('',#3453,1.);
#3453 = DIRECTION('',(0.,0.,1.));
#3454 = ORIENTED_EDGE('',*,*,#3455,.F.);
#3455 = EDGE_CURVE('',#3456,#3448,#3458,.T.);
#3456 = VERTEX_POINT('',#3457);
#3457 = CARTESIAN_POINT('',(53.611342402827,42.057447,15.621));
#3458 = CIRCLE('',#3459,15.748);
#3459 = AXIS2_PLACEMENT_3D('',#3460,#3461,#3462);
#3460 = CARTESIAN_POINT('',(53.611342402827,26.309447,15.621));
#3461 = DIRECTION('',(0.,0.,1.));
#3462 = DIRECTION('',(1.,0.,0.));
#3463 = ORIENTED_EDGE('',*,*,#3464,.T.);
#3464 = EDGE_CURVE('',#3456,#3465,#3467,.T.);
#3465 = VERTEX_POINT('',#3466);
#3466 = CARTESIAN_POINT('',(55.040092402827,41.99250083009,15.621));
#3467 = CIRCLE('',#3468,15.748);
#3468 = AXIS2_PLACEMENT_3D('',#3469,#3470,#3471);
#3469 = CARTESIAN_POINT('',(53.611342402827,26.309447,15.621));
#3470 = DIRECTION('',(0.,0.,-1.));
#3471 = DIRECTION('',(-1.,-0.,-0.));
#3472 = ORIENTED_EDGE('',*,*,#3473,.F.);
#3473 = EDGE_CURVE('',#3474,#3465,#3476,.T.);
#3474 = VERTEX_POINT('',#3475);
#3475 = CARTESIAN_POINT('',(55.040092402827,41.99250083009,12.573));
#3476 = LINE('',#3477,#3478);
#3477 = CARTESIAN_POINT('',(55.040092402827,41.99250083009,12.573));
#3478 = VECTOR('',#3479,1.);
#3479 = DIRECTION('',(0.,0.,1.));
#3480 = ORIENTED_EDGE('',*,*,#3481,.F.);
#3481 = EDGE_CURVE('',#3437,#3474,#3482,.T.);
#3482 = CIRCLE('',#3483,15.748);
#3483 = AXIS2_PLACEMENT_3D('',#3484,#3485,#3486);
#3484 = CARTESIAN_POINT('',(53.611342402827,26.309447,12.573));
#3485 = DIRECTION('',(0.,0.,-1.));
#3486 = DIRECTION('',(-1.,-0.,-0.));
#3487 = CYLINDRICAL_SURFACE('',#3488,15.748);
#3488 = AXIS2_PLACEMENT_3D('',#3489,#3490,#3491);
#3489 = CARTESIAN_POINT('',(53.611342402827,26.309447,0.));
#3490 = DIRECTION('',(-0.,-0.,-1.));
#3491 = DIRECTION('',(1.,0.,0.));
#3492 = ADVANCED_FACE('',(#3493),#3511,.T.);
#3493 = FACE_BOUND('',#3494,.T.);
#3494 = EDGE_LOOP('',(#3495,#3496,#3504,#3510));
#3495 = ORIENTED_EDGE('',*,*,#3107,.F.);
#3496 = ORIENTED_EDGE('',*,*,#3497,.T.);
#3497 = EDGE_CURVE('',#3099,#3498,#3500,.T.);
#3498 = VERTEX_POINT('',#3499);
#3499 = CARTESIAN_POINT('',(69.150099765442,28.868075734463,24.511));
#3500 = LINE('',#3501,#3502);
#3501 = CARTESIAN_POINT('',(69.150099765442,28.868075734463,19.431));
#3502 = VECTOR('',#3503,1.);
#3503 = DIRECTION('',(0.,0.,1.));
#3504 = ORIENTED_EDGE('',*,*,#3505,.T.);
#3505 = EDGE_CURVE('',#3498,#3245,#3506,.T.);
#3506 = LINE('',#3507,#3508);
#3507 = CARTESIAN_POINT('',(69.150099765442,28.868075734463,24.511));
#3508 = VECTOR('',#3509,1.);
#3509 = DIRECTION('',(-0.993417764991,0.114547563047,0.));
#3510 = ORIENTED_EDGE('',*,*,#3244,.F.);
#3511 = PLANE('',#3512);
#3512 = AXIS2_PLACEMENT_3D('',#3513,#3514,#3515);
#3513 = CARTESIAN_POINT('',(69.150099765442,28.868075734463,19.431));
#3514 = DIRECTION('',(-0.114547563047,-0.993417764991,0.));
#3515 = DIRECTION('',(-0.993417764991,0.114547563047,0.));
#3516 = ADVANCED_FACE('',(#3517),#3523,.T.);
#3517 = FACE_BOUND('',#3518,.T.);
#3518 = EDGE_LOOP('',(#3519,#3520,#3521,#3522));
#3519 = ORIENTED_EDGE('',*,*,#2928,.F.);
#3520 = ORIENTED_EDGE('',*,*,#3155,.T.);
#3521 = ORIENTED_EDGE('',*,*,#3197,.T.);
#3522 = ORIENTED_EDGE('',*,*,#3131,.F.);
#3523 = PLANE('',#3524);
#3524 = AXIS2_PLACEMENT_3D('',#3525,#3526,#3527);
#3525 = CARTESIAN_POINT('',(59.164885193895,41.045717,19.431));
#3526 = DIRECTION('',(0.803051013023,-0.595910287277,0.));
#3527 = DIRECTION('',(-0.595910287277,-0.803051013023,0.));
#3528 = ADVANCED_FACE('',(#3529),#3547,.T.);
#3529 = FACE_BOUND('',#3530,.T.);
#3530 = EDGE_LOOP('',(#3531,#3532,#3540,#3546));
#3531 = ORIENTED_EDGE('',*,*,#3081,.F.);
#3532 = ORIENTED_EDGE('',*,*,#3533,.T.);
#3533 = EDGE_CURVE('',#3073,#3534,#3536,.T.);
#3534 = VERTEX_POINT('',#3535);
#3535 = CARTESIAN_POINT('',(61.716341036538,21.987730754086,24.511));
#3536 = LINE('',#3537,#3538);
#3537 = CARTESIAN_POINT('',(61.716341036538,21.987730754086,19.431));
#3538 = VECTOR('',#3539,1.);
#3539 = DIRECTION('',(0.,0.,1.));
#3540 = ORIENTED_EDGE('',*,*,#3541,.T.);
#3541 = EDGE_CURVE('',#3534,#3348,#3542,.T.);
#3542 = LINE('',#3543,#3544);
#3543 = CARTESIAN_POINT('',(60.193336378044,21.987730754086,24.511));
#3544 = VECTOR('',#3545,1.);
#3545 = DIRECTION('',(1.,0.,0.));
#3546 = ORIENTED_EDGE('',*,*,#3356,.F.);
#3547 = PLANE('',#3548);
#3548 = AXIS2_PLACEMENT_3D('',#3549,#3550,#3551);
#3549 = CARTESIAN_POINT('',(60.193336378044,21.987730754086,19.431));
#3550 = DIRECTION('',(0.,1.,0.));
#3551 = DIRECTION('',(1.,0.,0.));
#3552 = ADVANCED_FACE('',(#3553),#3572,.T.);
#3553 = FACE_BOUND('',#3554,.T.);
#3554 = EDGE_LOOP('',(#3555,#3556,#3564,#3571));
#3555 = ORIENTED_EDGE('',*,*,#3072,.T.);
#3556 = ORIENTED_EDGE('',*,*,#3557,.T.);
#3557 = EDGE_CURVE('',#3065,#3558,#3560,.T.);
#3558 = VERTEX_POINT('',#3559);
#3559 = CARTESIAN_POINT('',(60.798742095108,20.590223291658,24.511));
#3560 = LINE('',#3561,#3562);
#3561 = CARTESIAN_POINT('',(60.798742095108,20.590223291658,19.431));
#3562 = VECTOR('',#3563,1.);
#3563 = DIRECTION('',(0.,0.,1.));
#3564 = ORIENTED_EDGE('',*,*,#3565,.F.);
#3565 = EDGE_CURVE('',#3534,#3558,#3566,.T.);
#3566 = CIRCLE('',#3567,1.);
#3567 = AXIS2_PLACEMENT_3D('',#3568,#3569,#3570);
#3568 = CARTESIAN_POINT('',(61.716341036538,20.987730754086,24.511));
#3569 = DIRECTION('',(-0.,0.,1.));
#3570 = DIRECTION('',(0.,-1.,0.));
#3571 = ORIENTED_EDGE('',*,*,#3533,.F.);
#3572 = CYLINDRICAL_SURFACE('',#3573,1.);
#3573 = AXIS2_PLACEMENT_3D('',#3574,#3575,#3576);
#3574 = CARTESIAN_POINT('',(61.716341036538,20.987730754086,19.431));
#3575 = DIRECTION('',(0.,0.,1.));
#3576 = DIRECTION('',(0.,1.,0.));
#3577 = ADVANCED_FACE('',(#3578),#3603,.T.);
#3578 = FACE_BOUND('',#3579,.T.);
#3579 = EDGE_LOOP('',(#3580,#3581,#3589,#3597));
#3580 = ORIENTED_EDGE('',*,*,#2953,.F.);
#3581 = ORIENTED_EDGE('',*,*,#3582,.T.);
#3582 = EDGE_CURVE('',#2945,#3583,#3585,.T.);
#3583 = VERTEX_POINT('',#3584);
#3584 = CARTESIAN_POINT('',(43.626129,38.487091356407,24.511));
#3585 = LINE('',#3586,#3587);
#3586 = CARTESIAN_POINT('',(43.626129,38.487091356407,19.431));
#3587 = VECTOR('',#3588,1.);
#3588 = DIRECTION('',(0.,0.,1.));
#3589 = ORIENTED_EDGE('',*,*,#3590,.T.);
#3590 = EDGE_CURVE('',#3583,#3591,#3593,.T.);
#3591 = VERTEX_POINT('',#3592);
#3592 = CARTESIAN_POINT('',(46.423942281522,32.028670463059,24.511));
#3593 = LINE('',#3594,#3595);
#3594 = CARTESIAN_POINT('',(43.626129,38.487091356407,24.511));
#3595 = VECTOR('',#3596,1.);
#3596 = DIRECTION('',(0.397507463059,-0.917598941157,0.));
#3597 = ORIENTED_EDGE('',*,*,#3598,.F.);
#3598 = EDGE_CURVE('',#2954,#3591,#3599,.T.);
#3599 = LINE('',#3600,#3601);
#3600 = CARTESIAN_POINT('',(46.423942281522,32.028670463059,19.431));
#3601 = VECTOR('',#3602,1.);
#3602 = DIRECTION('',(0.,0.,1.));
#3603 = PLANE('',#3604);
#3604 = AXIS2_PLACEMENT_3D('',#3605,#3606,#3607);
#3605 = CARTESIAN_POINT('',(43.626129,38.487091356407,19.431));
#3606 = DIRECTION('',(0.917598941157,0.397507463059,0.));
#3607 = DIRECTION('',(0.397507463059,-0.917598941157,0.));
#3608 = ADVANCED_FACE('',(#3609),#3620,.T.);
#3609 = FACE_BOUND('',#3610,.T.);
#3610 = EDGE_LOOP('',(#3611,#3612,#3613,#3619));
#3611 = ORIENTED_EDGE('',*,*,#3064,.F.);
#3612 = ORIENTED_EDGE('',*,*,#3339,.T.);
#3613 = ORIENTED_EDGE('',*,*,#3614,.T.);
#3614 = EDGE_CURVE('',#3340,#3558,#3615,.T.);
#3615 = LINE('',#3616,#3617);
#3616 = CARTESIAN_POINT('',(63.596555344162,14.131802461084,24.511));
#3617 = VECTOR('',#3618,1.);
#3618 = DIRECTION('',(-0.397507462428,0.91759894143,0.));
#3619 = ORIENTED_EDGE('',*,*,#3557,.F.);
#3620 = PLANE('',#3621);
#3621 = AXIS2_PLACEMENT_3D('',#3622,#3623,#3624);
#3622 = CARTESIAN_POINT('',(63.596555344162,14.131802461084,19.431));
#3623 = DIRECTION('',(-0.91759894143,-0.397507462428,0.));
#3624 = DIRECTION('',(-0.397507462428,0.91759894143,0.));
#3625 = ADVANCED_FACE('',(#3626),#3645,.T.);
#3626 = FACE_BOUND('',#3627,.T.);
#3627 = EDGE_LOOP('',(#3628,#3629,#3630,#3639));
#3628 = ORIENTED_EDGE('',*,*,#2961,.T.);
#3629 = ORIENTED_EDGE('',*,*,#3598,.T.);
#3630 = ORIENTED_EDGE('',*,*,#3631,.F.);
#3631 = EDGE_CURVE('',#3632,#3591,#3634,.T.);
#3632 = VERTEX_POINT('',#3633);
#3633 = CARTESIAN_POINT('',(45.506343340365,30.631163,24.511));
#3634 = CIRCLE('',#3635,1.);
#3635 = AXIS2_PLACEMENT_3D('',#3636,#3637,#3638);
#3636 = CARTESIAN_POINT('',(45.506343340365,31.631163,24.511));
#3637 = DIRECTION('',(-0.,0.,1.));
#3638 = DIRECTION('',(0.,-1.,0.));
#3639 = ORIENTED_EDGE('',*,*,#3640,.F.);
#3640 = EDGE_CURVE('',#2962,#3632,#3641,.T.);
#3641 = LINE('',#3642,#3643);
#3642 = CARTESIAN_POINT('',(45.506343340365,30.631163,19.431));
#3643 = VECTOR('',#3644,1.);
#3644 = DIRECTION('',(0.,0.,1.));
#3645 = CYLINDRICAL_SURFACE('',#3646,1.);
#3646 = AXIS2_PLACEMENT_3D('',#3647,#3648,#3649);
#3647 = CARTESIAN_POINT('',(45.506343340365,31.631163,19.431));
#3648 = DIRECTION('',(0.,0.,1.));
#3649 = DIRECTION('',(0.,-1.,0.));
#3650 = ADVANCED_FACE('',(#3651),#3669,.T.);
#3651 = FACE_BOUND('',#3652,.T.);
#3652 = EDGE_LOOP('',(#3653,#3654,#3655,#3663));
#3653 = ORIENTED_EDGE('',*,*,#2970,.F.);
#3654 = ORIENTED_EDGE('',*,*,#3640,.T.);
#3655 = ORIENTED_EDGE('',*,*,#3656,.T.);
#3656 = EDGE_CURVE('',#3632,#3657,#3659,.T.);
#3657 = VERTEX_POINT('',#3658);
#3658 = CARTESIAN_POINT('',(38.467951641766,30.631163,24.511));
#3659 = LINE('',#3660,#3661);
#3660 = CARTESIAN_POINT('',(47.029348,30.631163,24.511));
#3661 = VECTOR('',#3662,1.);
#3662 = DIRECTION('',(-1.,0.,0.));
#3663 = ORIENTED_EDGE('',*,*,#3664,.F.);
#3664 = EDGE_CURVE('',#2971,#3657,#3665,.T.);
#3665 = LINE('',#3666,#3667);
#3666 = CARTESIAN_POINT('',(38.467951641766,30.631163,19.431));
#3667 = VECTOR('',#3668,1.);
#3668 = DIRECTION('',(0.,0.,1.));
#3669 = PLANE('',#3670);
#3670 = AXIS2_PLACEMENT_3D('',#3671,#3672,#3673);
#3671 = CARTESIAN_POINT('',(47.029348,30.631163,19.431));
#3672 = DIRECTION('',(0.,-1.,0.));
#3673 = DIRECTION('',(-1.,0.,0.));
#3674 = ADVANCED_FACE('',(#3675),#3700,.T.);
#3675 = FACE_BOUND('',#3676,.T.);
#3676 = EDGE_LOOP('',(#3677,#3678,#3686,#3694));
#3677 = ORIENTED_EDGE('',*,*,#3047,.F.);
#3678 = ORIENTED_EDGE('',*,*,#3679,.T.);
#3679 = EDGE_CURVE('',#3039,#3680,#3682,.T.);
#3680 = VERTEX_POINT('',#3681);
#3681 = CARTESIAN_POINT('',(53.921125435339,17.129454465182,24.511));
#3682 = LINE('',#3683,#3684);
#3683 = CARTESIAN_POINT('',(53.921125435339,17.129454465182,19.431));
#3684 = VECTOR('',#3685,1.);
#3685 = DIRECTION('',(0.,0.,1.));
#3686 = ORIENTED_EDGE('',*,*,#3687,.T.);
#3687 = EDGE_CURVE('',#3680,#3688,#3690,.T.);
#3688 = VERTEX_POINT('',#3689);
#3689 = CARTESIAN_POINT('',(57.440322,11.034028938425,24.511));
#3690 = LINE('',#3691,#3692);
#3691 = CARTESIAN_POINT('',(53.159623,18.448415,24.511));
#3692 = VECTOR('',#3693,1.);
#3693 = DIRECTION('',(0.500000106128,-0.866025342511,0.));
#3694 = ORIENTED_EDGE('',*,*,#3695,.F.);
#3695 = EDGE_CURVE('',#3048,#3688,#3696,.T.);
#3696 = LINE('',#3697,#3698);
#3697 = CARTESIAN_POINT('',(57.440322,11.034028938425,19.431));
#3698 = VECTOR('',#3699,1.);
#3699 = DIRECTION('',(0.,0.,1.));
#3700 = PLANE('',#3701);
#3701 = AXIS2_PLACEMENT_3D('',#3702,#3703,#3704);
#3702 = CARTESIAN_POINT('',(53.159623,18.448415,19.431));
#3703 = DIRECTION('',(0.866025342511,0.500000106128,0.));
#3704 = DIRECTION('',(0.500000106128,-0.866025342511,0.));
#3705 = ADVANCED_FACE('',(#3706),#3725,.T.);
#3706 = FACE_BOUND('',#3707,.T.);
#3707 = EDGE_LOOP('',(#3708,#3709,#3717,#3724));
#3708 = ORIENTED_EDGE('',*,*,#3038,.T.);
#3709 = ORIENTED_EDGE('',*,*,#3710,.T.);
#3710 = EDGE_CURVE('',#3031,#3711,#3713,.T.);
#3711 = VERTEX_POINT('',#3712);
#3712 = CARTESIAN_POINT('',(52.252049028312,17.225364576939,24.511));
#3713 = LINE('',#3714,#3715);
#3714 = CARTESIAN_POINT('',(52.252049028312,17.225364576939,19.431));
#3715 = VECTOR('',#3716,1.);
#3716 = DIRECTION('',(0.,0.,1.));
#3717 = ORIENTED_EDGE('',*,*,#3718,.F.);
#3718 = EDGE_CURVE('',#3680,#3711,#3719,.T.);
#3719 = CIRCLE('',#3720,1.);
#3720 = AXIS2_PLACEMENT_3D('',#3721,#3722,#3723);
#3721 = CARTESIAN_POINT('',(53.055100092828,16.629454359054,24.511));
#3722 = DIRECTION('',(-0.,0.,1.));
#3723 = DIRECTION('',(0.,-1.,0.));
#3724 = ORIENTED_EDGE('',*,*,#3679,.F.);
#3725 = CYLINDRICAL_SURFACE('',#3726,1.);
#3726 = AXIS2_PLACEMENT_3D('',#3727,#3728,#3729);
#3727 = CARTESIAN_POINT('',(53.055100092828,16.629454359054,19.431));
#3728 = DIRECTION('',(0.,0.,1.));
#3729 = DIRECTION('',(0.866025342511,0.500000106128,-0.));
#3730 = ADVANCED_FACE('',(#3731),#3749,.T.);
#3731 = FACE_BOUND('',#3732,.T.);
#3732 = EDGE_LOOP('',(#3733,#3734,#3742,#3748));
#3733 = ORIENTED_EDGE('',*,*,#3030,.F.);
#3734 = ORIENTED_EDGE('',*,*,#3735,.T.);
#3735 = EDGE_CURVE('',#3022,#3736,#3738,.T.);
#3736 = VERTEX_POINT('',#3737);
#3737 = CARTESIAN_POINT('',(48.057799771532,11.573177,24.511));
#3738 = LINE('',#3739,#3740);
#3739 = CARTESIAN_POINT('',(48.057799771532,11.573177,19.431));
#3740 = VECTOR('',#3741,1.);
#3741 = DIRECTION('',(0.,0.,1.));
#3742 = ORIENTED_EDGE('',*,*,#3743,.T.);
#3743 = EDGE_CURVE('',#3736,#3711,#3744,.T.);
#3744 = LINE('',#3745,#3746);
#3745 = CARTESIAN_POINT('',(48.057799771532,11.573177,24.511));
#3746 = VECTOR('',#3747,1.);
#3747 = DIRECTION('',(0.595910217885,0.803051064516,0.));
#3748 = ORIENTED_EDGE('',*,*,#3710,.F.);
#3749 = PLANE('',#3750);
#3750 = AXIS2_PLACEMENT_3D('',#3751,#3752,#3753);
#3751 = CARTESIAN_POINT('',(48.057799771532,11.573177,19.431));
#3752 = DIRECTION('',(-0.803051064516,0.595910217885,0.));
#3753 = DIRECTION('',(0.595910217885,0.803051064516,0.));
#3754 = ADVANCED_FACE('',(#3755),#3780,.T.);
#3755 = FACE_BOUND('',#3756,.T.);
#3756 = EDGE_LOOP('',(#3757,#3758,#3766,#3774));
#3757 = ORIENTED_EDGE('',*,*,#2996,.F.);
#3758 = ORIENTED_EDGE('',*,*,#3759,.T.);
#3759 = EDGE_CURVE('',#2988,#3760,#3762,.T.);
#3760 = VERTEX_POINT('',#3761);
#3761 = CARTESIAN_POINT('',(38.072587180562,23.75082364832,24.511));
#3762 = LINE('',#3763,#3764);
#3763 = CARTESIAN_POINT('',(38.072587180562,23.75082364832,19.431));
#3764 = VECTOR('',#3765,1.);
#3765 = DIRECTION('',(0.,0.,1.));
#3766 = ORIENTED_EDGE('',*,*,#3767,.T.);
#3767 = EDGE_CURVE('',#3760,#3768,#3770,.T.);
#3768 = VERTEX_POINT('',#3769);
#3769 = CARTESIAN_POINT('',(45.064649582193,22.944588436378,24.511));
#3770 = LINE('',#3771,#3772);
#3771 = CARTESIAN_POINT('',(38.072587180562,23.75082364832,24.511));
#3772 = VECTOR('',#3773,1.);
#3773 = DIRECTION('',(0.993417688931,-0.114548222681,0.));
#3774 = ORIENTED_EDGE('',*,*,#3775,.F.);
#3775 = EDGE_CURVE('',#2997,#3768,#3776,.T.);
#3776 = LINE('',#3777,#3778);
#3777 = CARTESIAN_POINT('',(45.064649582193,22.944588436378,19.431));
#3778 = VECTOR('',#3779,1.);
#3779 = DIRECTION('',(0.,0.,1.));
#3780 = PLANE('',#3781);
#3781 = AXIS2_PLACEMENT_3D('',#3782,#3783,#3784);
#3782 = CARTESIAN_POINT('',(38.072587180562,23.75082364832,19.431));
#3783 = DIRECTION('',(0.114548222681,0.993417688931,0.));
#3784 = DIRECTION('',(0.993417688931,-0.114548222681,0.));
#3785 = ADVANCED_FACE('',(#3786),#3805,.T.);
#3786 = FACE_BOUND('',#3787,.T.);
#3787 = EDGE_LOOP('',(#3788,#3789,#3790,#3799));
#3788 = ORIENTED_EDGE('',*,*,#3004,.T.);
#3789 = ORIENTED_EDGE('',*,*,#3775,.T.);
#3790 = ORIENTED_EDGE('',*,*,#3791,.F.);
#3791 = EDGE_CURVE('',#3792,#3768,#3794,.T.);
#3792 = VERTEX_POINT('',#3793);
#3793 = CARTESIAN_POINT('',(45.816126712165,21.451170658884,24.511));
#3794 = CIRCLE('',#3795,1.);
#3795 = AXIS2_PLACEMENT_3D('',#3796,#3797,#3798);
#3796 = CARTESIAN_POINT('',(44.950101359512,21.951170747447,24.511));
#3797 = DIRECTION('',(-0.,0.,1.));
#3798 = DIRECTION('',(0.,-1.,0.));
#3799 = ORIENTED_EDGE('',*,*,#3800,.F.);
#3800 = EDGE_CURVE('',#3005,#3792,#3801,.T.);
#3801 = LINE('',#3802,#3803);
#3802 = CARTESIAN_POINT('',(45.816126712165,21.451170658884,19.431));
#3803 = VECTOR('',#3804,1.);
#3804 = DIRECTION('',(0.,0.,1.));
#3805 = CYLINDRICAL_SURFACE('',#3806,1.);
#3806 = AXIS2_PLACEMENT_3D('',#3807,#3808,#3809);
#3807 = CARTESIAN_POINT('',(44.950101359512,21.951170747447,19.431));
#3808 = DIRECTION('',(0.,0.,1.));
#3809 = DIRECTION('',(0.866025352653,-0.500000088563,0.));
#3810 = ADVANCED_FACE('',(#3811),#3829,.T.);
#3811 = FACE_BOUND('',#3812,.T.);
#3812 = EDGE_LOOP('',(#3813,#3814,#3815,#3823));
#3813 = ORIENTED_EDGE('',*,*,#3013,.F.);
#3814 = ORIENTED_EDGE('',*,*,#3800,.T.);
#3815 = ORIENTED_EDGE('',*,*,#3816,.T.);
#3816 = EDGE_CURVE('',#3792,#3817,#3819,.T.);
#3817 = VERTEX_POINT('',#3818);
#3818 = CARTESIAN_POINT('',(42.296931,15.355746323175,24.511));
#3819 = LINE('',#3820,#3821);
#3820 = CARTESIAN_POINT('',(46.577629,22.770131,24.511));
#3821 = VECTOR('',#3822,1.);
#3822 = DIRECTION('',(-0.500000088563,-0.866025352653,0.));
#3823 = ORIENTED_EDGE('',*,*,#3824,.F.);
#3824 = EDGE_CURVE('',#3014,#3817,#3825,.T.);
#3825 = LINE('',#3826,#3827);
#3826 = CARTESIAN_POINT('',(42.296931,15.355746323175,19.431));
#3827 = VECTOR('',#3828,1.);
#3828 = DIRECTION('',(0.,0.,1.));
#3829 = PLANE('',#3830);
#3830 = AXIS2_PLACEMENT_3D('',#3831,#3832,#3833);
#3831 = CARTESIAN_POINT('',(46.577629,22.770131,19.431));
#3832 = DIRECTION('',(0.866025352653,-0.500000088563,0.));
#3833 = DIRECTION('',(-0.500000088563,-0.866025352653,0.));
#3834 = ADVANCED_FACE('',(#3835),#3847,.T.);
#3835 = FACE_BOUND('',#3836,.F.);
#3836 = EDGE_LOOP('',(#3837,#3838,#3845,#3846));
#3837 = ORIENTED_EDGE('',*,*,#3497,.T.);
#3838 = ORIENTED_EDGE('',*,*,#3839,.T.);
#3839 = EDGE_CURVE('',#3498,#3222,#3840,.T.);
#3840 = CIRCLE('',#3841,15.748002219136);
#3841 = AXIS2_PLACEMENT_3D('',#3842,#3843,#3844);
#3842 = CARTESIAN_POINT('',(53.611342,26.309447,24.511));
#3843 = DIRECTION('',(0.,0.,1.));
#3844 = DIRECTION('',(1.,0.,0.));
#3845 = ORIENTED_EDGE('',*,*,#3229,.F.);
#3846 = ORIENTED_EDGE('',*,*,#3294,.T.);
#3847 = CYLINDRICAL_SURFACE('',#3848,15.748002219136);
#3848 = AXIS2_PLACEMENT_3D('',#3849,#3850,#3851);
#3849 = CARTESIAN_POINT('',(53.611342,26.309447,19.431));
#3850 = DIRECTION('',(-0.,-0.,-1.));
#3851 = DIRECTION('',(1.,0.,0.));
#3852 = ADVANCED_FACE('',(#3853),#3859,.T.);
#3853 = FACE_BOUND('',#3854,.T.);
#3854 = EDGE_LOOP('',(#3855,#3856,#3857,#3858));
#3855 = ORIENTED_EDGE('',*,*,#3221,.F.);
#3856 = ORIENTED_EDGE('',*,*,#3252,.T.);
#3857 = ORIENTED_EDGE('',*,*,#3505,.F.);
#3858 = ORIENTED_EDGE('',*,*,#3839,.T.);
#3859 = PLANE('',#3860);
#3860 = AXIS2_PLACEMENT_3D('',#3861,#3862,#3863);
#3861 = CARTESIAN_POINT('',(55.149827280119,25.299283502687,24.511));
#3862 = DIRECTION('',(0.,0.,1.));
#3863 = DIRECTION('',(1.,0.,0.));
#3864 = ADVANCED_FACE('',(#3865,#3871),#3957,.T.);
#3865 = FACE_BOUND('',#3866,.T.);
#3866 = EDGE_LOOP('',(#3867,#3868,#3869,#3870));
#3867 = ORIENTED_EDGE('',*,*,#3268,.F.);
#3868 = ORIENTED_EDGE('',*,*,#3279,.T.);
#3869 = ORIENTED_EDGE('',*,*,#3364,.F.);
#3870 = ORIENTED_EDGE('',*,*,#3373,.T.);
#3871 = FACE_BOUND('',#3872,.T.);
#3872 = EDGE_LOOP('',(#3873,#3884,#3892,#3900,#3908,#3917,#3926,#3934,
    #3942,#3950));
#3873 = ORIENTED_EDGE('',*,*,#3874,.F.);
#3874 = EDGE_CURVE('',#3875,#3877,#3879,.T.);
#3875 = VERTEX_POINT('',#3876);
#3876 = CARTESIAN_POINT('',(55.040092402827,38.289551274901,0.));
#3877 = VERTEX_POINT('',#3878);
#3878 = CARTESIAN_POINT('',(65.676342402827,26.309447,0.));
#3879 = CIRCLE('',#3880,12.065);
#3880 = AXIS2_PLACEMENT_3D('',#3881,#3882,#3883);
#3881 = CARTESIAN_POINT('',(53.611342402827,26.309447,0.));
#3882 = DIRECTION('',(0.,0.,-1.));
#3883 = DIRECTION('',(-1.,-0.,-0.));
#3884 = ORIENTED_EDGE('',*,*,#3885,.T.);
#3885 = EDGE_CURVE('',#3875,#3886,#3888,.T.);
#3886 = VERTEX_POINT('',#3887);
#3887 = CARTESIAN_POINT('',(55.040092402827,41.803447,0.));
#3888 = LINE('',#3889,#3890);
#3889 = CARTESIAN_POINT('',(55.040092402827,38.289551274901,0.));
#3890 = VECTOR('',#3891,1.);
#3891 = DIRECTION('',(0.,1.,0.));
#3892 = ORIENTED_EDGE('',*,*,#3893,.F.);
#3893 = EDGE_CURVE('',#3894,#3886,#3896,.T.);
#3894 = VERTEX_POINT('',#3895);
#3895 = CARTESIAN_POINT('',(52.182592402826,41.803447,0.));
#3896 = LINE('',#3897,#3898);
#3897 = CARTESIAN_POINT('',(52.182592402826,41.803447,0.));
#3898 = VECTOR('',#3899,1.);
#3899 = DIRECTION('',(1.,0.,0.));
#3900 = ORIENTED_EDGE('',*,*,#3901,.F.);
#3901 = EDGE_CURVE('',#3902,#3894,#3904,.T.);
#3902 = VERTEX_POINT('',#3903);
#3903 = CARTESIAN_POINT('',(52.182592402826,38.289551274901,0.));
#3904 = LINE('',#3905,#3906);
#3905 = CARTESIAN_POINT('',(52.182592402826,38.289551274901,0.));
#3906 = VECTOR('',#3907,1.);
#3907 = DIRECTION('',(0.,1.,0.));
#3908 = ORIENTED_EDGE('',*,*,#3909,.T.);
#3909 = EDGE_CURVE('',#3902,#3910,#3912,.T.);
#3910 = VERTEX_POINT('',#3911);
#3911 = CARTESIAN_POINT('',(41.546342402827,26.309447,0.));
#3912 = CIRCLE('',#3913,12.065);
#3913 = AXIS2_PLACEMENT_3D('',#3914,#3915,#3916);
#3914 = CARTESIAN_POINT('',(53.611342402827,26.309447,0.));
#3915 = DIRECTION('',(0.,0.,1.));
#3916 = DIRECTION('',(1.,0.,0.));
#3917 = ORIENTED_EDGE('',*,*,#3918,.F.);
#3918 = EDGE_CURVE('',#3919,#3910,#3921,.T.);
#3919 = VERTEX_POINT('',#3920);
#3920 = CARTESIAN_POINT('',(52.182592402826,14.329342725099,0.));
#3921 = CIRCLE('',#3922,12.065);
#3922 = AXIS2_PLACEMENT_3D('',#3923,#3924,#3925);
#3923 = CARTESIAN_POINT('',(53.611342402827,26.309447,0.));
#3924 = DIRECTION('',(0.,0.,-1.));
#3925 = DIRECTION('',(1.,0.,0.));
#3926 = ORIENTED_EDGE('',*,*,#3927,.T.);
#3927 = EDGE_CURVE('',#3919,#3928,#3930,.T.);
#3928 = VERTEX_POINT('',#3929);
#3929 = CARTESIAN_POINT('',(52.182592402826,10.815447,0.));
#3930 = LINE('',#3931,#3932);
#3931 = CARTESIAN_POINT('',(52.182592402826,14.329342725099,0.));
#3932 = VECTOR('',#3933,1.);
#3933 = DIRECTION('',(-0.,-1.,-0.));
#3934 = ORIENTED_EDGE('',*,*,#3935,.T.);
#3935 = EDGE_CURVE('',#3928,#3936,#3938,.T.);
#3936 = VERTEX_POINT('',#3937);
#3937 = CARTESIAN_POINT('',(55.040092402827,10.815447,0.));
#3938 = LINE('',#3939,#3940);
#3939 = CARTESIAN_POINT('',(52.182592402826,10.815447,0.));
#3940 = VECTOR('',#3941,1.);
#3941 = DIRECTION('',(1.,0.,0.));
#3942 = ORIENTED_EDGE('',*,*,#3943,.F.);
#3943 = EDGE_CURVE('',#3944,#3936,#3946,.T.);
#3944 = VERTEX_POINT('',#3945);
#3945 = CARTESIAN_POINT('',(55.040092402827,14.329342725099,0.));
#3946 = LINE('',#3947,#3948);
#3947 = CARTESIAN_POINT('',(55.040092402827,14.329342725099,0.));
#3948 = VECTOR('',#3949,1.);
#3949 = DIRECTION('',(-0.,-1.,-0.));
#3950 = ORIENTED_EDGE('',*,*,#3951,.T.);
#3951 = EDGE_CURVE('',#3944,#3877,#3952,.T.);
#3952 = CIRCLE('',#3953,12.065);
#3953 = AXIS2_PLACEMENT_3D('',#3954,#3955,#3956);
#3954 = CARTESIAN_POINT('',(53.611342402827,26.309447,0.));
#3955 = DIRECTION('',(0.,0.,1.));
#3956 = DIRECTION('',(-1.,0.,0.));
#3957 = PLANE('',#3958);
#3958 = AXIS2_PLACEMENT_3D('',#3959,#3960,#3961);
#3959 = CARTESIAN_POINT('',(53.611342402827,26.309447,0.));
#3960 = DIRECTION('',(-0.,-0.,-1.));
#3961 = DIRECTION('',(-1.,0.,0.));
#3962 = ADVANCED_FACE('',(#3963),#3975,.T.);
#3963 = FACE_BOUND('',#3964,.F.);
#3964 = EDGE_LOOP('',(#3965,#3966,#3973,#3974));
#3965 = ORIENTED_EDGE('',*,*,#3582,.T.);
#3966 = ORIENTED_EDGE('',*,*,#3967,.T.);
#3967 = EDGE_CURVE('',#3583,#3657,#3968,.T.);
#3968 = CIRCLE('',#3969,15.747999896066);
#3969 = AXIS2_PLACEMENT_3D('',#3970,#3971,#3972);
#3970 = CARTESIAN_POINT('',(53.611342,26.309447,24.511));
#3971 = DIRECTION('',(0.,0.,1.));
#3972 = DIRECTION('',(1.,0.,0.));
#3973 = ORIENTED_EDGE('',*,*,#3664,.F.);
#3974 = ORIENTED_EDGE('',*,*,#3305,.F.);
#3975 = CYLINDRICAL_SURFACE('',#3976,15.747999896066);
#3976 = AXIS2_PLACEMENT_3D('',#3977,#3978,#3979);
#3977 = CARTESIAN_POINT('',(53.611342,26.309447,19.431));
#3978 = DIRECTION('',(-0.,-0.,-1.));
#3979 = DIRECTION('',(1.,0.,0.));
#3980 = ADVANCED_FACE('',(#3981),#3993,.T.);
#3981 = FACE_BOUND('',#3982,.F.);
#3982 = EDGE_LOOP('',(#3983,#3984,#3991,#3992));
#3983 = ORIENTED_EDGE('',*,*,#3759,.T.);
#3984 = ORIENTED_EDGE('',*,*,#3985,.T.);
#3985 = EDGE_CURVE('',#3760,#3817,#3986,.T.);
#3986 = CIRCLE('',#3987,15.747998437718);
#3987 = AXIS2_PLACEMENT_3D('',#3988,#3989,#3990);
#3988 = CARTESIAN_POINT('',(53.611342,26.309447,24.511));
#3989 = DIRECTION('',(0.,0.,1.));
#3990 = DIRECTION('',(1.,0.,0.));
#3991 = ORIENTED_EDGE('',*,*,#3824,.F.);
#3992 = ORIENTED_EDGE('',*,*,#3314,.T.);
#3993 = CYLINDRICAL_SURFACE('',#3994,15.747998437718);
#3994 = AXIS2_PLACEMENT_3D('',#3995,#3996,#3997);
#3995 = CARTESIAN_POINT('',(53.611342,26.309447,19.431));
#3996 = DIRECTION('',(-0.,-0.,-1.));
#3997 = DIRECTION('',(1.,0.,0.));
#3998 = ADVANCED_FACE('',(#3999),#4012,.T.);
#3999 = FACE_BOUND('',#4000,.F.);
#4000 = EDGE_LOOP('',(#4001,#4002,#4009,#4010,#4011));
#4001 = ORIENTED_EDGE('',*,*,#3735,.T.);
#4002 = ORIENTED_EDGE('',*,*,#4003,.T.);
#4003 = EDGE_CURVE('',#3736,#3688,#4004,.T.);
#4004 = CIRCLE('',#4005,15.74799939028);
#4005 = AXIS2_PLACEMENT_3D('',#4006,#4007,#4008);
#4006 = CARTESIAN_POINT('',(53.611342,26.309447,24.511));
#4007 = DIRECTION('',(0.,0.,1.));
#4008 = DIRECTION('',(1.,0.,0.));
#4009 = ORIENTED_EDGE('',*,*,#3695,.F.);
#4010 = ORIENTED_EDGE('',*,*,#3331,.F.);
#4011 = ORIENTED_EDGE('',*,*,#3322,.T.);
#4012 = CYLINDRICAL_SURFACE('',#4013,15.74799939028);
#4013 = AXIS2_PLACEMENT_3D('',#4014,#4015,#4016);
#4014 = CARTESIAN_POINT('',(53.611342,26.309447,19.431));
#4015 = DIRECTION('',(-0.,-0.,-1.));
#4016 = DIRECTION('',(1.,0.,0.));
#4017 = ADVANCED_FACE('',(#4018),#4024,.T.);
#4018 = FACE_BOUND('',#4019,.T.);
#4019 = EDGE_LOOP('',(#4020,#4021,#4022,#4023));
#4020 = ORIENTED_EDGE('',*,*,#3541,.F.);
#4021 = ORIENTED_EDGE('',*,*,#3565,.T.);
#4022 = ORIENTED_EDGE('',*,*,#3614,.F.);
#4023 = ORIENTED_EDGE('',*,*,#3347,.T.);
#4024 = PLANE('',#4025);
#4025 = AXIS2_PLACEMENT_3D('',#4026,#4027,#4028);
#4026 = CARTESIAN_POINT('',(55.149827280119,25.299283502687,24.511));
#4027 = DIRECTION('',(0.,0.,1.));
#4028 = DIRECTION('',(1.,0.,0.));
#4029 = ADVANCED_FACE('',(#4030),#4056,.T.);
#4030 = FACE_BOUND('',#4031,.F.);
#4031 = EDGE_LOOP('',(#4032,#4042,#4048,#4049,#4050));
#4032 = ORIENTED_EDGE('',*,*,#4033,.F.);
#4033 = EDGE_CURVE('',#4034,#4036,#4038,.T.);
#4034 = VERTEX_POINT('',#4035);
#4035 = CARTESIAN_POINT('',(55.040092402827,10.815447,12.573));
#4036 = VERTEX_POINT('',#4037);
#4037 = CARTESIAN_POINT('',(52.182592402826,10.815447,12.573));
#4038 = LINE('',#4039,#4040);
#4039 = CARTESIAN_POINT('',(55.040092402827,10.815447,12.573));
#4040 = VECTOR('',#4041,1.);
#4041 = DIRECTION('',(-1.,0.,0.));
#4042 = ORIENTED_EDGE('',*,*,#4043,.F.);
#4043 = EDGE_CURVE('',#3394,#4034,#4044,.T.);
#4044 = LINE('',#4045,#4046);
#4045 = CARTESIAN_POINT('',(55.040092402827,10.62639316991,12.573));
#4046 = VECTOR('',#4047,1.);
#4047 = DIRECTION('',(0.,1.,0.));
#4048 = ORIENTED_EDGE('',*,*,#3393,.F.);
#4049 = ORIENTED_EDGE('',*,*,#3382,.T.);
#4050 = ORIENTED_EDGE('',*,*,#4051,.T.);
#4051 = EDGE_CURVE('',#3385,#4036,#4052,.T.);
#4052 = LINE('',#4053,#4054);
#4053 = CARTESIAN_POINT('',(52.182592402826,10.62639316991,12.573));
#4054 = VECTOR('',#4055,1.);
#4055 = DIRECTION('',(0.,1.,0.));
#4056 = PLANE('',#4057);
#4057 = AXIS2_PLACEMENT_3D('',#4058,#4059,#4060);
#4058 = CARTESIAN_POINT('',(53.611342402827,10.701107892318,12.573));
#4059 = DIRECTION('',(0.,0.,1.));
#4060 = DIRECTION('',(-1.,0.,0.));
#4061 = ADVANCED_FACE('',(#4062),#4117,.T.);
#4062 = FACE_BOUND('',#4063,.T.);
#4063 = EDGE_LOOP('',(#4064,#4072,#4080,#4086,#4087,#4093,#4094,#4095,
    #4101,#4102,#4110,#4116));
#4064 = ORIENTED_EDGE('',*,*,#4065,.T.);
#4065 = EDGE_CURVE('',#3875,#4066,#4068,.T.);
#4066 = VERTEX_POINT('',#4067);
#4067 = CARTESIAN_POINT('',(55.040092402827,38.289551274901,12.573));
#4068 = LINE('',#4069,#4070);
#4069 = CARTESIAN_POINT('',(55.040092402827,38.289551274901,0.));
#4070 = VECTOR('',#4071,1.);
#4071 = DIRECTION('',(0.,0.,1.));
#4072 = ORIENTED_EDGE('',*,*,#4073,.F.);
#4073 = EDGE_CURVE('',#4074,#4066,#4076,.T.);
#4074 = VERTEX_POINT('',#4075);
#4075 = CARTESIAN_POINT('',(55.040092402827,14.329342725099,12.573));
#4076 = LINE('',#4077,#4078);
#4077 = CARTESIAN_POINT('',(55.040092402827,10.62639316991,12.573));
#4078 = VECTOR('',#4079,1.);
#4079 = DIRECTION('',(0.,1.,0.));
#4080 = ORIENTED_EDGE('',*,*,#4081,.F.);
#4081 = EDGE_CURVE('',#3944,#4074,#4082,.T.);
#4082 = LINE('',#4083,#4084);
#4083 = CARTESIAN_POINT('',(55.040092402827,14.329342725099,0.));
#4084 = VECTOR('',#4085,1.);
#4085 = DIRECTION('',(0.,0.,1.));
#4086 = ORIENTED_EDGE('',*,*,#3943,.T.);
#4087 = ORIENTED_EDGE('',*,*,#4088,.T.);
#4088 = EDGE_CURVE('',#3936,#4034,#4089,.T.);
#4089 = LINE('',#4090,#4091);
#4090 = CARTESIAN_POINT('',(55.040092402827,10.815447,0.));
#4091 = VECTOR('',#4092,1.);
#4092 = DIRECTION('',(0.,0.,1.));
#4093 = ORIENTED_EDGE('',*,*,#4043,.F.);
#4094 = ORIENTED_EDGE('',*,*,#3402,.T.);
#4095 = ORIENTED_EDGE('',*,*,#4096,.T.);
#4096 = EDGE_CURVE('',#3403,#3465,#4097,.T.);
#4097 = LINE('',#4098,#4099);
#4098 = CARTESIAN_POINT('',(55.040092402827,10.62639316991,15.621));
#4099 = VECTOR('',#4100,1.);
#4100 = DIRECTION('',(0.,1.,0.));
#4101 = ORIENTED_EDGE('',*,*,#3473,.F.);
#4102 = ORIENTED_EDGE('',*,*,#4103,.T.);
#4103 = EDGE_CURVE('',#3474,#4104,#4106,.T.);
#4104 = VERTEX_POINT('',#4105);
#4105 = CARTESIAN_POINT('',(55.040092402827,41.803447,12.573));
#4106 = LINE('',#4107,#4108);
#4107 = CARTESIAN_POINT('',(55.040092402827,41.99250083009,12.573));
#4108 = VECTOR('',#4109,1.);
#4109 = DIRECTION('',(-0.,-1.,-0.));
#4110 = ORIENTED_EDGE('',*,*,#4111,.F.);
#4111 = EDGE_CURVE('',#3886,#4104,#4112,.T.);
#4112 = LINE('',#4113,#4114);
#4113 = CARTESIAN_POINT('',(55.040092402827,41.803447,0.));
#4114 = VECTOR('',#4115,1.);
#4115 = DIRECTION('',(0.,0.,1.));
#4116 = ORIENTED_EDGE('',*,*,#3885,.F.);
#4117 = PLANE('',#4118);
#4118 = AXIS2_PLACEMENT_3D('',#4119,#4120,#4121);
#4119 = CARTESIAN_POINT('',(55.040092402827,26.309447,10.057668081322));
#4120 = DIRECTION('',(-1.,-0.,-0.));
#4121 = DIRECTION('',(0.,0.,-1.));
#4122 = ADVANCED_FACE('',(#4123),#4136,.T.);
#4123 = FACE_BOUND('',#4124,.T.);
#4124 = EDGE_LOOP('',(#4125,#4131,#4132,#4133,#4134,#4135));
#4125 = ORIENTED_EDGE('',*,*,#4126,.F.);
#4126 = EDGE_CURVE('',#3448,#3420,#4127,.T.);
#4127 = LINE('',#4128,#4129);
#4128 = CARTESIAN_POINT('',(52.182592402826,41.99250083009,15.621));
#4129 = VECTOR('',#4130,1.);
#4130 = DIRECTION('',(0.,-1.,0.));
#4131 = ORIENTED_EDGE('',*,*,#3455,.F.);
#4132 = ORIENTED_EDGE('',*,*,#3464,.T.);
#4133 = ORIENTED_EDGE('',*,*,#4096,.F.);
#4134 = ORIENTED_EDGE('',*,*,#3410,.F.);
#4135 = ORIENTED_EDGE('',*,*,#3419,.T.);
#4136 = PLANE('',#4137);
#4137 = AXIS2_PLACEMENT_3D('',#4138,#4139,#4140);
#4138 = CARTESIAN_POINT('',(53.611342402827,26.309447,15.621));
#4139 = DIRECTION('',(-0.,-0.,-1.));
#4140 = DIRECTION('',(-1.,0.,0.));
#4141 = ADVANCED_FACE('',(#4142),#4192,.T.);
#4142 = FACE_BOUND('',#4143,.T.);
#4143 = EDGE_LOOP('',(#4144,#4152,#4153,#4161,#4167,#4168,#4169,#4170,
    #4171,#4177,#4178,#4186));
#4144 = ORIENTED_EDGE('',*,*,#4145,.F.);
#4145 = EDGE_CURVE('',#3902,#4146,#4148,.T.);
#4146 = VERTEX_POINT('',#4147);
#4147 = CARTESIAN_POINT('',(52.182592402826,38.289551274901,12.573));
#4148 = LINE('',#4149,#4150);
#4149 = CARTESIAN_POINT('',(52.182592402826,38.289551274901,0.));
#4150 = VECTOR('',#4151,1.);
#4151 = DIRECTION('',(0.,0.,1.));
#4152 = ORIENTED_EDGE('',*,*,#3901,.T.);
#4153 = ORIENTED_EDGE('',*,*,#4154,.T.);
#4154 = EDGE_CURVE('',#3894,#4155,#4157,.T.);
#4155 = VERTEX_POINT('',#4156);
#4156 = CARTESIAN_POINT('',(52.182592402826,41.803447,12.573));
#4157 = LINE('',#4158,#4159);
#4158 = CARTESIAN_POINT('',(52.182592402826,41.803447,0.));
#4159 = VECTOR('',#4160,1.);
#4160 = DIRECTION('',(0.,0.,1.));
#4161 = ORIENTED_EDGE('',*,*,#4162,.F.);
#4162 = EDGE_CURVE('',#3439,#4155,#4163,.T.);
#4163 = LINE('',#4164,#4165);
#4164 = CARTESIAN_POINT('',(52.182592402826,41.99250083009,12.573));
#4165 = VECTOR('',#4166,1.);
#4166 = DIRECTION('',(0.,-1.,0.));
#4167 = ORIENTED_EDGE('',*,*,#3447,.T.);
#4168 = ORIENTED_EDGE('',*,*,#4126,.T.);
#4169 = ORIENTED_EDGE('',*,*,#3428,.F.);
#4170 = ORIENTED_EDGE('',*,*,#4051,.T.);
#4171 = ORIENTED_EDGE('',*,*,#4172,.F.);
#4172 = EDGE_CURVE('',#3928,#4036,#4173,.T.);
#4173 = LINE('',#4174,#4175);
#4174 = CARTESIAN_POINT('',(52.182592402826,10.815447,0.));
#4175 = VECTOR('',#4176,1.);
#4176 = DIRECTION('',(0.,0.,1.));
#4177 = ORIENTED_EDGE('',*,*,#3927,.F.);
#4178 = ORIENTED_EDGE('',*,*,#4179,.T.);
#4179 = EDGE_CURVE('',#3919,#4180,#4182,.T.);
#4180 = VERTEX_POINT('',#4181);
#4181 = CARTESIAN_POINT('',(52.182592402826,14.329342725099,12.573));
#4182 = LINE('',#4183,#4184);
#4183 = CARTESIAN_POINT('',(52.182592402826,14.329342725099,0.));
#4184 = VECTOR('',#4185,1.);
#4185 = DIRECTION('',(0.,0.,1.));
#4186 = ORIENTED_EDGE('',*,*,#4187,.T.);
#4187 = EDGE_CURVE('',#4180,#4146,#4188,.T.);
#4188 = LINE('',#4189,#4190);
#4189 = CARTESIAN_POINT('',(52.182592402826,10.62639316991,12.573));
#4190 = VECTOR('',#4191,1.);
#4191 = DIRECTION('',(0.,1.,0.));
#4192 = PLANE('',#4193);
#4193 = AXIS2_PLACEMENT_3D('',#4194,#4195,#4196);
#4194 = CARTESIAN_POINT('',(52.182592402826,26.309447,10.057668081322));
#4195 = DIRECTION('',(1.,0.,0.));
#4196 = DIRECTION('',(0.,0.,1.));
#4197 = ADVANCED_FACE('',(#4198),#4210,.T.);
#4198 = FACE_BOUND('',#4199,.T.);
#4199 = EDGE_LOOP('',(#4200,#4206,#4207,#4208,#4209));
#4200 = ORIENTED_EDGE('',*,*,#4201,.F.);
#4201 = EDGE_CURVE('',#4104,#4155,#4202,.T.);
#4202 = LINE('',#4203,#4204);
#4203 = CARTESIAN_POINT('',(55.040092402827,41.803447,12.573));
#4204 = VECTOR('',#4205,1.);
#4205 = DIRECTION('',(-1.,-0.,-0.));
#4206 = ORIENTED_EDGE('',*,*,#4103,.F.);
#4207 = ORIENTED_EDGE('',*,*,#3481,.F.);
#4208 = ORIENTED_EDGE('',*,*,#3436,.T.);
#4209 = ORIENTED_EDGE('',*,*,#4162,.T.);
#4210 = PLANE('',#4211);
#4211 = AXIS2_PLACEMENT_3D('',#4212,#4213,#4214);
#4212 = CARTESIAN_POINT('',(53.611342402827,41.917786107682,12.573));
#4213 = DIRECTION('',(0.,0.,1.));
#4214 = DIRECTION('',(1.,0.,0.));
#4215 = ADVANCED_FACE('',(#4216),#4222,.T.);
#4216 = FACE_BOUND('',#4217,.T.);
#4217 = EDGE_LOOP('',(#4218,#4219,#4220,#4221));
#4218 = ORIENTED_EDGE('',*,*,#3656,.F.);
#4219 = ORIENTED_EDGE('',*,*,#3631,.T.);
#4220 = ORIENTED_EDGE('',*,*,#3590,.F.);
#4221 = ORIENTED_EDGE('',*,*,#3967,.T.);
#4222 = PLANE('',#4223);
#4223 = AXIS2_PLACEMENT_3D('',#4224,#4225,#4226);
#4224 = CARTESIAN_POINT('',(55.149827280119,25.299283502687,24.511));
#4225 = DIRECTION('',(0.,0.,1.));
#4226 = DIRECTION('',(1.,0.,0.));
#4227 = ADVANCED_FACE('',(#4228),#4234,.T.);
#4228 = FACE_BOUND('',#4229,.T.);
#4229 = EDGE_LOOP('',(#4230,#4231,#4232,#4233));
#4230 = ORIENTED_EDGE('',*,*,#3687,.F.);
#4231 = ORIENTED_EDGE('',*,*,#3718,.T.);
#4232 = ORIENTED_EDGE('',*,*,#3743,.F.);
#4233 = ORIENTED_EDGE('',*,*,#4003,.T.);
#4234 = PLANE('',#4235);
#4235 = AXIS2_PLACEMENT_3D('',#4236,#4237,#4238);
#4236 = CARTESIAN_POINT('',(55.149827280119,25.299283502687,24.511));
#4237 = DIRECTION('',(0.,0.,1.));
#4238 = DIRECTION('',(1.,0.,0.));
#4239 = ADVANCED_FACE('',(#4240),#4246,.T.);
#4240 = FACE_BOUND('',#4241,.T.);
#4241 = EDGE_LOOP('',(#4242,#4243,#4244,#4245));
#4242 = ORIENTED_EDGE('',*,*,#3816,.F.);
#4243 = ORIENTED_EDGE('',*,*,#3791,.T.);
#4244 = ORIENTED_EDGE('',*,*,#3767,.F.);
#4245 = ORIENTED_EDGE('',*,*,#3985,.T.);
#4246 = PLANE('',#4247);
#4247 = AXIS2_PLACEMENT_3D('',#4248,#4249,#4250);
#4248 = CARTESIAN_POINT('',(55.149827280119,25.299283502687,24.511));
#4249 = DIRECTION('',(0.,0.,1.));
#4250 = DIRECTION('',(1.,0.,0.));
#4251 = ADVANCED_FACE('',(#4252),#4274,.F.);
#4252 = FACE_BOUND('',#4253,.F.);
#4253 = EDGE_LOOP('',(#4254,#4255,#4256,#4257,#4258,#4267));
#4254 = ORIENTED_EDGE('',*,*,#4081,.F.);
#4255 = ORIENTED_EDGE('',*,*,#3951,.T.);
#4256 = ORIENTED_EDGE('',*,*,#3874,.F.);
#4257 = ORIENTED_EDGE('',*,*,#4065,.T.);
#4258 = ORIENTED_EDGE('',*,*,#4259,.T.);
#4259 = EDGE_CURVE('',#4066,#4260,#4262,.T.);
#4260 = VERTEX_POINT('',#4261);
#4261 = CARTESIAN_POINT('',(65.676342402827,26.309447,12.573));
#4262 = CIRCLE('',#4263,12.065);
#4263 = AXIS2_PLACEMENT_3D('',#4264,#4265,#4266);
#4264 = CARTESIAN_POINT('',(53.611342402827,26.309447,12.573));
#4265 = DIRECTION('',(0.,0.,-1.));
#4266 = DIRECTION('',(-1.,-0.,-0.));
#4267 = ORIENTED_EDGE('',*,*,#4268,.F.);
#4268 = EDGE_CURVE('',#4074,#4260,#4269,.T.);
#4269 = CIRCLE('',#4270,12.065);
#4270 = AXIS2_PLACEMENT_3D('',#4271,#4272,#4273);
#4271 = CARTESIAN_POINT('',(53.611342402827,26.309447,12.573));
#4272 = DIRECTION('',(0.,0.,1.));
#4273 = DIRECTION('',(-1.,0.,0.));
#4274 = CYLINDRICAL_SURFACE('',#4275,12.065);
#4275 = AXIS2_PLACEMENT_3D('',#4276,#4277,#4278);
#4276 = CARTESIAN_POINT('',(53.611342402827,26.309447,0.));
#4277 = DIRECTION('',(0.,0.,-1.));
#4278 = DIRECTION('',(-1.,-0.,-0.));
#4279 = ADVANCED_FACE('',(#4280),#4286,.T.);
#4280 = FACE_BOUND('',#4281,.T.);
#4281 = EDGE_LOOP('',(#4282,#4283,#4284,#4285));
#4282 = ORIENTED_EDGE('',*,*,#4154,.F.);
#4283 = ORIENTED_EDGE('',*,*,#3893,.T.);
#4284 = ORIENTED_EDGE('',*,*,#4111,.T.);
#4285 = ORIENTED_EDGE('',*,*,#4201,.T.);
#4286 = PLANE('',#4287);
#4287 = AXIS2_PLACEMENT_3D('',#4288,#4289,#4290);
#4288 = CARTESIAN_POINT('',(53.611342402827,41.803447,6.2865));
#4289 = DIRECTION('',(-0.,-1.,-0.));
#4290 = DIRECTION('',(0.,0.,-1.));
#4291 = ADVANCED_FACE('',(#4292),#4314,.F.);
#4292 = FACE_BOUND('',#4293,.T.);
#4293 = EDGE_LOOP('',(#4294,#4303,#4304,#4305,#4306,#4307));
#4294 = ORIENTED_EDGE('',*,*,#4295,.F.);
#4295 = EDGE_CURVE('',#4180,#4296,#4298,.T.);
#4296 = VERTEX_POINT('',#4297);
#4297 = CARTESIAN_POINT('',(41.546342402827,26.309447,12.573));
#4298 = CIRCLE('',#4299,12.065);
#4299 = AXIS2_PLACEMENT_3D('',#4300,#4301,#4302);
#4300 = CARTESIAN_POINT('',(53.611342402827,26.309447,12.573));
#4301 = DIRECTION('',(0.,0.,-1.));
#4302 = DIRECTION('',(1.,0.,0.));
#4303 = ORIENTED_EDGE('',*,*,#4179,.F.);
#4304 = ORIENTED_EDGE('',*,*,#3918,.T.);
#4305 = ORIENTED_EDGE('',*,*,#3909,.F.);
#4306 = ORIENTED_EDGE('',*,*,#4145,.T.);
#4307 = ORIENTED_EDGE('',*,*,#4308,.T.);
#4308 = EDGE_CURVE('',#4146,#4296,#4309,.T.);
#4309 = CIRCLE('',#4310,12.065);
#4310 = AXIS2_PLACEMENT_3D('',#4311,#4312,#4313);
#4311 = CARTESIAN_POINT('',(53.611342402827,26.309447,12.573));
#4312 = DIRECTION('',(0.,0.,1.));
#4313 = DIRECTION('',(1.,0.,0.));
#4314 = CYLINDRICAL_SURFACE('',#4315,12.065);
#4315 = AXIS2_PLACEMENT_3D('',#4316,#4317,#4318);
#4316 = CARTESIAN_POINT('',(53.611342402827,26.309447,0.));
#4317 = DIRECTION('',(-0.,-0.,-1.));
#4318 = DIRECTION('',(1.,0.,0.));
#4319 = ADVANCED_FACE('',(#4320),#4326,.T.);
#4320 = FACE_BOUND('',#4321,.F.);
#4321 = EDGE_LOOP('',(#4322,#4323,#4324,#4325));
#4322 = ORIENTED_EDGE('',*,*,#4172,.F.);
#4323 = ORIENTED_EDGE('',*,*,#3935,.T.);
#4324 = ORIENTED_EDGE('',*,*,#4088,.T.);
#4325 = ORIENTED_EDGE('',*,*,#4033,.T.);
#4326 = PLANE('',#4327);
#4327 = AXIS2_PLACEMENT_3D('',#4328,#4329,#4330);
#4328 = CARTESIAN_POINT('',(53.611342402827,10.815447,6.2865));
#4329 = DIRECTION('',(0.,1.,0.));
#4330 = DIRECTION('',(0.,0.,1.));
#4331 = ADVANCED_FACE('',(#4332),#4337,.T.);
#4332 = FACE_BOUND('',#4333,.T.);
#4333 = EDGE_LOOP('',(#4334,#4335,#4336));
#4334 = ORIENTED_EDGE('',*,*,#4259,.T.);
#4335 = ORIENTED_EDGE('',*,*,#4268,.F.);
#4336 = ORIENTED_EDGE('',*,*,#4073,.T.);
#4337 = PLANE('',#4338);
#4338 = AXIS2_PLACEMENT_3D('',#4339,#4340,#4341);
#4339 = CARTESIAN_POINT('',(58.979527204248,26.309447,12.573));
#4340 = DIRECTION('',(-0.,-0.,-1.));
#4341 = DIRECTION('',(-1.,0.,0.));
#4342 = ADVANCED_FACE('',(#4343),#4348,.T.);
#4343 = FACE_BOUND('',#4344,.T.);
#4344 = EDGE_LOOP('',(#4345,#4346,#4347));
#4345 = ORIENTED_EDGE('',*,*,#4308,.F.);
#4346 = ORIENTED_EDGE('',*,*,#4187,.F.);
#4347 = ORIENTED_EDGE('',*,*,#4295,.T.);
#4348 = PLANE('',#4349);
#4349 = AXIS2_PLACEMENT_3D('',#4350,#4351,#4352);
#4350 = CARTESIAN_POINT('',(48.243157601405,26.309447,12.573));
#4351 = DIRECTION('',(-0.,-0.,-1.));
#4352 = DIRECTION('',(-1.,0.,0.));
#4353 = ( GEOMETRIC_REPRESENTATION_CONTEXT(3) 
GLOBAL_UNCERTAINTY_ASSIGNED_CONTEXT((#4357)) 
GLOBAL_UNIT_ASSIGNED_CONTEXT((#4354,#4355,#4356)) REPRESENTATION_CONTEXT
('Context #1','3D Context with UNIT and UNCERTAINTY') );
#4354 = ( LENGTH_UNIT() NAMED_UNIT(*) SI_UNIT(.MILLI.,.METRE.) );
#4355 = ( NAMED_UNIT(*) PLANE_ANGLE_UNIT() SI_UNIT($,.RADIAN.) );
#4356 = ( NAMED_UNIT(*) SI_UNIT($,.STERADIAN.) SOLID_ANGLE_UNIT() );
#4357 = UNCERTAINTY_MEASURE_WITH_UNIT(LENGTH_MEASURE(5.E-07),#4354,
  'distance_accuracy_value','confusion accuracy');
#4358 = CONTEXT_DEPENDENT_SHAPE_REPRESENTATION(#4359,#4361);
#4359 = ( REPRESENTATION_RELATIONSHIP('','',#2862,#10) 
REPRESENTATION_RELATIONSHIP_WITH_TRANSFORMATION(#4360) 
SHAPE_REPRESENTATION_RELATIONSHIP() );
#4360 = ITEM_DEFINED_TRANSFORMATION('','',#11,#23);
#4361 = PRODUCT_DEFINITION_SHAPE('Placement','Placement of an item',
  #4362);
#4362 = NEXT_ASSEMBLY_USAGE_OCCURRENCE('6','Adapter001','',#5,#2857,$);
#4363 = PRODUCT_RELATED_PRODUCT_CATEGORY('part',$,(#2859));
#4364 = MECHANICAL_DESIGN_GEOMETRIC_PRESENTATION_REPRESENTATION('',(
    #4365),#2844);
#4365 = STYLED_ITEM('color',(#4366),#1341);
#4366 = PRESENTATION_STYLE_ASSIGNMENT((#4367,#4373));
#4367 = SURFACE_STYLE_USAGE(.BOTH.,#4368);
#4368 = SURFACE_SIDE_STYLE('',(#4369));
#4369 = SURFACE_STYLE_FILL_AREA(#4370);
#4370 = FILL_AREA_STYLE('',(#4371));
#4371 = FILL_AREA_STYLE_COLOUR('',#4372);
#4372 = COLOUR_RGB('',0.447058818107,0.474509808674,0.501960817233);
#4373 = CURVE_STYLE('',#4374,POSITIVE_LENGTH_MEASURE(0.1),#4375);
#4374 = DRAUGHTING_PRE_DEFINED_CURVE_FONT('continuous');
#4375 = COLOUR_RGB('',9.803921802644E-02,9.803921802644E-02,
  9.803921802644E-02);
#4376 = MECHANICAL_DESIGN_GEOMETRIC_PRESENTATION_REPRESENTATION('',(
    #4377),#4353);
#4377 = STYLED_ITEM('color',(#4378),#2863);
#4378 = PRESENTATION_STYLE_ASSIGNMENT((#4379,#4384));
#4379 = SURFACE_STYLE_USAGE(.BOTH.,#4380);
#4380 = SURFACE_SIDE_STYLE('',(#4381));
#4381 = SURFACE_STYLE_FILL_AREA(#4382);
#4382 = FILL_AREA_STYLE('',(#4383));
#4383 = FILL_AREA_STYLE_COLOUR('',#4372);
#4384 = CURVE_STYLE('',#4385,POSITIVE_LENGTH_MEASURE(0.1),#4375);
#4385 = DRAUGHTING_PRE_DEFINED_CURVE_FONT('continuous');
#4386 = MECHANICAL_DESIGN_GEOMETRIC_PRESENTATION_REPRESENTATION('',(
    #4387),#1322);
#4387 = STYLED_ITEM('color',(#4388),#41);
#4388 = PRESENTATION_STYLE_ASSIGNMENT((#4389,#4394));
#4389 = SURFACE_STYLE_USAGE(.BOTH.,#4390);
#4390 = SURFACE_SIDE_STYLE('',(#4391));
#4391 = SURFACE_STYLE_FILL_AREA(#4392);
#4392 = FILL_AREA_STYLE('',(#4393));
#4393 = FILL_AREA_STYLE_COLOUR('',#4372);
#4394 = CURVE_STYLE('',#4395,POSITIVE_LENGTH_MEASURE(0.1),#4375);
#4395 = DRAUGHTING_PRE_DEFINED_CURVE_FONT('continuous');
ENDSEC;
END-ISO-10303-21;
