ISO-10303-21;
HEADER;
FILE_DESCRIPTION(('FreeCAD Model'),'2;1');
FILE_NAME('Open CASCADE Shape Model','2026-09-07T22:44:40',(''),(''),
  'Open CASCADE STEP processor 7.8','FreeCAD','Unknown');
FILE_SCHEMA(('AUTOMOTIVE_DESIGN { 1 0 10303 214 1 1 1 1 }'));
ENDSEC;
DATA;
#1 = APPLICATION_PROTOCOL_DEFINITION('international standard',
  'automotive_design',2000,#2);
#2 = APPLICATION_CONTEXT(
  'core data for automotive mechanical design processes');
#3 = SHAPE_DEFINITION_REPRESENTATION(#4,#10);
#4 = PRODUCT_DEFINITION_SHAPE('','',#5);
#5 = PRODUCT_DEFINITION('design','',#6,#9);
#6 = PRODUCT_DEFINITION_FORMATION('','',#7);
#7 = PRODUCT('Din Rail Mount Base Part','Din Rail Mount Base Part','',(
    #8));
#8 = PRODUCT_CONTEXT('',#2,'mechanical');
#9 = PRODUCT_DEFINITION_CONTEXT('part definition',#2,'design');
#10 = ADVANCED_BREP_SHAPE_REPRESENTATION('',(#11,#15),#2726);
#11 = AXIS2_PLACEMENT_3D('',#12,#13,#14);
#12 = CARTESIAN_POINT('',(0.,0.,0.));
#13 = DIRECTION('',(0.,0.,1.));
#14 = DIRECTION('',(1.,0.,-0.));
#15 = MANIFOLD_SOLID_BREP('',#16);
#16 = CLOSED_SHELL('',(#17,#57,#569,#594,#626,#754,#788,#812,#836,#860,
    #884,#908,#932,#956,#980,#1004,#1028,#1052,#1076,#1100,#1124,#1148,
    #1172,#1196,#1253,#1277,#1301,#1325,#1349,#1373,#1397,#1421,#1445,
    #1469,#1493,#1517,#1541,#1565,#1589,#1613,#1637,#1661,#1685,#1709,
    #1733,#1757,#1781,#1805,#1829,#1853,#1877,#1901,#1925,#1949,#1973,
    #1997,#2021,#2045,#2069,#2093,#2117,#2141,#2165,#2222,#2246,#2270,
    #2287,#2311,#2476,#2493,#2510,#2527,#2544,#2561,#2578,#2595,#2612,
    #2629,#2646,#2663,#2675,#2692,#2709));
#17 = ADVANCED_FACE('',(#18),#52,.T.);
#18 = FACE_BOUND('',#19,.T.);
#19 = EDGE_LOOP('',(#20,#30,#38,#46));
#20 = ORIENTED_EDGE('',*,*,#21,.F.);
#21 = EDGE_CURVE('',#22,#24,#26,.T.);
#22 = VERTEX_POINT('',#23);
#23 = CARTESIAN_POINT('',(-24.69532394409,-0.600481033325,0.));
#24 = VERTEX_POINT('',#25);
#25 = CARTESIAN_POINT('',(-20.09277071933,1.853493751792,0.));
#26 = LINE('',#27,#28);
#27 = CARTESIAN_POINT('',(-24.69532394409,-0.600481033325,0.));
#28 = VECTOR('',#29,1.);
#29 = DIRECTION('',(0.882410273521,0.470480721375,0.));
#30 = ORIENTED_EDGE('',*,*,#31,.T.);
#31 = EDGE_CURVE('',#22,#32,#34,.T.);
#32 = VERTEX_POINT('',#33);
#33 = CARTESIAN_POINT('',(-24.69532394409,-0.600481033325,3.175));
#34 = LINE('',#35,#36);
#35 = CARTESIAN_POINT('',(-24.69532394409,-0.600481033325,0.));
#36 = VECTOR('',#37,1.);
#37 = DIRECTION('',(0.,0.,1.));
#38 = ORIENTED_EDGE('',*,*,#39,.T.);
#39 = EDGE_CURVE('',#32,#40,#42,.T.);
#40 = VERTEX_POINT('',#41);
#41 = CARTESIAN_POINT('',(-20.09277071933,1.853493751792,3.175));
#42 = LINE('',#43,#44);
#43 = CARTESIAN_POINT('',(-24.69532394409,-0.600481033325,3.175));
#44 = VECTOR('',#45,1.);
#45 = DIRECTION('',(0.882410273521,0.470480721375,0.));
#46 = ORIENTED_EDGE('',*,*,#47,.F.);
#47 = EDGE_CURVE('',#24,#40,#48,.T.);
#48 = LINE('',#49,#50);
#49 = CARTESIAN_POINT('',(-20.09277071933,1.853493751792,0.));
#50 = VECTOR('',#51,1.);
#51 = DIRECTION('',(0.,0.,1.));
#52 = PLANE('',#53);
#53 = AXIS2_PLACEMENT_3D('',#54,#55,#56);
#54 = CARTESIAN_POINT('',(-24.69532394409,-0.600481033325,0.));
#55 = DIRECTION('',(-0.470480721375,0.882410273521,0.));
#56 = DIRECTION('',(0.882410273521,0.470480721375,0.));
#57 = ADVANCED_FACE('',(#58),#564,.T.);
#58 = FACE_BOUND('',#59,.T.);
#59 = EDGE_LOOP('',(#60,#61,#70,#78,#86,#94,#102,#110,#118,#126,#134,
    #142,#150,#158,#166,#174,#182,#190,#198,#206,#214,#222,#230,#238,
    #246,#254,#262,#270,#278,#286,#294,#302,#310,#318,#326,#334,#342,
    #350,#358,#366,#374,#382,#390,#398,#406,#414,#422,#430,#438,#446,
    #454,#462,#470,#478,#486,#494,#502,#510,#518,#526,#534,#542,#550,
    #558));
#60 = ORIENTED_EDGE('',*,*,#21,.T.);
#61 = ORIENTED_EDGE('',*,*,#62,.T.);
#62 = EDGE_CURVE('',#24,#63,#65,.T.);
#63 = VERTEX_POINT('',#64);
#64 = CARTESIAN_POINT('',(-19.59341281242,2.462454733071,0.));
#65 = CIRCLE('',#66,1.025398);
#66 = AXIS2_PLACEMENT_3D('',#67,#68,#69);
#67 = CARTESIAN_POINT('',(-20.57520071007,2.75831548144,0.));
#68 = DIRECTION('',(-0.,0.,1.));
#69 = DIRECTION('',(0.,-1.,0.));
#70 = ORIENTED_EDGE('',*,*,#71,.T.);
#71 = EDGE_CURVE('',#63,#72,#74,.T.);
#72 = VERTEX_POINT('',#73);
#73 = CARTESIAN_POINT('',(-18.46397399902,6.210398197174,0.));
#74 = LINE('',#75,#76);
#75 = CARTESIAN_POINT('',(-21.30920410156,-3.231247901917,0.));
#76 = VECTOR('',#77,1.);
#77 = DIRECTION('',(0.288532597459,0.957470072746,0.));
#78 = ORIENTED_EDGE('',*,*,#79,.T.);
#79 = EDGE_CURVE('',#72,#80,#82,.T.);
#80 = VERTEX_POINT('',#81);
#81 = CARTESIAN_POINT('',(-18.44281768798,6.479609489441,0.));
#82 = LINE('',#83,#84);
#83 = CARTESIAN_POINT('',(-18.46397399902,6.210398197174,0.));
#84 = VECTOR('',#85,1.);
#85 = DIRECTION('',(7.83447206481E-02,0.996926328645,0.));
#86 = ORIENTED_EDGE('',*,*,#87,.T.);
#87 = EDGE_CURVE('',#80,#88,#90,.T.);
#88 = VERTEX_POINT('',#89);
#89 = CARTESIAN_POINT('',(-18.53544044494,6.733269691467,0.));
#90 = LINE('',#91,#92);
#91 = CARTESIAN_POINT('',(-18.44281768798,6.479609489441,0.));
#92 = VECTOR('',#93,1.);
#93 = DIRECTION('',(-0.342994383885,0.939337454073,0.));
#94 = ORIENTED_EDGE('',*,*,#95,.T.);
#95 = EDGE_CURVE('',#88,#96,#98,.T.);
#96 = VERTEX_POINT('',#97);
#97 = CARTESIAN_POINT('',(-18.7250957489,6.925504207611,0.));
#98 = LINE('',#99,#100);
#99 = CARTESIAN_POINT('',(-18.53544044494,6.733269691467,0.));
#100 = VECTOR('',#101,1.);
#101 = DIRECTION('',(-0.702315097154,0.711866212367,0.));
#102 = ORIENTED_EDGE('',*,*,#103,.T.);
#103 = EDGE_CURVE('',#96,#104,#106,.T.);
#104 = VERTEX_POINT('',#105);
#105 = CARTESIAN_POINT('',(-21.62906837463,8.819341659546,0.));
#106 = LINE('',#107,#108);
#107 = CARTESIAN_POINT('',(-18.7250957489,6.925504207611,0.));
#108 = VECTOR('',#109,1.);
#109 = DIRECTION('',(-0.837618217,0.546256096122,0.));
#110 = ORIENTED_EDGE('',*,*,#111,.T.);
#111 = EDGE_CURVE('',#104,#112,#114,.T.);
#112 = VERTEX_POINT('',#113);
#113 = CARTESIAN_POINT('',(-21.78308677673,8.960927963257,0.));
#114 = LINE('',#115,#116);
#115 = CARTESIAN_POINT('',(-21.62906837463,8.819341659546,0.));
#116 = VECTOR('',#117,1.);
#117 = DIRECTION('',(-0.736194431411,0.676770093281,0.));
#118 = ORIENTED_EDGE('',*,*,#119,.T.);
#119 = EDGE_CURVE('',#112,#120,#122,.T.);
#120 = VERTEX_POINT('',#121);
#121 = CARTESIAN_POINT('',(-21.8827342987,9.144879341125,0.));
#122 = LINE('',#123,#124);
#123 = CARTESIAN_POINT('',(-21.78308677673,8.960927963257,0.));
#124 = VECTOR('',#125,1.);
#125 = DIRECTION('',(-0.476309728421,0.879277568582,0.));
#126 = ORIENTED_EDGE('',*,*,#127,.T.);
#127 = EDGE_CURVE('',#120,#128,#130,.T.);
#128 = VERTEX_POINT('',#129);
#129 = CARTESIAN_POINT('',(-21.91719818115,9.351228713989,0.));
#130 = LINE('',#131,#132);
#131 = CARTESIAN_POINT('',(-21.8827342987,9.144879341125,0.));
#132 = VECTOR('',#133,1.);
#133 = DIRECTION('',(-0.164735321634,0.986337809174,0.));
#134 = ORIENTED_EDGE('',*,*,#135,.T.);
#135 = EDGE_CURVE('',#128,#136,#138,.T.);
#136 = VERTEX_POINT('',#137);
#137 = CARTESIAN_POINT('',(-21.91719818115,10.352378845215,0.));
#138 = LINE('',#139,#140);
#139 = CARTESIAN_POINT('',(-21.91719818115,9.351228713989,0.));
#140 = VECTOR('',#141,1.);
#141 = DIRECTION('',(0.,1.,0.));
#142 = ORIENTED_EDGE('',*,*,#143,.T.);
#143 = EDGE_CURVE('',#136,#144,#146,.T.);
#144 = VERTEX_POINT('',#145);
#145 = CARTESIAN_POINT('',(28.184301376343,10.352378845215,0.));
#146 = LINE('',#147,#148);
#147 = CARTESIAN_POINT('',(-21.91719818115,10.352378845215,0.));
#148 = VECTOR('',#149,1.);
#149 = DIRECTION('',(1.,0.,0.));
#150 = ORIENTED_EDGE('',*,*,#151,.T.);
#151 = EDGE_CURVE('',#144,#152,#154,.T.);
#152 = VERTEX_POINT('',#153);
#153 = CARTESIAN_POINT('',(28.184301376343,9.564346313477,0.));
#154 = LINE('',#155,#156);
#155 = CARTESIAN_POINT('',(28.184301376343,10.352378845215,0.));
#156 = VECTOR('',#157,1.);
#157 = DIRECTION('',(0.,-1.,0.));
#158 = ORIENTED_EDGE('',*,*,#159,.T.);
#159 = EDGE_CURVE('',#152,#160,#162,.T.);
#160 = VERTEX_POINT('',#161);
#161 = CARTESIAN_POINT('',(28.08073425293,8.760028839111,0.));
#162 = LINE('',#163,#164);
#163 = CARTESIAN_POINT('',(28.184301376343,9.564346313477,0.));
#164 = VECTOR('',#165,1.);
#165 = DIRECTION('',(-0.127709614532,-0.991811602249,0.));
#166 = ORIENTED_EDGE('',*,*,#167,.T.);
#167 = EDGE_CURVE('',#160,#168,#170,.T.);
#168 = VERTEX_POINT('',#169);
#169 = CARTESIAN_POINT('',(27.776790618896,8.008183479309,0.));
#170 = LINE('',#171,#172);
#171 = CARTESIAN_POINT('',(28.08073425293,8.760028839111,0.));
#172 = VECTOR('',#173,1.);
#173 = DIRECTION('',(-0.374795691907,-0.927107431384,0.));
#174 = ORIENTED_EDGE('',*,*,#175,.T.);
#175 = EDGE_CURVE('',#168,#176,#178,.T.);
#176 = VERTEX_POINT('',#177);
#177 = CARTESIAN_POINT('',(27.292293548584,7.357862472534,0.));
#178 = LINE('',#179,#180);
#179 = CARTESIAN_POINT('',(27.776790618896,8.008183479309,0.));
#180 = VECTOR('',#181,1.);
#181 = DIRECTION('',(-0.597437048259,-0.801915814389,0.));
#182 = ORIENTED_EDGE('',*,*,#183,.T.);
#183 = EDGE_CURVE('',#176,#184,#186,.T.);
#184 = VERTEX_POINT('',#185);
#185 = CARTESIAN_POINT('',(24.374397277832,4.338788509369,0.));
#186 = LINE('',#187,#188);
#187 = CARTESIAN_POINT('',(27.292293548584,7.357862472534,0.));
#188 = VECTOR('',#189,1.);
#189 = DIRECTION('',(-0.694955375572,-0.719052867294,0.));
#190 = ORIENTED_EDGE('',*,*,#191,.T.);
#191 = EDGE_CURVE('',#184,#192,#194,.T.);
#192 = VERTEX_POINT('',#193);
#193 = CARTESIAN_POINT('',(23.889902114868,3.688466787338,0.));
#194 = LINE('',#195,#196);
#195 = CARTESIAN_POINT('',(24.374397277832,4.338788509369,0.));
#196 = VECTOR('',#197,1.);
#197 = DIRECTION('',(-0.597435113225,-0.80191725601,0.));
#198 = ORIENTED_EDGE('',*,*,#199,.T.);
#199 = EDGE_CURVE('',#192,#200,#202,.T.);
#200 = VERTEX_POINT('',#201);
#201 = CARTESIAN_POINT('',(23.585956573486,2.936622142792,0.));
#202 = LINE('',#203,#204);
#203 = CARTESIAN_POINT('',(23.889902114868,3.688466787338,0.));
#204 = VECTOR('',#205,1.);
#205 = DIRECTION('',(-0.374798019959,-0.927106490234,0.));
#206 = ORIENTED_EDGE('',*,*,#207,.T.);
#207 = EDGE_CURVE('',#200,#208,#210,.T.);
#208 = VERTEX_POINT('',#209);
#209 = CARTESIAN_POINT('',(23.482389450073,2.132304668427,0.));
#210 = LINE('',#211,#212);
#211 = CARTESIAN_POINT('',(23.585956573486,2.936622142792,0.));
#212 = VECTOR('',#213,1.);
#213 = DIRECTION('',(-0.127709614532,-0.991811602249,0.));
#214 = ORIENTED_EDGE('',*,*,#215,.T.);
#215 = EDGE_CURVE('',#208,#216,#218,.T.);
#216 = VERTEX_POINT('',#217);
#217 = CARTESIAN_POINT('',(23.482389450073,-3.875488042831,0.));
#218 = LINE('',#219,#220);
#219 = CARTESIAN_POINT('',(23.482389450073,2.132304668427,0.));
#220 = VECTOR('',#221,1.);
#221 = DIRECTION('',(0.,-1.,0.));
#222 = ORIENTED_EDGE('',*,*,#223,.T.);
#223 = EDGE_CURVE('',#216,#224,#226,.T.);
#224 = VERTEX_POINT('',#225);
#225 = CARTESIAN_POINT('',(23.397315979004,-4.192987918854,0.));
#226 = LINE('',#227,#228);
#227 = CARTESIAN_POINT('',(23.482389450073,-3.875488042831,0.));
#228 = VECTOR('',#229,1.);
#229 = DIRECTION('',(-0.258818011017,-0.965926103371,0.));
#230 = ORIENTED_EDGE('',*,*,#231,.T.);
#231 = EDGE_CURVE('',#224,#232,#234,.T.);
#232 = VERTEX_POINT('',#233);
#233 = CARTESIAN_POINT('',(23.164890289307,-4.425414085388,0.));
#234 = LINE('',#235,#236);
#235 = CARTESIAN_POINT('',(23.397315979004,-4.192987918854,0.));
#236 = VECTOR('',#237,1.);
#237 = DIRECTION('',(-0.707106055848,-0.707107506524,0.));
#238 = ORIENTED_EDGE('',*,*,#239,.T.);
#239 = EDGE_CURVE('',#232,#240,#242,.T.);
#240 = VERTEX_POINT('',#241);
#241 = CARTESIAN_POINT('',(22.847389221191,-4.510488033295,0.));
#242 = LINE('',#243,#244);
#243 = CARTESIAN_POINT('',(23.164890289307,-4.425414085388,0.));
#244 = VECTOR('',#245,1.);
#245 = DIRECTION('',(-0.965925983644,-0.258818457846,0.));
#246 = ORIENTED_EDGE('',*,*,#247,.T.);
#247 = EDGE_CURVE('',#240,#248,#250,.T.);
#248 = VERTEX_POINT('',#249);
#249 = CARTESIAN_POINT('',(13.956198692322,-4.510488033295,0.));
#250 = LINE('',#251,#252);
#251 = CARTESIAN_POINT('',(22.847389221191,-4.510488033295,0.));
#252 = VECTOR('',#253,1.);
#253 = DIRECTION('',(-1.,0.,0.));
#254 = ORIENTED_EDGE('',*,*,#255,.T.);
#255 = EDGE_CURVE('',#248,#256,#258,.T.);
#256 = VERTEX_POINT('',#257);
#257 = CARTESIAN_POINT('',(13.638698577881,-4.425414085388,0.));
#258 = LINE('',#259,#260);
#259 = CARTESIAN_POINT('',(13.956198692322,-4.510488033295,0.));
#260 = VECTOR('',#261,1.);
#261 = DIRECTION('',(-0.965925789291,0.258819183182,0.));
#262 = ORIENTED_EDGE('',*,*,#263,.T.);
#263 = EDGE_CURVE('',#256,#264,#266,.T.);
#264 = VERTEX_POINT('',#265);
#265 = CARTESIAN_POINT('',(13.406272888184,-4.192987918854,0.));
#266 = LINE('',#267,#268);
#267 = CARTESIAN_POINT('',(13.638698577881,-4.425414085388,0.));
#268 = VECTOR('',#269,1.);
#269 = DIRECTION('',(-0.707106055848,0.707107506524,0.));
#270 = ORIENTED_EDGE('',*,*,#271,.T.);
#271 = EDGE_CURVE('',#264,#272,#274,.T.);
#272 = VERTEX_POINT('',#273);
#273 = CARTESIAN_POINT('',(13.321199417114,-3.875488042831,0.));
#274 = LINE('',#275,#276);
#275 = CARTESIAN_POINT('',(13.406272888184,-4.192987918854,0.));
#276 = VECTOR('',#277,1.);
#277 = DIRECTION('',(-0.258818011017,0.965926103371,0.));
#278 = ORIENTED_EDGE('',*,*,#279,.T.);
#279 = EDGE_CURVE('',#272,#280,#282,.T.);
#280 = VERTEX_POINT('',#281);
#281 = CARTESIAN_POINT('',(13.321199417114,-2.310223817825,0.));
#282 = LINE('',#283,#284);
#283 = CARTESIAN_POINT('',(13.321199417114,-3.875488042831,0.));
#284 = VECTOR('',#285,1.);
#285 = DIRECTION('',(0.,1.,0.));
#286 = ORIENTED_EDGE('',*,*,#287,.T.);
#287 = EDGE_CURVE('',#280,#288,#290,.T.);
#288 = VERTEX_POINT('',#289);
#289 = CARTESIAN_POINT('',(13.384920120239,-2.032977581024,0.));
#290 = LINE('',#291,#292);
#291 = CARTESIAN_POINT('',(13.321199417114,-2.310223817825,0.));
#292 = VECTOR('',#293,1.);
#293 = DIRECTION('',(0.223994342021,0.974590444619,0.));
#294 = ORIENTED_EDGE('',*,*,#295,.T.);
#295 = EDGE_CURVE('',#288,#296,#298,.T.);
#296 = VERTEX_POINT('',#297);
#297 = CARTESIAN_POINT('',(13.56329536438,-1.811373710632,0.));
#298 = LINE('',#299,#300);
#299 = CARTESIAN_POINT('',(13.384920120239,-2.032977581024,0.));
#300 = VECTOR('',#301,1.);
#301 = DIRECTION('',(0.627033197894,0.778992534457,0.));
#302 = ORIENTED_EDGE('',*,*,#303,.T.);
#303 = EDGE_CURVE('',#296,#304,#306,.T.);
#304 = VERTEX_POINT('',#305);
#305 = CARTESIAN_POINT('',(13.820524215698,-1.689887285233,0.));
#306 = LINE('',#307,#308);
#307 = CARTESIAN_POINT('',(13.56329536438,-1.811373710632,0.));
#308 = VECTOR('',#309,1.);
#309 = DIRECTION('',(0.904225237745,0.427055873892,0.));
#310 = ORIENTED_EDGE('',*,*,#311,.T.);
#311 = EDGE_CURVE('',#304,#312,#314,.T.);
#312 = VERTEX_POINT('',#313);
#313 = CARTESIAN_POINT('',(16.623199462891,-1.076910614967,0.));
#314 = LINE('',#315,#316);
#315 = CARTESIAN_POINT('',(13.820524215698,-1.689887285233,0.));
#316 = VECTOR('',#317,1.);
#317 = DIRECTION('',(0.976907914767,0.213660773345,0.));
#318 = ORIENTED_EDGE('',*,*,#319,.T.);
#319 = EDGE_CURVE('',#312,#320,#322,.T.);
#320 = VERTEX_POINT('',#321);
#321 = CARTESIAN_POINT('',(16.623199462891,0.108423650265,0.));
#322 = LINE('',#323,#324);
#323 = CARTESIAN_POINT('',(16.623199462891,-1.076910614967,0.));
#324 = VECTOR('',#325,1.);
#325 = DIRECTION('',(0.,1.,0.));
#326 = ORIENTED_EDGE('',*,*,#327,.T.);
#327 = EDGE_CURVE('',#320,#328,#330,.T.);
#328 = VERTEX_POINT('',#329);
#329 = CARTESIAN_POINT('',(-16.05474853515,0.108423650265,0.));
#330 = LINE('',#331,#332);
#331 = CARTESIAN_POINT('',(16.623199462891,0.108423650265,0.));
#332 = VECTOR('',#333,1.);
#333 = DIRECTION('',(-1.,0.,0.));
#334 = ORIENTED_EDGE('',*,*,#335,.T.);
#335 = EDGE_CURVE('',#328,#336,#338,.T.);
#336 = VERTEX_POINT('',#337);
#337 = CARTESIAN_POINT('',(-16.34791564941,0.180149301887,0.));
#338 = LINE('',#339,#340);
#339 = CARTESIAN_POINT('',(-16.05474853515,0.108423650265,0.));
#340 = VECTOR('',#341,1.);
#341 = DIRECTION('',(-0.971351160488,0.237648738727,0.));
#342 = ORIENTED_EDGE('',*,*,#343,.T.);
#343 = EDGE_CURVE('',#336,#344,#346,.T.);
#344 = VERTEX_POINT('',#345);
#345 = CARTESIAN_POINT('',(-16.57485580444,0.379122912884,0.));
#346 = LINE('',#347,#348);
#347 = CARTESIAN_POINT('',(-16.34791564941,0.180149301887,0.));
#348 = VECTOR('',#349,1.);
#349 = DIRECTION('',(-0.751917923815,0.659256729845,0.));
#350 = ORIENTED_EDGE('',*,*,#351,.T.);
#351 = EDGE_CURVE('',#344,#352,#354,.T.);
#352 = VERTEX_POINT('',#353);
#353 = CARTESIAN_POINT('',(-16.68429756164,0.660394787788,0.));
#354 = LINE('',#355,#356);
#355 = CARTESIAN_POINT('',(-16.57485580444,0.379122912884,0.));
#356 = VECTOR('',#357,1.);
#357 = DIRECTION('',(-0.362613902258,0.931939460421,0.));
#358 = ORIENTED_EDGE('',*,*,#359,.T.);
#359 = EDGE_CURVE('',#352,#360,#362,.T.);
#360 = VERTEX_POINT('',#361);
#361 = CARTESIAN_POINT('',(-16.65151977539,0.960423588753,0.));
#362 = LINE('',#363,#364);
#363 = CARTESIAN_POINT('',(-16.68429756164,0.660394787788,0.));
#364 = VECTOR('',#365,1.);
#365 = DIRECTION('',(0.108602619221,0.994085243376,0.));
#366 = ORIENTED_EDGE('',*,*,#367,.T.);
#367 = EDGE_CURVE('',#360,#368,#370,.T.);
#368 = VERTEX_POINT('',#369);
#369 = CARTESIAN_POINT('',(-14.71139812469,6.295951843262,0.));
#370 = LINE('',#371,#372);
#371 = CARTESIAN_POINT('',(-16.65151977539,0.960423588753,0.));
#372 = VECTOR('',#373,1.);
#373 = DIRECTION('',(0.341732104531,0.939797408345,0.));
#374 = ORIENTED_EDGE('',*,*,#375,.T.);
#375 = EDGE_CURVE('',#368,#376,#378,.T.);
#376 = VERTEX_POINT('',#377);
#377 = CARTESIAN_POINT('',(-14.65753364563,6.706269264221,0.));
#378 = LINE('',#379,#380);
#379 = CARTESIAN_POINT('',(-14.71139812469,6.295951843262,0.));
#380 = VECTOR('',#381,1.);
#381 = DIRECTION('',(0.130158415325,0.991493210728,0.));
#382 = ORIENTED_EDGE('',*,*,#383,.T.);
#383 = EDGE_CURVE('',#376,#384,#386,.T.);
#384 = VERTEX_POINT('',#385);
#385 = CARTESIAN_POINT('',(-14.82554626464,7.084466934204,0.));
#386 = LINE('',#387,#388);
#387 = CARTESIAN_POINT('',(-14.65753364563,6.706269264221,0.));
#388 = VECTOR('',#389,1.);
#389 = DIRECTION('',(-0.40598665091,0.913879006917,0.));
#390 = ORIENTED_EDGE('',*,*,#391,.T.);
#391 = EDGE_CURVE('',#384,#392,#394,.T.);
#392 = VERTEX_POINT('',#393);
#393 = CARTESIAN_POINT('',(-15.16613101959,7.319550991058,0.));
#394 = LINE('',#395,#396);
#395 = CARTESIAN_POINT('',(-14.82554626464,7.084466934204,0.));
#396 = VECTOR('',#397,1.);
#397 = DIRECTION('',(-0.822989091123,0.568057176605,0.));
#398 = ORIENTED_EDGE('',*,*,#399,.T.);
#399 = EDGE_CURVE('',#392,#400,#402,.T.);
#400 = VERTEX_POINT('',#401);
#401 = CARTESIAN_POINT('',(-15.57933044433,7.342529296875,0.));
#402 = LINE('',#403,#404);
#403 = CARTESIAN_POINT('',(-15.16613101959,7.319550991058,0.));
#404 = VECTOR('',#405,1.);
#405 = DIRECTION('',(-0.998457302714,5.552490122868E-02,0.));
#406 = ORIENTED_EDGE('',*,*,#407,.T.);
#407 = EDGE_CURVE('',#400,#408,#410,.T.);
#408 = VERTEX_POINT('',#409);
#409 = CARTESIAN_POINT('',(-15.94388103485,7.146657943726,0.));
#410 = LINE('',#411,#412);
#411 = CARTESIAN_POINT('',(-15.57933044433,7.342529296875,0.));
#412 = VECTOR('',#413,1.);
#413 = DIRECTION('',(-0.880899548547,-0.473303269976,0.));
#414 = ORIENTED_EDGE('',*,*,#415,.T.);
#415 = EDGE_CURVE('',#408,#416,#418,.T.);
#416 = VERTEX_POINT('',#417);
#417 = CARTESIAN_POINT('',(-16.15279388427,6.78942155838,0.));
#418 = LINE('',#419,#420);
#419 = CARTESIAN_POINT('',(-15.94388103485,7.146657943726,0.));
#420 = VECTOR('',#421,1.);
#421 = DIRECTION('',(-0.504817175266,-0.863226285256,0.));
#422 = ORIENTED_EDGE('',*,*,#423,.T.);
#423 = EDGE_CURVE('',#416,#424,#426,.T.);
#424 = VERTEX_POINT('',#425);
#425 = CARTESIAN_POINT('',(-18.05543899536,1.446586661041E-02,0.));
#426 = LINE('',#427,#428);
#427 = CARTESIAN_POINT('',(-16.15279388427,6.78942155838,0.));
#428 = VECTOR('',#429,1.);
#429 = DIRECTION('',(-0.270375357914,-0.962754987436,0.));
#430 = ORIENTED_EDGE('',*,*,#431,.T.);
#431 = EDGE_CURVE('',#424,#432,#434,.T.);
#432 = VERTEX_POINT('',#433);
#433 = CARTESIAN_POINT('',(-18.06719017028,-0.377489626408,0.));
#434 = LINE('',#435,#436);
#435 = CARTESIAN_POINT('',(-18.05543899536,1.446586661041E-02,0.));
#436 = VECTOR('',#437,1.);
#437 = DIRECTION('',(-2.996742589243E-02,-0.999550875836,0.));
#438 = ORIENTED_EDGE('',*,*,#439,.T.);
#439 = EDGE_CURVE('',#432,#440,#442,.T.);
#440 = VERTEX_POINT('',#441);
#441 = CARTESIAN_POINT('',(-18.06719017028,-0.769621193409,0.));
#442 = LINE('',#443,#444);
#443 = CARTESIAN_POINT('',(-18.06719017028,-0.377489626408,0.));
#444 = VECTOR('',#445,1.);
#445 = DIRECTION('',(0.,-1.,0.));
#446 = ORIENTED_EDGE('',*,*,#447,.T.);
#447 = EDGE_CURVE('',#440,#448,#450,.T.);
#448 = VERTEX_POINT('',#449);
#449 = CARTESIAN_POINT('',(-18.05543899536,-1.161576628685,0.));
#450 = LINE('',#451,#452);
#451 = CARTESIAN_POINT('',(-18.06719017028,-0.769621193409,0.));
#452 = VECTOR('',#453,1.);
#453 = DIRECTION('',(2.99674303032E-02,-0.999550875704,0.));
#454 = ORIENTED_EDGE('',*,*,#455,.T.);
#455 = EDGE_CURVE('',#448,#456,#458,.T.);
#456 = VERTEX_POINT('',#457);
#457 = CARTESIAN_POINT('',(-16.78543853759,-1.161576628685,0.));
#458 = LINE('',#459,#460);
#459 = CARTESIAN_POINT('',(-18.05543899536,-1.161576628685,0.));
#460 = VECTOR('',#461,1.);
#461 = DIRECTION('',(1.,0.,0.));
#462 = ORIENTED_EDGE('',*,*,#463,.T.);
#463 = EDGE_CURVE('',#456,#464,#466,.T.);
#464 = VERTEX_POINT('',#465);
#465 = CARTESIAN_POINT('',(-16.78543853759,-1.808777570724,0.));
#466 = LINE('',#467,#468);
#467 = CARTESIAN_POINT('',(-16.78543853759,-1.161576628685,0.));
#468 = VECTOR('',#469,1.);
#469 = DIRECTION('',(0.,-1.,0.));
#470 = ORIENTED_EDGE('',*,*,#471,.T.);
#471 = EDGE_CURVE('',#464,#472,#474,.T.);
#472 = VERTEX_POINT('',#473);
#473 = CARTESIAN_POINT('',(-18.54129600524,-4.722272872925,0.));
#474 = LINE('',#475,#476);
#475 = CARTESIAN_POINT('',(-16.78543853759,-1.808777570724,0.));
#476 = VECTOR('',#477,1.);
#477 = DIRECTION('',(-0.516172200172,-0.856484827518,0.));
#478 = ORIENTED_EDGE('',*,*,#479,.T.);
#479 = EDGE_CURVE('',#472,#480,#482,.T.);
#480 = VERTEX_POINT('',#481);
#481 = CARTESIAN_POINT('',(-18.88010406494,-5.092407226562,0.));
#482 = LINE('',#483,#484);
#483 = CARTESIAN_POINT('',(-18.54129600524,-4.722272872925,0.));
#484 = VECTOR('',#485,1.);
#485 = DIRECTION('',(-0.675202746044,-0.737632192718,0.));
#486 = ORIENTED_EDGE('',*,*,#487,.T.);
#487 = EDGE_CURVE('',#480,#488,#490,.T.);
#488 = VERTEX_POINT('',#489);
#489 = CARTESIAN_POINT('',(-19.33582687377,-5.302424430847,0.));
#490 = LINE('',#491,#492);
#491 = CARTESIAN_POINT('',(-18.88010406494,-5.092407226562,0.));
#492 = VECTOR('',#493,1.);
#493 = DIRECTION('',(-0.908199150622,-0.418538293121,0.));
#494 = ORIENTED_EDGE('',*,*,#495,.T.);
#495 = EDGE_CURVE('',#488,#496,#498,.T.);
#496 = VERTEX_POINT('',#497);
#497 = CARTESIAN_POINT('',(-19.8373222351,-5.319537162781,0.));
#498 = LINE('',#499,#500);
#499 = CARTESIAN_POINT('',(-19.33582687377,-5.302424430847,0.));
#500 = VECTOR('',#501,1.);
#501 = DIRECTION('',(-0.999418304386,-3.410356077312E-02,0.));
#502 = ORIENTED_EDGE('',*,*,#503,.T.);
#503 = EDGE_CURVE('',#496,#504,#506,.T.);
#504 = VERTEX_POINT('',#505);
#505 = CARTESIAN_POINT('',(-24.55208587646,-4.535664081573,0.));
#506 = LINE('',#507,#508);
#507 = CARTESIAN_POINT('',(-19.8373222351,-5.319537162781,0.));
#508 = VECTOR('',#509,1.);
#509 = DIRECTION('',(-0.986459018787,0.164007939605,0.));
#510 = ORIENTED_EDGE('',*,*,#511,.T.);
#511 = EDGE_CURVE('',#504,#512,#514,.T.);
#512 = VERTEX_POINT('',#513);
#513 = CARTESIAN_POINT('',(-25.03301239013,-4.349576473236,0.));
#514 = LINE('',#515,#516);
#515 = CARTESIAN_POINT('',(-24.55208587646,-4.535664081573,0.));
#516 = VECTOR('',#517,1.);
#517 = DIRECTION('',(-0.93261868004,0.360863405792,0.));
#518 = ORIENTED_EDGE('',*,*,#519,.T.);
#519 = EDGE_CURVE('',#512,#520,#522,.T.);
#520 = VERTEX_POINT('',#521);
#521 = CARTESIAN_POINT('',(-25.40030670166,-3.987620353699,0.));
#522 = LINE('',#523,#524);
#523 = CARTESIAN_POINT('',(-25.03301239013,-4.349576473236,0.));
#524 = VECTOR('',#525,1.);
#525 = DIRECTION('',(-0.712263796552,0.701911877746,0.));
#526 = ORIENTED_EDGE('',*,*,#527,.T.);
#527 = EDGE_CURVE('',#520,#528,#530,.T.);
#528 = VERTEX_POINT('',#529);
#529 = CARTESIAN_POINT('',(-25.59341430664,-3.509471416473,0.));
#530 = LINE('',#531,#532);
#531 = CARTESIAN_POINT('',(-25.40030670166,-3.987620353699,0.));
#532 = VECTOR('',#533,1.);
#533 = DIRECTION('',(-0.374478048085,0.927235779887,0.));
#534 = ORIENTED_EDGE('',*,*,#535,.T.);
#535 = EDGE_CURVE('',#528,#536,#538,.T.);
#536 = VERTEX_POINT('',#537);
#537 = CARTESIAN_POINT('',(-25.58049964904,-2.993960857391,0.));
#538 = LINE('',#539,#540);
#539 = CARTESIAN_POINT('',(-25.59341430664,-3.509471416473,0.));
#540 = VECTOR('',#541,1.);
#541 = DIRECTION('',(2.50443110821E-02,0.999686342051,0.));
#542 = ORIENTED_EDGE('',*,*,#543,.T.);
#543 = EDGE_CURVE('',#536,#544,#546,.T.);
#544 = VERTEX_POINT('',#545);
#545 = CARTESIAN_POINT('',(-25.1295967102,-1.063764452934,0.));
#546 = LINE('',#547,#548);
#547 = CARTESIAN_POINT('',(-25.58049964904,-2.993960857391,0.));
#548 = VECTOR('',#549,1.);
#549 = DIRECTION('',(0.227480209741,0.973782703777,0.));
#550 = ORIENTED_EDGE('',*,*,#551,.T.);
#551 = EDGE_CURVE('',#544,#552,#554,.T.);
#552 = VERTEX_POINT('',#553);
#553 = CARTESIAN_POINT('',(-24.974527359,-0.773941278458,0.));
#554 = LINE('',#555,#556);
#555 = CARTESIAN_POINT('',(-25.1295967102,-1.063764452934,0.));
#556 = VECTOR('',#557,1.);
#557 = DIRECTION('',(0.471764970651,0.881724340407,0.));
#558 = ORIENTED_EDGE('',*,*,#559,.T.);
#559 = EDGE_CURVE('',#552,#22,#560,.T.);
#560 = LINE('',#561,#562);
#561 = CARTESIAN_POINT('',(-24.974527359,-0.773941278458,0.));
#562 = VECTOR('',#563,1.);
#563 = DIRECTION('',(0.849419841445,0.527717664059,0.));
#564 = PLANE('',#565);
#565 = AXIS2_PLACEMENT_3D('',#566,#567,#568);
#566 = CARTESIAN_POINT('',(-0.630833720996,3.576966930217,0.));
#567 = DIRECTION('',(-0.,-0.,-1.));
#568 = DIRECTION('',(-1.,0.,0.));
#569 = ADVANCED_FACE('',(#570),#589,.F.);
#570 = FACE_BOUND('',#571,.F.);
#571 = EDGE_LOOP('',(#572,#573,#581,#588));
#572 = ORIENTED_EDGE('',*,*,#62,.T.);
#573 = ORIENTED_EDGE('',*,*,#574,.T.);
#574 = EDGE_CURVE('',#63,#575,#577,.T.);
#575 = VERTEX_POINT('',#576);
#576 = CARTESIAN_POINT('',(-19.59341281242,2.462454733071,3.175));
#577 = LINE('',#578,#579);
#578 = CARTESIAN_POINT('',(-19.59341281242,2.462454733071,0.));
#579 = VECTOR('',#580,1.);
#580 = DIRECTION('',(0.,0.,1.));
#581 = ORIENTED_EDGE('',*,*,#582,.F.);
#582 = EDGE_CURVE('',#40,#575,#583,.T.);
#583 = CIRCLE('',#584,1.025398);
#584 = AXIS2_PLACEMENT_3D('',#585,#586,#587);
#585 = CARTESIAN_POINT('',(-20.57520071007,2.75831548144,3.175));
#586 = DIRECTION('',(-0.,0.,1.));
#587 = DIRECTION('',(0.,-1.,0.));
#588 = ORIENTED_EDGE('',*,*,#47,.F.);
#589 = CYLINDRICAL_SURFACE('',#590,1.025398);
#590 = AXIS2_PLACEMENT_3D('',#591,#592,#593);
#591 = CARTESIAN_POINT('',(-20.57520071007,2.75831548144,0.));
#592 = DIRECTION('',(0.,0.,1.));
#593 = DIRECTION('',(0.470480721375,-0.882410273521,0.));
#594 = ADVANCED_FACE('',(#595),#621,.T.);
#595 = FACE_BOUND('',#596,.T.);
#596 = EDGE_LOOP('',(#597,#605,#613,#619,#620));
#597 = ORIENTED_EDGE('',*,*,#598,.T.);
#598 = EDGE_CURVE('',#552,#599,#601,.T.);
#599 = VERTEX_POINT('',#600);
#600 = CARTESIAN_POINT('',(-24.974527359,-0.773941278458,12.7));
#601 = LINE('',#602,#603);
#602 = CARTESIAN_POINT('',(-24.974527359,-0.773941278458,0.));
#603 = VECTOR('',#604,1.);
#604 = DIRECTION('',(0.,0.,1.));
#605 = ORIENTED_EDGE('',*,*,#606,.T.);
#606 = EDGE_CURVE('',#599,#607,#609,.T.);
#607 = VERTEX_POINT('',#608);
#608 = CARTESIAN_POINT('',(-24.69532394409,-0.600481033325,12.7));
#609 = LINE('',#610,#611);
#610 = CARTESIAN_POINT('',(-24.974527359,-0.773941278458,12.7));
#611 = VECTOR('',#612,1.);
#612 = DIRECTION('',(0.849419841445,0.527717664059,0.));
#613 = ORIENTED_EDGE('',*,*,#614,.F.);
#614 = EDGE_CURVE('',#32,#607,#615,.T.);
#615 = LINE('',#616,#617);
#616 = CARTESIAN_POINT('',(-24.69532394409,-0.600481033325,0.));
#617 = VECTOR('',#618,1.);
#618 = DIRECTION('',(0.,0.,1.));
#619 = ORIENTED_EDGE('',*,*,#31,.F.);
#620 = ORIENTED_EDGE('',*,*,#559,.F.);
#621 = PLANE('',#622);
#622 = AXIS2_PLACEMENT_3D('',#623,#624,#625);
#623 = CARTESIAN_POINT('',(-24.974527359,-0.773941278458,0.));
#624 = DIRECTION('',(-0.527717664059,0.849419841445,0.));
#625 = DIRECTION('',(0.849419841445,0.527717664059,0.));
#626 = ADVANCED_FACE('',(#627),#749,.T.);
#627 = FACE_BOUND('',#628,.T.);
#628 = EDGE_LOOP('',(#629,#630,#638,#646,#654,#662,#670,#678,#686,#694,
    #702,#710,#718,#726,#734,#742,#748));
#629 = ORIENTED_EDGE('',*,*,#39,.F.);
#630 = ORIENTED_EDGE('',*,*,#631,.T.);
#631 = EDGE_CURVE('',#32,#632,#634,.T.);
#632 = VERTEX_POINT('',#633);
#633 = CARTESIAN_POINT('',(-24.36679649353,-0.58986222744,3.175));
#634 = LINE('',#635,#636);
#635 = CARTESIAN_POINT('',(-23.34098810624,-0.55670560652,3.175));
#636 = VECTOR('',#637,1.);
#637 = DIRECTION('',(0.999478039173,3.230556005738E-02,0.));
#638 = ORIENTED_EDGE('',*,*,#639,.T.);
#639 = EDGE_CURVE('',#632,#640,#642,.T.);
#640 = VERTEX_POINT('',#641);
#641 = CARTESIAN_POINT('',(-23.94631385803,-0.688088059425,3.175));
#642 = LINE('',#643,#644);
#643 = CARTESIAN_POINT('',(-23.13822883228,-0.876858813002,3.175));
#644 = VECTOR('',#645,1.);
#645 = DIRECTION('',(0.973783157818,-0.227478266104,0.));
#646 = ORIENTED_EDGE('',*,*,#647,.T.);
#647 = EDGE_CURVE('',#640,#648,#650,.T.);
#648 = VERTEX_POINT('',#649);
#649 = CARTESIAN_POINT('',(-23.65649032592,-0.843156516552,3.175));
#650 = LINE('',#651,#652);
#651 = CARTESIAN_POINT('',(-23.03102032605,-1.177810735809,3.175));
#652 = VECTOR('',#653,1.);
#653 = DIRECTION('',(0.881725713988,-0.471762403433,0.));
#654 = ORIENTED_EDGE('',*,*,#655,.T.);
#655 = EDGE_CURVE('',#648,#656,#658,.T.);
#656 = VERTEX_POINT('',#657);
#657 = CARTESIAN_POINT('',(-23.48303031921,-1.122361779213,3.175));
#658 = LINE('',#659,#660);
#659 = CARTESIAN_POINT('',(-23.30106931777,-1.415250440778,3.175));
#660 = VECTOR('',#661,1.);
#661 = DIRECTION('',(0.527714620918,-0.849421732045,0.));
#662 = ORIENTED_EDGE('',*,*,#663,.T.);
#663 = EDGE_CURVE('',#656,#664,#666,.T.);
#664 = VERTEX_POINT('',#665);
#665 = CARTESIAN_POINT('',(-23.47241210937,-1.450890898705,3.175));
#666 = LINE('',#667,#668);
#667 = CARTESIAN_POINT('',(-23.47816857183,-1.272785024778,3.175));
#668 = VECTOR('',#669,1.);
#669 = DIRECTION('',(3.230358466747E-02,-0.999478103021,0.));
#670 = ORIENTED_EDGE('',*,*,#671,.T.);
#671 = EDGE_CURVE('',#664,#672,#674,.T.);
#672 = VERTEX_POINT('',#673);
#673 = CARTESIAN_POINT('',(-23.74572563171,-2.620873689651,3.175));
#674 = LINE('',#675,#676);
#675 = CARTESIAN_POINT('',(-23.42476218151,-1.246914179547,3.175));
#676 = VECTOR('',#677,1.);
#677 = DIRECTION('',(-0.227480250333,-0.973782694295,0.));
#678 = ORIENTED_EDGE('',*,*,#679,.T.);
#679 = EDGE_CURVE('',#672,#680,#682,.T.);
#680 = VERTEX_POINT('',#681);
#681 = CARTESIAN_POINT('',(-23.73510742187,-2.949402332306,3.175));
#682 = LINE('',#683,#684);
#683 = CARTESIAN_POINT('',(-23.76491786803,-2.027063674151,3.175));
#684 = VECTOR('',#685,1.);
#685 = DIRECTION('',(3.230363150502E-02,-0.999478101507,0.));
#686 = ORIENTED_EDGE('',*,*,#687,.T.);
#687 = EDGE_CURVE('',#680,#688,#690,.T.);
#688 = VERTEX_POINT('',#689);
#689 = CARTESIAN_POINT('',(-23.56164932251,-3.228607177734,3.175));
#690 = LINE('',#691,#692);
#691 = CARTESIAN_POINT('',(-23.84080629865,-2.779265344408,3.175));
#692 = VECTOR('',#693,1.);
#693 = DIRECTION('',(0.527711003137,-0.849423979629,0.));
#694 = ORIENTED_EDGE('',*,*,#695,.T.);
#695 = EDGE_CURVE('',#688,#696,#698,.T.);
#696 = VERTEX_POINT('',#697);
#697 = CARTESIAN_POINT('',(-23.2718257904,-3.383676052094,3.175));
#698 = LINE('',#699,#700);
#699 = CARTESIAN_POINT('',(-23.3242675268,-3.355617319341,3.175));
#700 = VECTOR('',#701,1.);
#701 = DIRECTION('',(0.881725185987,-0.471763390268,0.));
#702 = ORIENTED_EDGE('',*,*,#703,.T.);
#703 = EDGE_CURVE('',#696,#704,#706,.T.);
#704 = VERTEX_POINT('',#705);
#705 = CARTESIAN_POINT('',(-22.06164932251,-3.666381597519,3.175));
#706 = LINE('',#707,#708);
#707 = CARTESIAN_POINT('',(-22.87185309404,-3.477112424622,3.175));
#708 = VECTOR('',#709,1.);
#709 = DIRECTION('',(0.973782232682,-0.227482226369,0.));
#710 = ORIENTED_EDGE('',*,*,#711,.T.);
#711 = EDGE_CURVE('',#704,#712,#714,.T.);
#712 = VERTEX_POINT('',#713);
#713 = CARTESIAN_POINT('',(-21.74596405029,-3.659506797791,3.175));
#714 = LINE('',#715,#716);
#715 = CARTESIAN_POINT('',(-21.98530866083,-3.664719097535,3.175));
#716 = VECTOR('',#717,1.);
#717 = DIRECTION('',(0.999762957061,2.17722228769E-02,0.));
#718 = ORIENTED_EDGE('',*,*,#719,.T.);
#719 = EDGE_CURVE('',#712,#720,#722,.T.);
#720 = VERTEX_POINT('',#721);
#721 = CARTESIAN_POINT('',(-21.47261810302,-3.501433372498,3.175));
#722 = LINE('',#723,#724);
#723 = CARTESIAN_POINT('',(-21.33054408174,-3.419273284103,3.175));
#724 = VECTOR('',#725,1.);
#725 = DIRECTION('',(0.865672662249,0.500610469162,0.));
#726 = ORIENTED_EDGE('',*,*,#727,.T.);
#727 = EDGE_CURVE('',#720,#728,#730,.T.);
#728 = VERTEX_POINT('',#729);
#729 = CARTESIAN_POINT('',(-21.30920410156,-3.231247901917,3.175));
#730 = LINE('',#731,#732);
#731 = CARTESIAN_POINT('',(-21.06673902519,-2.830360951166,3.175));
#732 = VECTOR('',#733,1.);
#733 = DIRECTION('',(0.517526111831,0.855667414112,0.));
#734 = ORIENTED_EDGE('',*,*,#735,.T.);
#735 = EDGE_CURVE('',#728,#736,#738,.T.);
#736 = VERTEX_POINT('',#737);
#737 = CARTESIAN_POINT('',(-19.71645983505,2.054134,3.175));
#738 = LINE('',#739,#740);
#739 = CARTESIAN_POINT('',(-21.07973728191,-2.469782423031,3.175));
#740 = VECTOR('',#741,1.);
#741 = DIRECTION('',(0.288532597459,0.957470072746,0.));
#742 = ORIENTED_EDGE('',*,*,#743,.T.);
#743 = EDGE_CURVE('',#736,#575,#744,.T.);
#744 = LINE('',#745,#746);
#745 = CARTESIAN_POINT('',(-21.07973728191,-2.469782423031,3.175));
#746 = VECTOR('',#747,1.);
#747 = DIRECTION('',(0.288532597459,0.957470072746,0.));
#748 = ORIENTED_EDGE('',*,*,#582,.F.);
#749 = PLANE('',#750);
#750 = AXIS2_PLACEMENT_3D('',#751,#752,#753);
#751 = CARTESIAN_POINT('',(-21.95881202329,-1.374259112889,3.175));
#752 = DIRECTION('',(0.,0.,1.));
#753 = DIRECTION('',(1.,0.,0.));
#754 = ADVANCED_FACE('',(#755),#783,.T.);
#755 = FACE_BOUND('',#756,.T.);
#756 = EDGE_LOOP('',(#757,#758,#759,#760,#761,#769,#777));
#757 = ORIENTED_EDGE('',*,*,#71,.F.);
#758 = ORIENTED_EDGE('',*,*,#574,.T.);
#759 = ORIENTED_EDGE('',*,*,#743,.F.);
#760 = ORIENTED_EDGE('',*,*,#735,.F.);
#761 = ORIENTED_EDGE('',*,*,#762,.T.);
#762 = EDGE_CURVE('',#728,#763,#765,.T.);
#763 = VERTEX_POINT('',#764);
#764 = CARTESIAN_POINT('',(-21.30920410156,-3.231247901917,12.7));
#765 = LINE('',#766,#767);
#766 = CARTESIAN_POINT('',(-21.30920410156,-3.231247901917,0.));
#767 = VECTOR('',#768,1.);
#768 = DIRECTION('',(0.,0.,1.));
#769 = ORIENTED_EDGE('',*,*,#770,.T.);
#770 = EDGE_CURVE('',#763,#771,#773,.T.);
#771 = VERTEX_POINT('',#772);
#772 = CARTESIAN_POINT('',(-18.46397399902,6.210398197174,12.7));
#773 = LINE('',#774,#775);
#774 = CARTESIAN_POINT('',(-21.30920410156,-3.231247901917,12.7));
#775 = VECTOR('',#776,1.);
#776 = DIRECTION('',(0.288532597459,0.957470072746,0.));
#777 = ORIENTED_EDGE('',*,*,#778,.F.);
#778 = EDGE_CURVE('',#72,#771,#779,.T.);
#779 = LINE('',#780,#781);
#780 = CARTESIAN_POINT('',(-18.46397399902,6.210398197174,0.));
#781 = VECTOR('',#782,1.);
#782 = DIRECTION('',(0.,0.,1.));
#783 = PLANE('',#784);
#784 = AXIS2_PLACEMENT_3D('',#785,#786,#787);
#785 = CARTESIAN_POINT('',(-21.30920410156,-3.231247901917,0.));
#786 = DIRECTION('',(-0.957470072746,0.288532597459,0.));
#787 = DIRECTION('',(0.288532597459,0.957470072746,0.));
#788 = ADVANCED_FACE('',(#789),#807,.T.);
#789 = FACE_BOUND('',#790,.T.);
#790 = EDGE_LOOP('',(#791,#799,#805,#806));
#791 = ORIENTED_EDGE('',*,*,#792,.T.);
#792 = EDGE_CURVE('',#544,#793,#795,.T.);
#793 = VERTEX_POINT('',#794);
#794 = CARTESIAN_POINT('',(-25.1295967102,-1.063764452934,12.7));
#795 = LINE('',#796,#797);
#796 = CARTESIAN_POINT('',(-25.1295967102,-1.063764452934,0.));
#797 = VECTOR('',#798,1.);
#798 = DIRECTION('',(0.,0.,1.));
#799 = ORIENTED_EDGE('',*,*,#800,.T.);
#800 = EDGE_CURVE('',#793,#599,#801,.T.);
#801 = LINE('',#802,#803);
#802 = CARTESIAN_POINT('',(-25.1295967102,-1.063764452934,12.7));
#803 = VECTOR('',#804,1.);
#804 = DIRECTION('',(0.471764970651,0.881724340407,0.));
#805 = ORIENTED_EDGE('',*,*,#598,.F.);
#806 = ORIENTED_EDGE('',*,*,#551,.F.);
#807 = PLANE('',#808);
#808 = AXIS2_PLACEMENT_3D('',#809,#810,#811);
#809 = CARTESIAN_POINT('',(-25.1295967102,-1.063764452934,0.));
#810 = DIRECTION('',(-0.881724340407,0.471764970651,0.));
#811 = DIRECTION('',(0.471764970651,0.881724340407,0.));
#812 = ADVANCED_FACE('',(#813),#831,.T.);
#813 = FACE_BOUND('',#814,.T.);
#814 = EDGE_LOOP('',(#815,#816,#824,#830));
#815 = ORIENTED_EDGE('',*,*,#778,.T.);
#816 = ORIENTED_EDGE('',*,*,#817,.T.);
#817 = EDGE_CURVE('',#771,#818,#820,.T.);
#818 = VERTEX_POINT('',#819);
#819 = CARTESIAN_POINT('',(-18.44281768798,6.479609489441,12.7));
#820 = LINE('',#821,#822);
#821 = CARTESIAN_POINT('',(-18.46397399902,6.210398197174,12.7));
#822 = VECTOR('',#823,1.);
#823 = DIRECTION('',(7.83447206481E-02,0.996926328645,0.));
#824 = ORIENTED_EDGE('',*,*,#825,.F.);
#825 = EDGE_CURVE('',#80,#818,#826,.T.);
#826 = LINE('',#827,#828);
#827 = CARTESIAN_POINT('',(-18.44281768798,6.479609489441,0.));
#828 = VECTOR('',#829,1.);
#829 = DIRECTION('',(0.,0.,1.));
#830 = ORIENTED_EDGE('',*,*,#79,.F.);
#831 = PLANE('',#832);
#832 = AXIS2_PLACEMENT_3D('',#833,#834,#835);
#833 = CARTESIAN_POINT('',(-18.46397399902,6.210398197174,0.));
#834 = DIRECTION('',(-0.996926328645,7.83447206481E-02,0.));
#835 = DIRECTION('',(7.83447206481E-02,0.996926328645,0.));
#836 = ADVANCED_FACE('',(#837),#855,.T.);
#837 = FACE_BOUND('',#838,.T.);
#838 = EDGE_LOOP('',(#839,#847,#853,#854));
#839 = ORIENTED_EDGE('',*,*,#840,.T.);
#840 = EDGE_CURVE('',#536,#841,#843,.T.);
#841 = VERTEX_POINT('',#842);
#842 = CARTESIAN_POINT('',(-25.58049964904,-2.993960857391,12.7));
#843 = LINE('',#844,#845);
#844 = CARTESIAN_POINT('',(-25.58049964904,-2.993960857391,0.));
#845 = VECTOR('',#846,1.);
#846 = DIRECTION('',(0.,0.,1.));
#847 = ORIENTED_EDGE('',*,*,#848,.T.);
#848 = EDGE_CURVE('',#841,#793,#849,.T.);
#849 = LINE('',#850,#851);
#850 = CARTESIAN_POINT('',(-25.58049964904,-2.993960857391,12.7));
#851 = VECTOR('',#852,1.);
#852 = DIRECTION('',(0.227480209741,0.973782703777,0.));
#853 = ORIENTED_EDGE('',*,*,#792,.F.);
#854 = ORIENTED_EDGE('',*,*,#543,.F.);
#855 = PLANE('',#856);
#856 = AXIS2_PLACEMENT_3D('',#857,#858,#859);
#857 = CARTESIAN_POINT('',(-25.58049964904,-2.993960857391,0.));
#858 = DIRECTION('',(-0.973782703777,0.227480209741,0.));
#859 = DIRECTION('',(0.227480209741,0.973782703777,0.));
#860 = ADVANCED_FACE('',(#861),#879,.T.);
#861 = FACE_BOUND('',#862,.T.);
#862 = EDGE_LOOP('',(#863,#864,#872,#878));
#863 = ORIENTED_EDGE('',*,*,#825,.T.);
#864 = ORIENTED_EDGE('',*,*,#865,.T.);
#865 = EDGE_CURVE('',#818,#866,#868,.T.);
#866 = VERTEX_POINT('',#867);
#867 = CARTESIAN_POINT('',(-18.53544044494,6.733269691467,12.7));
#868 = LINE('',#869,#870);
#869 = CARTESIAN_POINT('',(-18.44281768798,6.479609489441,12.7));
#870 = VECTOR('',#871,1.);
#871 = DIRECTION('',(-0.342994383885,0.939337454073,0.));
#872 = ORIENTED_EDGE('',*,*,#873,.F.);
#873 = EDGE_CURVE('',#88,#866,#874,.T.);
#874 = LINE('',#875,#876);
#875 = CARTESIAN_POINT('',(-18.53544044494,6.733269691467,0.));
#876 = VECTOR('',#877,1.);
#877 = DIRECTION('',(0.,0.,1.));
#878 = ORIENTED_EDGE('',*,*,#87,.F.);
#879 = PLANE('',#880);
#880 = AXIS2_PLACEMENT_3D('',#881,#882,#883);
#881 = CARTESIAN_POINT('',(-18.44281768798,6.479609489441,0.));
#882 = DIRECTION('',(-0.939337454073,-0.342994383885,0.));
#883 = DIRECTION('',(-0.342994383885,0.939337454073,0.));
#884 = ADVANCED_FACE('',(#885),#903,.T.);
#885 = FACE_BOUND('',#886,.T.);
#886 = EDGE_LOOP('',(#887,#895,#901,#902));
#887 = ORIENTED_EDGE('',*,*,#888,.T.);
#888 = EDGE_CURVE('',#528,#889,#891,.T.);
#889 = VERTEX_POINT('',#890);
#890 = CARTESIAN_POINT('',(-25.59341430664,-3.509471416473,12.7));
#891 = LINE('',#892,#893);
#892 = CARTESIAN_POINT('',(-25.59341430664,-3.509471416473,0.));
#893 = VECTOR('',#894,1.);
#894 = DIRECTION('',(0.,0.,1.));
#895 = ORIENTED_EDGE('',*,*,#896,.T.);
#896 = EDGE_CURVE('',#889,#841,#897,.T.);
#897 = LINE('',#898,#899);
#898 = CARTESIAN_POINT('',(-25.59341430664,-3.509471416473,12.7));
#899 = VECTOR('',#900,1.);
#900 = DIRECTION('',(2.50443110821E-02,0.999686342051,0.));
#901 = ORIENTED_EDGE('',*,*,#840,.F.);
#902 = ORIENTED_EDGE('',*,*,#535,.F.);
#903 = PLANE('',#904);
#904 = AXIS2_PLACEMENT_3D('',#905,#906,#907);
#905 = CARTESIAN_POINT('',(-25.59341430664,-3.509471416473,0.));
#906 = DIRECTION('',(-0.999686342051,2.50443110821E-02,0.));
#907 = DIRECTION('',(2.50443110821E-02,0.999686342051,0.));
#908 = ADVANCED_FACE('',(#909),#927,.T.);
#909 = FACE_BOUND('',#910,.T.);
#910 = EDGE_LOOP('',(#911,#912,#920,#926));
#911 = ORIENTED_EDGE('',*,*,#873,.T.);
#912 = ORIENTED_EDGE('',*,*,#913,.T.);
#913 = EDGE_CURVE('',#866,#914,#916,.T.);
#914 = VERTEX_POINT('',#915);
#915 = CARTESIAN_POINT('',(-18.7250957489,6.925504207611,12.7));
#916 = LINE('',#917,#918);
#917 = CARTESIAN_POINT('',(-18.53544044494,6.733269691467,12.7));
#918 = VECTOR('',#919,1.);
#919 = DIRECTION('',(-0.702315097154,0.711866212367,0.));
#920 = ORIENTED_EDGE('',*,*,#921,.F.);
#921 = EDGE_CURVE('',#96,#914,#922,.T.);
#922 = LINE('',#923,#924);
#923 = CARTESIAN_POINT('',(-18.7250957489,6.925504207611,0.));
#924 = VECTOR('',#925,1.);
#925 = DIRECTION('',(0.,0.,1.));
#926 = ORIENTED_EDGE('',*,*,#95,.F.);
#927 = PLANE('',#928);
#928 = AXIS2_PLACEMENT_3D('',#929,#930,#931);
#929 = CARTESIAN_POINT('',(-18.53544044494,6.733269691467,0.));
#930 = DIRECTION('',(-0.711866212367,-0.702315097154,0.));
#931 = DIRECTION('',(-0.702315097154,0.711866212367,0.));
#932 = ADVANCED_FACE('',(#933),#951,.T.);
#933 = FACE_BOUND('',#934,.T.);
#934 = EDGE_LOOP('',(#935,#943,#949,#950));
#935 = ORIENTED_EDGE('',*,*,#936,.T.);
#936 = EDGE_CURVE('',#520,#937,#939,.T.);
#937 = VERTEX_POINT('',#938);
#938 = CARTESIAN_POINT('',(-25.40030670166,-3.987620353699,12.7));
#939 = LINE('',#940,#941);
#940 = CARTESIAN_POINT('',(-25.40030670166,-3.987620353699,0.));
#941 = VECTOR('',#942,1.);
#942 = DIRECTION('',(0.,0.,1.));
#943 = ORIENTED_EDGE('',*,*,#944,.T.);
#944 = EDGE_CURVE('',#937,#889,#945,.T.);
#945 = LINE('',#946,#947);
#946 = CARTESIAN_POINT('',(-25.40030670166,-3.987620353699,12.7));
#947 = VECTOR('',#948,1.);
#948 = DIRECTION('',(-0.374478048085,0.927235779887,0.));
#949 = ORIENTED_EDGE('',*,*,#888,.F.);
#950 = ORIENTED_EDGE('',*,*,#527,.F.);
#951 = PLANE('',#952);
#952 = AXIS2_PLACEMENT_3D('',#953,#954,#955);
#953 = CARTESIAN_POINT('',(-25.40030670166,-3.987620353699,0.));
#954 = DIRECTION('',(-0.927235779887,-0.374478048085,0.));
#955 = DIRECTION('',(-0.374478048085,0.927235779887,0.));
#956 = ADVANCED_FACE('',(#957),#975,.T.);
#957 = FACE_BOUND('',#958,.T.);
#958 = EDGE_LOOP('',(#959,#960,#968,#974));
#959 = ORIENTED_EDGE('',*,*,#921,.T.);
#960 = ORIENTED_EDGE('',*,*,#961,.T.);
#961 = EDGE_CURVE('',#914,#962,#964,.T.);
#962 = VERTEX_POINT('',#963);
#963 = CARTESIAN_POINT('',(-21.62906837463,8.819341659546,12.7));
#964 = LINE('',#965,#966);
#965 = CARTESIAN_POINT('',(-18.7250957489,6.925504207611,12.7));
#966 = VECTOR('',#967,1.);
#967 = DIRECTION('',(-0.837618217,0.546256096122,0.));
#968 = ORIENTED_EDGE('',*,*,#969,.F.);
#969 = EDGE_CURVE('',#104,#962,#970,.T.);
#970 = LINE('',#971,#972);
#971 = CARTESIAN_POINT('',(-21.62906837463,8.819341659546,0.));
#972 = VECTOR('',#973,1.);
#973 = DIRECTION('',(0.,0.,1.));
#974 = ORIENTED_EDGE('',*,*,#103,.F.);
#975 = PLANE('',#976);
#976 = AXIS2_PLACEMENT_3D('',#977,#978,#979);
#977 = CARTESIAN_POINT('',(-18.7250957489,6.925504207611,0.));
#978 = DIRECTION('',(-0.546256096122,-0.837618217,0.));
#979 = DIRECTION('',(-0.837618217,0.546256096122,0.));
#980 = ADVANCED_FACE('',(#981),#999,.T.);
#981 = FACE_BOUND('',#982,.T.);
#982 = EDGE_LOOP('',(#983,#991,#997,#998));
#983 = ORIENTED_EDGE('',*,*,#984,.T.);
#984 = EDGE_CURVE('',#512,#985,#987,.T.);
#985 = VERTEX_POINT('',#986);
#986 = CARTESIAN_POINT('',(-25.03301239013,-4.349576473236,12.7));
#987 = LINE('',#988,#989);
#988 = CARTESIAN_POINT('',(-25.03301239013,-4.349576473236,0.));
#989 = VECTOR('',#990,1.);
#990 = DIRECTION('',(0.,0.,1.));
#991 = ORIENTED_EDGE('',*,*,#992,.T.);
#992 = EDGE_CURVE('',#985,#937,#993,.T.);
#993 = LINE('',#994,#995);
#994 = CARTESIAN_POINT('',(-25.03301239013,-4.349576473236,12.7));
#995 = VECTOR('',#996,1.);
#996 = DIRECTION('',(-0.712263796552,0.701911877746,0.));
#997 = ORIENTED_EDGE('',*,*,#936,.F.);
#998 = ORIENTED_EDGE('',*,*,#519,.F.);
#999 = PLANE('',#1000);
#1000 = AXIS2_PLACEMENT_3D('',#1001,#1002,#1003);
#1001 = CARTESIAN_POINT('',(-25.03301239013,-4.349576473236,0.));
#1002 = DIRECTION('',(-0.701911877746,-0.712263796552,0.));
#1003 = DIRECTION('',(-0.712263796552,0.701911877746,0.));
#1004 = ADVANCED_FACE('',(#1005),#1023,.T.);
#1005 = FACE_BOUND('',#1006,.T.);
#1006 = EDGE_LOOP('',(#1007,#1008,#1016,#1022));
#1007 = ORIENTED_EDGE('',*,*,#969,.T.);
#1008 = ORIENTED_EDGE('',*,*,#1009,.T.);
#1009 = EDGE_CURVE('',#962,#1010,#1012,.T.);
#1010 = VERTEX_POINT('',#1011);
#1011 = CARTESIAN_POINT('',(-21.78308677673,8.960927963257,12.7));
#1012 = LINE('',#1013,#1014);
#1013 = CARTESIAN_POINT('',(-21.62906837463,8.819341659546,12.7));
#1014 = VECTOR('',#1015,1.);
#1015 = DIRECTION('',(-0.736194431411,0.676770093281,0.));
#1016 = ORIENTED_EDGE('',*,*,#1017,.F.);
#1017 = EDGE_CURVE('',#112,#1010,#1018,.T.);
#1018 = LINE('',#1019,#1020);
#1019 = CARTESIAN_POINT('',(-21.78308677673,8.960927963257,0.));
#1020 = VECTOR('',#1021,1.);
#1021 = DIRECTION('',(0.,0.,1.));
#1022 = ORIENTED_EDGE('',*,*,#111,.F.);
#1023 = PLANE('',#1024);
#1024 = AXIS2_PLACEMENT_3D('',#1025,#1026,#1027);
#1025 = CARTESIAN_POINT('',(-21.62906837463,8.819341659546,0.));
#1026 = DIRECTION('',(-0.676770093281,-0.736194431411,0.));
#1027 = DIRECTION('',(-0.736194431411,0.676770093281,0.));
#1028 = ADVANCED_FACE('',(#1029),#1047,.T.);
#1029 = FACE_BOUND('',#1030,.T.);
#1030 = EDGE_LOOP('',(#1031,#1039,#1045,#1046));
#1031 = ORIENTED_EDGE('',*,*,#1032,.T.);
#1032 = EDGE_CURVE('',#504,#1033,#1035,.T.);
#1033 = VERTEX_POINT('',#1034);
#1034 = CARTESIAN_POINT('',(-24.55208587646,-4.535664081573,12.7));
#1035 = LINE('',#1036,#1037);
#1036 = CARTESIAN_POINT('',(-24.55208587646,-4.535664081573,0.));
#1037 = VECTOR('',#1038,1.);
#1038 = DIRECTION('',(0.,0.,1.));
#1039 = ORIENTED_EDGE('',*,*,#1040,.T.);
#1040 = EDGE_CURVE('',#1033,#985,#1041,.T.);
#1041 = LINE('',#1042,#1043);
#1042 = CARTESIAN_POINT('',(-24.55208587646,-4.535664081573,12.7));
#1043 = VECTOR('',#1044,1.);
#1044 = DIRECTION('',(-0.93261868004,0.360863405792,0.));
#1045 = ORIENTED_EDGE('',*,*,#984,.F.);
#1046 = ORIENTED_EDGE('',*,*,#511,.F.);
#1047 = PLANE('',#1048);
#1048 = AXIS2_PLACEMENT_3D('',#1049,#1050,#1051);
#1049 = CARTESIAN_POINT('',(-24.55208587646,-4.535664081573,0.));
#1050 = DIRECTION('',(-0.360863405792,-0.93261868004,0.));
#1051 = DIRECTION('',(-0.93261868004,0.360863405792,0.));
#1052 = ADVANCED_FACE('',(#1053),#1071,.T.);
#1053 = FACE_BOUND('',#1054,.T.);
#1054 = EDGE_LOOP('',(#1055,#1056,#1064,#1070));
#1055 = ORIENTED_EDGE('',*,*,#1017,.T.);
#1056 = ORIENTED_EDGE('',*,*,#1057,.T.);
#1057 = EDGE_CURVE('',#1010,#1058,#1060,.T.);
#1058 = VERTEX_POINT('',#1059);
#1059 = CARTESIAN_POINT('',(-21.8827342987,9.144879341125,12.7));
#1060 = LINE('',#1061,#1062);
#1061 = CARTESIAN_POINT('',(-21.78308677673,8.960927963257,12.7));
#1062 = VECTOR('',#1063,1.);
#1063 = DIRECTION('',(-0.476309728421,0.879277568582,0.));
#1064 = ORIENTED_EDGE('',*,*,#1065,.F.);
#1065 = EDGE_CURVE('',#120,#1058,#1066,.T.);
#1066 = LINE('',#1067,#1068);
#1067 = CARTESIAN_POINT('',(-21.8827342987,9.144879341125,0.));
#1068 = VECTOR('',#1069,1.);
#1069 = DIRECTION('',(0.,0.,1.));
#1070 = ORIENTED_EDGE('',*,*,#119,.F.);
#1071 = PLANE('',#1072);
#1072 = AXIS2_PLACEMENT_3D('',#1073,#1074,#1075);
#1073 = CARTESIAN_POINT('',(-21.78308677673,8.960927963257,0.));
#1074 = DIRECTION('',(-0.879277568582,-0.476309728421,0.));
#1075 = DIRECTION('',(-0.476309728421,0.879277568582,0.));
#1076 = ADVANCED_FACE('',(#1077),#1095,.T.);
#1077 = FACE_BOUND('',#1078,.T.);
#1078 = EDGE_LOOP('',(#1079,#1087,#1093,#1094));
#1079 = ORIENTED_EDGE('',*,*,#1080,.T.);
#1080 = EDGE_CURVE('',#496,#1081,#1083,.T.);
#1081 = VERTEX_POINT('',#1082);
#1082 = CARTESIAN_POINT('',(-19.8373222351,-5.319537162781,12.7));
#1083 = LINE('',#1084,#1085);
#1084 = CARTESIAN_POINT('',(-19.8373222351,-5.319537162781,0.));
#1085 = VECTOR('',#1086,1.);
#1086 = DIRECTION('',(0.,0.,1.));
#1087 = ORIENTED_EDGE('',*,*,#1088,.T.);
#1088 = EDGE_CURVE('',#1081,#1033,#1089,.T.);
#1089 = LINE('',#1090,#1091);
#1090 = CARTESIAN_POINT('',(-19.8373222351,-5.319537162781,12.7));
#1091 = VECTOR('',#1092,1.);
#1092 = DIRECTION('',(-0.986459018787,0.164007939605,0.));
#1093 = ORIENTED_EDGE('',*,*,#1032,.F.);
#1094 = ORIENTED_EDGE('',*,*,#503,.F.);
#1095 = PLANE('',#1096);
#1096 = AXIS2_PLACEMENT_3D('',#1097,#1098,#1099);
#1097 = CARTESIAN_POINT('',(-19.8373222351,-5.319537162781,0.));
#1098 = DIRECTION('',(-0.164007939605,-0.986459018787,0.));
#1099 = DIRECTION('',(-0.986459018787,0.164007939605,0.));
#1100 = ADVANCED_FACE('',(#1101),#1119,.T.);
#1101 = FACE_BOUND('',#1102,.T.);
#1102 = EDGE_LOOP('',(#1103,#1104,#1112,#1118));
#1103 = ORIENTED_EDGE('',*,*,#1065,.T.);
#1104 = ORIENTED_EDGE('',*,*,#1105,.T.);
#1105 = EDGE_CURVE('',#1058,#1106,#1108,.T.);
#1106 = VERTEX_POINT('',#1107);
#1107 = CARTESIAN_POINT('',(-21.91719818115,9.351228713989,12.7));
#1108 = LINE('',#1109,#1110);
#1109 = CARTESIAN_POINT('',(-21.8827342987,9.144879341125,12.7));
#1110 = VECTOR('',#1111,1.);
#1111 = DIRECTION('',(-0.164735321634,0.986337809174,0.));
#1112 = ORIENTED_EDGE('',*,*,#1113,.F.);
#1113 = EDGE_CURVE('',#128,#1106,#1114,.T.);
#1114 = LINE('',#1115,#1116);
#1115 = CARTESIAN_POINT('',(-21.91719818115,9.351228713989,0.));
#1116 = VECTOR('',#1117,1.);
#1117 = DIRECTION('',(0.,0.,1.));
#1118 = ORIENTED_EDGE('',*,*,#127,.F.);
#1119 = PLANE('',#1120);
#1120 = AXIS2_PLACEMENT_3D('',#1121,#1122,#1123);
#1121 = CARTESIAN_POINT('',(-21.8827342987,9.144879341125,0.));
#1122 = DIRECTION('',(-0.986337809174,-0.164735321634,0.));
#1123 = DIRECTION('',(-0.164735321634,0.986337809174,0.));
#1124 = ADVANCED_FACE('',(#1125),#1143,.T.);
#1125 = FACE_BOUND('',#1126,.T.);
#1126 = EDGE_LOOP('',(#1127,#1135,#1141,#1142));
#1127 = ORIENTED_EDGE('',*,*,#1128,.T.);
#1128 = EDGE_CURVE('',#488,#1129,#1131,.T.);
#1129 = VERTEX_POINT('',#1130);
#1130 = CARTESIAN_POINT('',(-19.33582687377,-5.302424430847,12.7));
#1131 = LINE('',#1132,#1133);
#1132 = CARTESIAN_POINT('',(-19.33582687377,-5.302424430847,0.));
#1133 = VECTOR('',#1134,1.);
#1134 = DIRECTION('',(0.,0.,1.));
#1135 = ORIENTED_EDGE('',*,*,#1136,.T.);
#1136 = EDGE_CURVE('',#1129,#1081,#1137,.T.);
#1137 = LINE('',#1138,#1139);
#1138 = CARTESIAN_POINT('',(-19.33582687377,-5.302424430847,12.7));
#1139 = VECTOR('',#1140,1.);
#1140 = DIRECTION('',(-0.999418304386,-3.410356077312E-02,0.));
#1141 = ORIENTED_EDGE('',*,*,#1080,.F.);
#1142 = ORIENTED_EDGE('',*,*,#495,.F.);
#1143 = PLANE('',#1144);
#1144 = AXIS2_PLACEMENT_3D('',#1145,#1146,#1147);
#1145 = CARTESIAN_POINT('',(-19.33582687377,-5.302424430847,0.));
#1146 = DIRECTION('',(3.410356077312E-02,-0.999418304386,0.));
#1147 = DIRECTION('',(-0.999418304386,-3.410356077312E-02,0.));
#1148 = ADVANCED_FACE('',(#1149),#1167,.T.);
#1149 = FACE_BOUND('',#1150,.T.);
#1150 = EDGE_LOOP('',(#1151,#1152,#1160,#1166));
#1151 = ORIENTED_EDGE('',*,*,#1113,.T.);
#1152 = ORIENTED_EDGE('',*,*,#1153,.T.);
#1153 = EDGE_CURVE('',#1106,#1154,#1156,.T.);
#1154 = VERTEX_POINT('',#1155);
#1155 = CARTESIAN_POINT('',(-21.91719818115,10.352378845215,12.7));
#1156 = LINE('',#1157,#1158);
#1157 = CARTESIAN_POINT('',(-21.91719818115,9.351228713989,12.7));
#1158 = VECTOR('',#1159,1.);
#1159 = DIRECTION('',(0.,1.,0.));
#1160 = ORIENTED_EDGE('',*,*,#1161,.F.);
#1161 = EDGE_CURVE('',#136,#1154,#1162,.T.);
#1162 = LINE('',#1163,#1164);
#1163 = CARTESIAN_POINT('',(-21.91719818115,10.352378845215,0.));
#1164 = VECTOR('',#1165,1.);
#1165 = DIRECTION('',(0.,0.,1.));
#1166 = ORIENTED_EDGE('',*,*,#135,.F.);
#1167 = PLANE('',#1168);
#1168 = AXIS2_PLACEMENT_3D('',#1169,#1170,#1171);
#1169 = CARTESIAN_POINT('',(-21.91719818115,9.351228713989,0.));
#1170 = DIRECTION('',(-1.,0.,0.));
#1171 = DIRECTION('',(0.,1.,0.));
#1172 = ADVANCED_FACE('',(#1173),#1191,.T.);
#1173 = FACE_BOUND('',#1174,.T.);
#1174 = EDGE_LOOP('',(#1175,#1183,#1189,#1190));
#1175 = ORIENTED_EDGE('',*,*,#1176,.T.);
#1176 = EDGE_CURVE('',#480,#1177,#1179,.T.);
#1177 = VERTEX_POINT('',#1178);
#1178 = CARTESIAN_POINT('',(-18.88010406494,-5.092407226562,12.7));
#1179 = LINE('',#1180,#1181);
#1180 = CARTESIAN_POINT('',(-18.88010406494,-5.092407226562,0.));
#1181 = VECTOR('',#1182,1.);
#1182 = DIRECTION('',(0.,0.,1.));
#1183 = ORIENTED_EDGE('',*,*,#1184,.T.);
#1184 = EDGE_CURVE('',#1177,#1129,#1185,.T.);
#1185 = LINE('',#1186,#1187);
#1186 = CARTESIAN_POINT('',(-18.88010406494,-5.092407226562,12.7));
#1187 = VECTOR('',#1188,1.);
#1188 = DIRECTION('',(-0.908199150622,-0.418538293121,0.));
#1189 = ORIENTED_EDGE('',*,*,#1128,.F.);
#1190 = ORIENTED_EDGE('',*,*,#487,.F.);
#1191 = PLANE('',#1192);
#1192 = AXIS2_PLACEMENT_3D('',#1193,#1194,#1195);
#1193 = CARTESIAN_POINT('',(-18.88010406494,-5.092407226562,0.));
#1194 = DIRECTION('',(0.418538293121,-0.908199150622,0.));
#1195 = DIRECTION('',(-0.908199150622,-0.418538293121,0.));
#1196 = ADVANCED_FACE('',(#1197,#1215,#1226,#1237),#1248,.T.);
#1197 = FACE_BOUND('',#1198,.T.);
#1198 = EDGE_LOOP('',(#1199,#1200,#1208,#1214));
#1199 = ORIENTED_EDGE('',*,*,#1161,.T.);
#1200 = ORIENTED_EDGE('',*,*,#1201,.T.);
#1201 = EDGE_CURVE('',#1154,#1202,#1204,.T.);
#1202 = VERTEX_POINT('',#1203);
#1203 = CARTESIAN_POINT('',(28.184301376343,10.352378845215,12.7));
#1204 = LINE('',#1205,#1206);
#1205 = CARTESIAN_POINT('',(-21.91719818115,10.352378845215,12.7));
#1206 = VECTOR('',#1207,1.);
#1207 = DIRECTION('',(1.,0.,0.));
#1208 = ORIENTED_EDGE('',*,*,#1209,.F.);
#1209 = EDGE_CURVE('',#144,#1202,#1210,.T.);
#1210 = LINE('',#1211,#1212);
#1211 = CARTESIAN_POINT('',(28.184301376343,10.352378845215,0.));
#1212 = VECTOR('',#1213,1.);
#1213 = DIRECTION('',(0.,0.,1.));
#1214 = ORIENTED_EDGE('',*,*,#143,.F.);
#1215 = FACE_BOUND('',#1216,.T.);
#1216 = EDGE_LOOP('',(#1217));
#1217 = ORIENTED_EDGE('',*,*,#1218,.F.);
#1218 = EDGE_CURVE('',#1219,#1219,#1221,.T.);
#1219 = VERTEX_POINT('',#1220);
#1220 = CARTESIAN_POINT('',(-12.67939812469,10.352378845215,6.35));
#1221 = CIRCLE('',#1222,1.27);
#1222 = AXIS2_PLACEMENT_3D('',#1223,#1224,#1225);
#1223 = CARTESIAN_POINT('',(-11.40939812469,10.352378845215,6.35));
#1224 = DIRECTION('',(0.,1.,-2.22044604925E-16));
#1225 = DIRECTION('',(-1.,0.,0.));
#1226 = FACE_BOUND('',#1227,.T.);
#1227 = EDGE_LOOP('',(#1228));
#1228 = ORIENTED_EDGE('',*,*,#1229,.F.);
#1229 = EDGE_CURVE('',#1230,#1230,#1232,.T.);
#1230 = VERTEX_POINT('',#1231);
#1231 = CARTESIAN_POINT('',(2.060187530518E-02,10.352378845215,6.35));
#1232 = CIRCLE('',#1233,1.27);
#1233 = AXIS2_PLACEMENT_3D('',#1234,#1235,#1236);
#1234 = CARTESIAN_POINT('',(1.290601875305,10.352378845215,6.35));
#1235 = DIRECTION('',(0.,1.,-2.22044604925E-16));
#1236 = DIRECTION('',(-1.,0.,0.));
#1237 = FACE_BOUND('',#1238,.T.);
#1238 = EDGE_LOOP('',(#1239));
#1239 = ORIENTED_EDGE('',*,*,#1240,.F.);
#1240 = EDGE_CURVE('',#1241,#1241,#1243,.T.);
#1241 = VERTEX_POINT('',#1242);
#1242 = CARTESIAN_POINT('',(12.720601875305,10.352378845215,6.35));
#1243 = CIRCLE('',#1244,1.27);
#1244 = AXIS2_PLACEMENT_3D('',#1245,#1246,#1247);
#1245 = CARTESIAN_POINT('',(13.990601875305,10.352378845215,6.35));
#1246 = DIRECTION('',(0.,1.,-2.22044604925E-16));
#1247 = DIRECTION('',(-1.,0.,0.));
#1248 = PLANE('',#1249);
#1249 = AXIS2_PLACEMENT_3D('',#1250,#1251,#1252);
#1250 = CARTESIAN_POINT('',(-21.91719818115,10.352378845215,0.));
#1251 = DIRECTION('',(0.,1.,0.));
#1252 = DIRECTION('',(1.,0.,0.));
#1253 = ADVANCED_FACE('',(#1254),#1272,.T.);
#1254 = FACE_BOUND('',#1255,.T.);
#1255 = EDGE_LOOP('',(#1256,#1264,#1270,#1271));
#1256 = ORIENTED_EDGE('',*,*,#1257,.T.);
#1257 = EDGE_CURVE('',#472,#1258,#1260,.T.);
#1258 = VERTEX_POINT('',#1259);
#1259 = CARTESIAN_POINT('',(-18.54129600524,-4.722272872925,12.7));
#1260 = LINE('',#1261,#1262);
#1261 = CARTESIAN_POINT('',(-18.54129600524,-4.722272872925,0.));
#1262 = VECTOR('',#1263,1.);
#1263 = DIRECTION('',(0.,0.,1.));
#1264 = ORIENTED_EDGE('',*,*,#1265,.T.);
#1265 = EDGE_CURVE('',#1258,#1177,#1266,.T.);
#1266 = LINE('',#1267,#1268);
#1267 = CARTESIAN_POINT('',(-18.54129600524,-4.722272872925,12.7));
#1268 = VECTOR('',#1269,1.);
#1269 = DIRECTION('',(-0.675202746044,-0.737632192718,0.));
#1270 = ORIENTED_EDGE('',*,*,#1176,.F.);
#1271 = ORIENTED_EDGE('',*,*,#479,.F.);
#1272 = PLANE('',#1273);
#1273 = AXIS2_PLACEMENT_3D('',#1274,#1275,#1276);
#1274 = CARTESIAN_POINT('',(-18.54129600524,-4.722272872925,0.));
#1275 = DIRECTION('',(0.737632192718,-0.675202746044,0.));
#1276 = DIRECTION('',(-0.675202746044,-0.737632192718,0.));
#1277 = ADVANCED_FACE('',(#1278),#1296,.T.);
#1278 = FACE_BOUND('',#1279,.T.);
#1279 = EDGE_LOOP('',(#1280,#1281,#1289,#1295));
#1280 = ORIENTED_EDGE('',*,*,#1209,.T.);
#1281 = ORIENTED_EDGE('',*,*,#1282,.T.);
#1282 = EDGE_CURVE('',#1202,#1283,#1285,.T.);
#1283 = VERTEX_POINT('',#1284);
#1284 = CARTESIAN_POINT('',(28.184301376343,9.564346313477,12.7));
#1285 = LINE('',#1286,#1287);
#1286 = CARTESIAN_POINT('',(28.184301376343,10.352378845215,12.7));
#1287 = VECTOR('',#1288,1.);
#1288 = DIRECTION('',(0.,-1.,0.));
#1289 = ORIENTED_EDGE('',*,*,#1290,.F.);
#1290 = EDGE_CURVE('',#152,#1283,#1291,.T.);
#1291 = LINE('',#1292,#1293);
#1292 = CARTESIAN_POINT('',(28.184301376343,9.564346313477,0.));
#1293 = VECTOR('',#1294,1.);
#1294 = DIRECTION('',(0.,0.,1.));
#1295 = ORIENTED_EDGE('',*,*,#151,.F.);
#1296 = PLANE('',#1297);
#1297 = AXIS2_PLACEMENT_3D('',#1298,#1299,#1300);
#1298 = CARTESIAN_POINT('',(28.184301376343,10.352378845215,0.));
#1299 = DIRECTION('',(1.,0.,0.));
#1300 = DIRECTION('',(0.,-1.,0.));
#1301 = ADVANCED_FACE('',(#1302),#1320,.T.);
#1302 = FACE_BOUND('',#1303,.T.);
#1303 = EDGE_LOOP('',(#1304,#1312,#1318,#1319));
#1304 = ORIENTED_EDGE('',*,*,#1305,.T.);
#1305 = EDGE_CURVE('',#464,#1306,#1308,.T.);
#1306 = VERTEX_POINT('',#1307);
#1307 = CARTESIAN_POINT('',(-16.78543853759,-1.808777570724,12.7));
#1308 = LINE('',#1309,#1310);
#1309 = CARTESIAN_POINT('',(-16.78543853759,-1.808777570724,0.));
#1310 = VECTOR('',#1311,1.);
#1311 = DIRECTION('',(0.,0.,1.));
#1312 = ORIENTED_EDGE('',*,*,#1313,.T.);
#1313 = EDGE_CURVE('',#1306,#1258,#1314,.T.);
#1314 = LINE('',#1315,#1316);
#1315 = CARTESIAN_POINT('',(-16.78543853759,-1.808777570724,12.7));
#1316 = VECTOR('',#1317,1.);
#1317 = DIRECTION('',(-0.516172200172,-0.856484827518,0.));
#1318 = ORIENTED_EDGE('',*,*,#1257,.F.);
#1319 = ORIENTED_EDGE('',*,*,#471,.F.);
#1320 = PLANE('',#1321);
#1321 = AXIS2_PLACEMENT_3D('',#1322,#1323,#1324);
#1322 = CARTESIAN_POINT('',(-16.78543853759,-1.808777570724,0.));
#1323 = DIRECTION('',(0.856484827518,-0.516172200172,0.));
#1324 = DIRECTION('',(-0.516172200172,-0.856484827518,0.));
#1325 = ADVANCED_FACE('',(#1326),#1344,.T.);
#1326 = FACE_BOUND('',#1327,.T.);
#1327 = EDGE_LOOP('',(#1328,#1329,#1337,#1343));
#1328 = ORIENTED_EDGE('',*,*,#1290,.T.);
#1329 = ORIENTED_EDGE('',*,*,#1330,.T.);
#1330 = EDGE_CURVE('',#1283,#1331,#1333,.T.);
#1331 = VERTEX_POINT('',#1332);
#1332 = CARTESIAN_POINT('',(28.08073425293,8.760028839111,12.7));
#1333 = LINE('',#1334,#1335);
#1334 = CARTESIAN_POINT('',(28.184301376343,9.564346313477,12.7));
#1335 = VECTOR('',#1336,1.);
#1336 = DIRECTION('',(-0.127709614532,-0.991811602249,0.));
#1337 = ORIENTED_EDGE('',*,*,#1338,.F.);
#1338 = EDGE_CURVE('',#160,#1331,#1339,.T.);
#1339 = LINE('',#1340,#1341);
#1340 = CARTESIAN_POINT('',(28.08073425293,8.760028839111,0.));
#1341 = VECTOR('',#1342,1.);
#1342 = DIRECTION('',(0.,0.,1.));
#1343 = ORIENTED_EDGE('',*,*,#159,.F.);
#1344 = PLANE('',#1345);
#1345 = AXIS2_PLACEMENT_3D('',#1346,#1347,#1348);
#1346 = CARTESIAN_POINT('',(28.184301376343,9.564346313477,0.));
#1347 = DIRECTION('',(0.991811602249,-0.127709614532,0.));
#1348 = DIRECTION('',(-0.127709614532,-0.991811602249,0.));
#1349 = ADVANCED_FACE('',(#1350),#1368,.T.);
#1350 = FACE_BOUND('',#1351,.T.);
#1351 = EDGE_LOOP('',(#1352,#1360,#1366,#1367));
#1352 = ORIENTED_EDGE('',*,*,#1353,.T.);
#1353 = EDGE_CURVE('',#456,#1354,#1356,.T.);
#1354 = VERTEX_POINT('',#1355);
#1355 = CARTESIAN_POINT('',(-16.78543853759,-1.161576628685,12.7));
#1356 = LINE('',#1357,#1358);
#1357 = CARTESIAN_POINT('',(-16.78543853759,-1.161576628685,0.));
#1358 = VECTOR('',#1359,1.);
#1359 = DIRECTION('',(0.,0.,1.));
#1360 = ORIENTED_EDGE('',*,*,#1361,.T.);
#1361 = EDGE_CURVE('',#1354,#1306,#1362,.T.);
#1362 = LINE('',#1363,#1364);
#1363 = CARTESIAN_POINT('',(-16.78543853759,-1.161576628685,12.7));
#1364 = VECTOR('',#1365,1.);
#1365 = DIRECTION('',(0.,-1.,0.));
#1366 = ORIENTED_EDGE('',*,*,#1305,.F.);
#1367 = ORIENTED_EDGE('',*,*,#463,.F.);
#1368 = PLANE('',#1369);
#1369 = AXIS2_PLACEMENT_3D('',#1370,#1371,#1372);
#1370 = CARTESIAN_POINT('',(-16.78543853759,-1.161576628685,0.));
#1371 = DIRECTION('',(1.,0.,0.));
#1372 = DIRECTION('',(0.,-1.,0.));
#1373 = ADVANCED_FACE('',(#1374),#1392,.T.);
#1374 = FACE_BOUND('',#1375,.T.);
#1375 = EDGE_LOOP('',(#1376,#1377,#1385,#1391));
#1376 = ORIENTED_EDGE('',*,*,#1338,.T.);
#1377 = ORIENTED_EDGE('',*,*,#1378,.T.);
#1378 = EDGE_CURVE('',#1331,#1379,#1381,.T.);
#1379 = VERTEX_POINT('',#1380);
#1380 = CARTESIAN_POINT('',(27.776790618896,8.008183479309,12.7));
#1381 = LINE('',#1382,#1383);
#1382 = CARTESIAN_POINT('',(28.08073425293,8.760028839111,12.7));
#1383 = VECTOR('',#1384,1.);
#1384 = DIRECTION('',(-0.374795691907,-0.927107431384,0.));
#1385 = ORIENTED_EDGE('',*,*,#1386,.F.);
#1386 = EDGE_CURVE('',#168,#1379,#1387,.T.);
#1387 = LINE('',#1388,#1389);
#1388 = CARTESIAN_POINT('',(27.776790618896,8.008183479309,0.));
#1389 = VECTOR('',#1390,1.);
#1390 = DIRECTION('',(0.,0.,1.));
#1391 = ORIENTED_EDGE('',*,*,#167,.F.);
#1392 = PLANE('',#1393);
#1393 = AXIS2_PLACEMENT_3D('',#1394,#1395,#1396);
#1394 = CARTESIAN_POINT('',(28.08073425293,8.760028839111,0.));
#1395 = DIRECTION('',(0.927107431384,-0.374795691907,0.));
#1396 = DIRECTION('',(-0.374795691907,-0.927107431384,0.));
#1397 = ADVANCED_FACE('',(#1398),#1416,.T.);
#1398 = FACE_BOUND('',#1399,.T.);
#1399 = EDGE_LOOP('',(#1400,#1408,#1414,#1415));
#1400 = ORIENTED_EDGE('',*,*,#1401,.T.);
#1401 = EDGE_CURVE('',#448,#1402,#1404,.T.);
#1402 = VERTEX_POINT('',#1403);
#1403 = CARTESIAN_POINT('',(-18.05543899536,-1.161576628685,12.7));
#1404 = LINE('',#1405,#1406);
#1405 = CARTESIAN_POINT('',(-18.05543899536,-1.161576628685,0.));
#1406 = VECTOR('',#1407,1.);
#1407 = DIRECTION('',(0.,0.,1.));
#1408 = ORIENTED_EDGE('',*,*,#1409,.T.);
#1409 = EDGE_CURVE('',#1402,#1354,#1410,.T.);
#1410 = LINE('',#1411,#1412);
#1411 = CARTESIAN_POINT('',(-18.05543899536,-1.161576628685,12.7));
#1412 = VECTOR('',#1413,1.);
#1413 = DIRECTION('',(1.,0.,0.));
#1414 = ORIENTED_EDGE('',*,*,#1353,.F.);
#1415 = ORIENTED_EDGE('',*,*,#455,.F.);
#1416 = PLANE('',#1417);
#1417 = AXIS2_PLACEMENT_3D('',#1418,#1419,#1420);
#1418 = CARTESIAN_POINT('',(-18.05543899536,-1.161576628685,0.));
#1419 = DIRECTION('',(0.,1.,0.));
#1420 = DIRECTION('',(1.,0.,0.));
#1421 = ADVANCED_FACE('',(#1422),#1440,.T.);
#1422 = FACE_BOUND('',#1423,.T.);
#1423 = EDGE_LOOP('',(#1424,#1425,#1433,#1439));
#1424 = ORIENTED_EDGE('',*,*,#1386,.T.);
#1425 = ORIENTED_EDGE('',*,*,#1426,.T.);
#1426 = EDGE_CURVE('',#1379,#1427,#1429,.T.);
#1427 = VERTEX_POINT('',#1428);
#1428 = CARTESIAN_POINT('',(27.292293548584,7.357862472534,12.7));
#1429 = LINE('',#1430,#1431);
#1430 = CARTESIAN_POINT('',(27.776790618896,8.008183479309,12.7));
#1431 = VECTOR('',#1432,1.);
#1432 = DIRECTION('',(-0.597437048259,-0.801915814389,0.));
#1433 = ORIENTED_EDGE('',*,*,#1434,.F.);
#1434 = EDGE_CURVE('',#176,#1427,#1435,.T.);
#1435 = LINE('',#1436,#1437);
#1436 = CARTESIAN_POINT('',(27.292293548584,7.357862472534,0.));
#1437 = VECTOR('',#1438,1.);
#1438 = DIRECTION('',(0.,0.,1.));
#1439 = ORIENTED_EDGE('',*,*,#175,.F.);
#1440 = PLANE('',#1441);
#1441 = AXIS2_PLACEMENT_3D('',#1442,#1443,#1444);
#1442 = CARTESIAN_POINT('',(27.776790618896,8.008183479309,0.));
#1443 = DIRECTION('',(0.801915814389,-0.597437048259,0.));
#1444 = DIRECTION('',(-0.597437048259,-0.801915814389,0.));
#1445 = ADVANCED_FACE('',(#1446),#1464,.T.);
#1446 = FACE_BOUND('',#1447,.T.);
#1447 = EDGE_LOOP('',(#1448,#1456,#1462,#1463));
#1448 = ORIENTED_EDGE('',*,*,#1449,.T.);
#1449 = EDGE_CURVE('',#440,#1450,#1452,.T.);
#1450 = VERTEX_POINT('',#1451);
#1451 = CARTESIAN_POINT('',(-18.06719017028,-0.769621193409,12.7));
#1452 = LINE('',#1453,#1454);
#1453 = CARTESIAN_POINT('',(-18.06719017028,-0.769621193409,0.));
#1454 = VECTOR('',#1455,1.);
#1455 = DIRECTION('',(0.,0.,1.));
#1456 = ORIENTED_EDGE('',*,*,#1457,.T.);
#1457 = EDGE_CURVE('',#1450,#1402,#1458,.T.);
#1458 = LINE('',#1459,#1460);
#1459 = CARTESIAN_POINT('',(-18.06719017028,-0.769621193409,12.7));
#1460 = VECTOR('',#1461,1.);
#1461 = DIRECTION('',(2.99674303032E-02,-0.999550875704,0.));
#1462 = ORIENTED_EDGE('',*,*,#1401,.F.);
#1463 = ORIENTED_EDGE('',*,*,#447,.F.);
#1464 = PLANE('',#1465);
#1465 = AXIS2_PLACEMENT_3D('',#1466,#1467,#1468);
#1466 = CARTESIAN_POINT('',(-18.06719017028,-0.769621193409,0.));
#1467 = DIRECTION('',(0.999550875704,2.99674303032E-02,0.));
#1468 = DIRECTION('',(2.99674303032E-02,-0.999550875704,0.));
#1469 = ADVANCED_FACE('',(#1470),#1488,.T.);
#1470 = FACE_BOUND('',#1471,.T.);
#1471 = EDGE_LOOP('',(#1472,#1473,#1481,#1487));
#1472 = ORIENTED_EDGE('',*,*,#1434,.T.);
#1473 = ORIENTED_EDGE('',*,*,#1474,.T.);
#1474 = EDGE_CURVE('',#1427,#1475,#1477,.T.);
#1475 = VERTEX_POINT('',#1476);
#1476 = CARTESIAN_POINT('',(24.374397277832,4.338788509369,12.7));
#1477 = LINE('',#1478,#1479);
#1478 = CARTESIAN_POINT('',(27.292293548584,7.357862472534,12.7));
#1479 = VECTOR('',#1480,1.);
#1480 = DIRECTION('',(-0.694955375572,-0.719052867294,0.));
#1481 = ORIENTED_EDGE('',*,*,#1482,.F.);
#1482 = EDGE_CURVE('',#184,#1475,#1483,.T.);
#1483 = LINE('',#1484,#1485);
#1484 = CARTESIAN_POINT('',(24.374397277832,4.338788509369,0.));
#1485 = VECTOR('',#1486,1.);
#1486 = DIRECTION('',(0.,0.,1.));
#1487 = ORIENTED_EDGE('',*,*,#183,.F.);
#1488 = PLANE('',#1489);
#1489 = AXIS2_PLACEMENT_3D('',#1490,#1491,#1492);
#1490 = CARTESIAN_POINT('',(27.292293548584,7.357862472534,0.));
#1491 = DIRECTION('',(0.719052867294,-0.694955375572,0.));
#1492 = DIRECTION('',(-0.694955375572,-0.719052867294,0.));
#1493 = ADVANCED_FACE('',(#1494),#1512,.T.);
#1494 = FACE_BOUND('',#1495,.T.);
#1495 = EDGE_LOOP('',(#1496,#1504,#1510,#1511));
#1496 = ORIENTED_EDGE('',*,*,#1497,.T.);
#1497 = EDGE_CURVE('',#432,#1498,#1500,.T.);
#1498 = VERTEX_POINT('',#1499);
#1499 = CARTESIAN_POINT('',(-18.06719017028,-0.377489626408,12.7));
#1500 = LINE('',#1501,#1502);
#1501 = CARTESIAN_POINT('',(-18.06719017028,-0.377489626408,0.));
#1502 = VECTOR('',#1503,1.);
#1503 = DIRECTION('',(0.,0.,1.));
#1504 = ORIENTED_EDGE('',*,*,#1505,.T.);
#1505 = EDGE_CURVE('',#1498,#1450,#1506,.T.);
#1506 = LINE('',#1507,#1508);
#1507 = CARTESIAN_POINT('',(-18.06719017028,-0.377489626408,12.7));
#1508 = VECTOR('',#1509,1.);
#1509 = DIRECTION('',(0.,-1.,0.));
#1510 = ORIENTED_EDGE('',*,*,#1449,.F.);
#1511 = ORIENTED_EDGE('',*,*,#439,.F.);
#1512 = PLANE('',#1513);
#1513 = AXIS2_PLACEMENT_3D('',#1514,#1515,#1516);
#1514 = CARTESIAN_POINT('',(-18.06719017028,-0.377489626408,0.));
#1515 = DIRECTION('',(1.,0.,0.));
#1516 = DIRECTION('',(0.,-1.,0.));
#1517 = ADVANCED_FACE('',(#1518),#1536,.T.);
#1518 = FACE_BOUND('',#1519,.T.);
#1519 = EDGE_LOOP('',(#1520,#1521,#1529,#1535));
#1520 = ORIENTED_EDGE('',*,*,#1482,.T.);
#1521 = ORIENTED_EDGE('',*,*,#1522,.T.);
#1522 = EDGE_CURVE('',#1475,#1523,#1525,.T.);
#1523 = VERTEX_POINT('',#1524);
#1524 = CARTESIAN_POINT('',(23.889902114868,3.688466787338,12.7));
#1525 = LINE('',#1526,#1527);
#1526 = CARTESIAN_POINT('',(24.374397277832,4.338788509369,12.7));
#1527 = VECTOR('',#1528,1.);
#1528 = DIRECTION('',(-0.597435113225,-0.80191725601,0.));
#1529 = ORIENTED_EDGE('',*,*,#1530,.F.);
#1530 = EDGE_CURVE('',#192,#1523,#1531,.T.);
#1531 = LINE('',#1532,#1533);
#1532 = CARTESIAN_POINT('',(23.889902114868,3.688466787338,0.));
#1533 = VECTOR('',#1534,1.);
#1534 = DIRECTION('',(0.,0.,1.));
#1535 = ORIENTED_EDGE('',*,*,#191,.F.);
#1536 = PLANE('',#1537);
#1537 = AXIS2_PLACEMENT_3D('',#1538,#1539,#1540);
#1538 = CARTESIAN_POINT('',(24.374397277832,4.338788509369,0.));
#1539 = DIRECTION('',(0.80191725601,-0.597435113225,0.));
#1540 = DIRECTION('',(-0.597435113225,-0.80191725601,0.));
#1541 = ADVANCED_FACE('',(#1542),#1560,.T.);
#1542 = FACE_BOUND('',#1543,.T.);
#1543 = EDGE_LOOP('',(#1544,#1552,#1558,#1559));
#1544 = ORIENTED_EDGE('',*,*,#1545,.T.);
#1545 = EDGE_CURVE('',#424,#1546,#1548,.T.);
#1546 = VERTEX_POINT('',#1547);
#1547 = CARTESIAN_POINT('',(-18.05543899536,1.446586661041E-02,12.7));
#1548 = LINE('',#1549,#1550);
#1549 = CARTESIAN_POINT('',(-18.05543899536,1.446586661041E-02,0.));
#1550 = VECTOR('',#1551,1.);
#1551 = DIRECTION('',(0.,0.,1.));
#1552 = ORIENTED_EDGE('',*,*,#1553,.T.);
#1553 = EDGE_CURVE('',#1546,#1498,#1554,.T.);
#1554 = LINE('',#1555,#1556);
#1555 = CARTESIAN_POINT('',(-18.05543899536,1.446586661041E-02,12.7));
#1556 = VECTOR('',#1557,1.);
#1557 = DIRECTION('',(-2.996742589243E-02,-0.999550875836,0.));
#1558 = ORIENTED_EDGE('',*,*,#1497,.F.);
#1559 = ORIENTED_EDGE('',*,*,#431,.F.);
#1560 = PLANE('',#1561);
#1561 = AXIS2_PLACEMENT_3D('',#1562,#1563,#1564);
#1562 = CARTESIAN_POINT('',(-18.05543899536,1.446586661041E-02,0.));
#1563 = DIRECTION('',(0.999550875836,-2.996742589243E-02,0.));
#1564 = DIRECTION('',(-2.996742589243E-02,-0.999550875836,0.));
#1565 = ADVANCED_FACE('',(#1566),#1584,.T.);
#1566 = FACE_BOUND('',#1567,.T.);
#1567 = EDGE_LOOP('',(#1568,#1569,#1577,#1583));
#1568 = ORIENTED_EDGE('',*,*,#1530,.T.);
#1569 = ORIENTED_EDGE('',*,*,#1570,.T.);
#1570 = EDGE_CURVE('',#1523,#1571,#1573,.T.);
#1571 = VERTEX_POINT('',#1572);
#1572 = CARTESIAN_POINT('',(23.585956573486,2.936622142792,12.7));
#1573 = LINE('',#1574,#1575);
#1574 = CARTESIAN_POINT('',(23.889902114868,3.688466787338,12.7));
#1575 = VECTOR('',#1576,1.);
#1576 = DIRECTION('',(-0.374798019959,-0.927106490234,0.));
#1577 = ORIENTED_EDGE('',*,*,#1578,.F.);
#1578 = EDGE_CURVE('',#200,#1571,#1579,.T.);
#1579 = LINE('',#1580,#1581);
#1580 = CARTESIAN_POINT('',(23.585956573486,2.936622142792,0.));
#1581 = VECTOR('',#1582,1.);
#1582 = DIRECTION('',(0.,0.,1.));
#1583 = ORIENTED_EDGE('',*,*,#199,.F.);
#1584 = PLANE('',#1585);
#1585 = AXIS2_PLACEMENT_3D('',#1586,#1587,#1588);
#1586 = CARTESIAN_POINT('',(23.889902114868,3.688466787338,0.));
#1587 = DIRECTION('',(0.927106490234,-0.374798019959,0.));
#1588 = DIRECTION('',(-0.374798019959,-0.927106490234,0.));
#1589 = ADVANCED_FACE('',(#1590),#1608,.T.);
#1590 = FACE_BOUND('',#1591,.T.);
#1591 = EDGE_LOOP('',(#1592,#1600,#1606,#1607));
#1592 = ORIENTED_EDGE('',*,*,#1593,.T.);
#1593 = EDGE_CURVE('',#416,#1594,#1596,.T.);
#1594 = VERTEX_POINT('',#1595);
#1595 = CARTESIAN_POINT('',(-16.15279388427,6.78942155838,12.7));
#1596 = LINE('',#1597,#1598);
#1597 = CARTESIAN_POINT('',(-16.15279388427,6.78942155838,0.));
#1598 = VECTOR('',#1599,1.);
#1599 = DIRECTION('',(0.,0.,1.));
#1600 = ORIENTED_EDGE('',*,*,#1601,.T.);
#1601 = EDGE_CURVE('',#1594,#1546,#1602,.T.);
#1602 = LINE('',#1603,#1604);
#1603 = CARTESIAN_POINT('',(-16.15279388427,6.78942155838,12.7));
#1604 = VECTOR('',#1605,1.);
#1605 = DIRECTION('',(-0.270375357914,-0.962754987436,0.));
#1606 = ORIENTED_EDGE('',*,*,#1545,.F.);
#1607 = ORIENTED_EDGE('',*,*,#423,.F.);
#1608 = PLANE('',#1609);
#1609 = AXIS2_PLACEMENT_3D('',#1610,#1611,#1612);
#1610 = CARTESIAN_POINT('',(-16.15279388427,6.78942155838,0.));
#1611 = DIRECTION('',(0.962754987436,-0.270375357914,0.));
#1612 = DIRECTION('',(-0.270375357914,-0.962754987436,0.));
#1613 = ADVANCED_FACE('',(#1614),#1632,.T.);
#1614 = FACE_BOUND('',#1615,.T.);
#1615 = EDGE_LOOP('',(#1616,#1617,#1625,#1631));
#1616 = ORIENTED_EDGE('',*,*,#1578,.T.);
#1617 = ORIENTED_EDGE('',*,*,#1618,.T.);
#1618 = EDGE_CURVE('',#1571,#1619,#1621,.T.);
#1619 = VERTEX_POINT('',#1620);
#1620 = CARTESIAN_POINT('',(23.482389450073,2.132304668427,12.7));
#1621 = LINE('',#1622,#1623);
#1622 = CARTESIAN_POINT('',(23.585956573486,2.936622142792,12.7));
#1623 = VECTOR('',#1624,1.);
#1624 = DIRECTION('',(-0.127709614532,-0.991811602249,0.));
#1625 = ORIENTED_EDGE('',*,*,#1626,.F.);
#1626 = EDGE_CURVE('',#208,#1619,#1627,.T.);
#1627 = LINE('',#1628,#1629);
#1628 = CARTESIAN_POINT('',(23.482389450073,2.132304668427,0.));
#1629 = VECTOR('',#1630,1.);
#1630 = DIRECTION('',(0.,0.,1.));
#1631 = ORIENTED_EDGE('',*,*,#207,.F.);
#1632 = PLANE('',#1633);
#1633 = AXIS2_PLACEMENT_3D('',#1634,#1635,#1636);
#1634 = CARTESIAN_POINT('',(23.585956573486,2.936622142792,0.));
#1635 = DIRECTION('',(0.991811602249,-0.127709614532,0.));
#1636 = DIRECTION('',(-0.127709614532,-0.991811602249,0.));
#1637 = ADVANCED_FACE('',(#1638),#1656,.T.);
#1638 = FACE_BOUND('',#1639,.T.);
#1639 = EDGE_LOOP('',(#1640,#1648,#1654,#1655));
#1640 = ORIENTED_EDGE('',*,*,#1641,.T.);
#1641 = EDGE_CURVE('',#408,#1642,#1644,.T.);
#1642 = VERTEX_POINT('',#1643);
#1643 = CARTESIAN_POINT('',(-15.94388103485,7.146657943726,12.7));
#1644 = LINE('',#1645,#1646);
#1645 = CARTESIAN_POINT('',(-15.94388103485,7.146657943726,0.));
#1646 = VECTOR('',#1647,1.);
#1647 = DIRECTION('',(0.,0.,1.));
#1648 = ORIENTED_EDGE('',*,*,#1649,.T.);
#1649 = EDGE_CURVE('',#1642,#1594,#1650,.T.);
#1650 = LINE('',#1651,#1652);
#1651 = CARTESIAN_POINT('',(-15.94388103485,7.146657943726,12.7));
#1652 = VECTOR('',#1653,1.);
#1653 = DIRECTION('',(-0.504817175266,-0.863226285256,0.));
#1654 = ORIENTED_EDGE('',*,*,#1593,.F.);
#1655 = ORIENTED_EDGE('',*,*,#415,.F.);
#1656 = PLANE('',#1657);
#1657 = AXIS2_PLACEMENT_3D('',#1658,#1659,#1660);
#1658 = CARTESIAN_POINT('',(-15.94388103485,7.146657943726,0.));
#1659 = DIRECTION('',(0.863226285256,-0.504817175266,0.));
#1660 = DIRECTION('',(-0.504817175266,-0.863226285256,0.));
#1661 = ADVANCED_FACE('',(#1662),#1680,.T.);
#1662 = FACE_BOUND('',#1663,.T.);
#1663 = EDGE_LOOP('',(#1664,#1665,#1673,#1679));
#1664 = ORIENTED_EDGE('',*,*,#1626,.T.);
#1665 = ORIENTED_EDGE('',*,*,#1666,.T.);
#1666 = EDGE_CURVE('',#1619,#1667,#1669,.T.);
#1667 = VERTEX_POINT('',#1668);
#1668 = CARTESIAN_POINT('',(23.482389450073,-3.875488042831,12.7));
#1669 = LINE('',#1670,#1671);
#1670 = CARTESIAN_POINT('',(23.482389450073,2.132304668427,12.7));
#1671 = VECTOR('',#1672,1.);
#1672 = DIRECTION('',(0.,-1.,0.));
#1673 = ORIENTED_EDGE('',*,*,#1674,.F.);
#1674 = EDGE_CURVE('',#216,#1667,#1675,.T.);
#1675 = LINE('',#1676,#1677);
#1676 = CARTESIAN_POINT('',(23.482389450073,-3.875488042831,0.));
#1677 = VECTOR('',#1678,1.);
#1678 = DIRECTION('',(0.,0.,1.));
#1679 = ORIENTED_EDGE('',*,*,#215,.F.);
#1680 = PLANE('',#1681);
#1681 = AXIS2_PLACEMENT_3D('',#1682,#1683,#1684);
#1682 = CARTESIAN_POINT('',(23.482389450073,2.132304668427,0.));
#1683 = DIRECTION('',(1.,0.,0.));
#1684 = DIRECTION('',(0.,-1.,0.));
#1685 = ADVANCED_FACE('',(#1686),#1704,.T.);
#1686 = FACE_BOUND('',#1687,.T.);
#1687 = EDGE_LOOP('',(#1688,#1696,#1702,#1703));
#1688 = ORIENTED_EDGE('',*,*,#1689,.T.);
#1689 = EDGE_CURVE('',#400,#1690,#1692,.T.);
#1690 = VERTEX_POINT('',#1691);
#1691 = CARTESIAN_POINT('',(-15.57933044433,7.342529296875,12.7));
#1692 = LINE('',#1693,#1694);
#1693 = CARTESIAN_POINT('',(-15.57933044433,7.342529296875,0.));
#1694 = VECTOR('',#1695,1.);
#1695 = DIRECTION('',(0.,0.,1.));
#1696 = ORIENTED_EDGE('',*,*,#1697,.T.);
#1697 = EDGE_CURVE('',#1690,#1642,#1698,.T.);
#1698 = LINE('',#1699,#1700);
#1699 = CARTESIAN_POINT('',(-15.57933044433,7.342529296875,12.7));
#1700 = VECTOR('',#1701,1.);
#1701 = DIRECTION('',(-0.880899548547,-0.473303269976,0.));
#1702 = ORIENTED_EDGE('',*,*,#1641,.F.);
#1703 = ORIENTED_EDGE('',*,*,#407,.F.);
#1704 = PLANE('',#1705);
#1705 = AXIS2_PLACEMENT_3D('',#1706,#1707,#1708);
#1706 = CARTESIAN_POINT('',(-15.57933044433,7.342529296875,0.));
#1707 = DIRECTION('',(0.473303269976,-0.880899548547,0.));
#1708 = DIRECTION('',(-0.880899548547,-0.473303269976,0.));
#1709 = ADVANCED_FACE('',(#1710),#1728,.T.);
#1710 = FACE_BOUND('',#1711,.T.);
#1711 = EDGE_LOOP('',(#1712,#1713,#1721,#1727));
#1712 = ORIENTED_EDGE('',*,*,#1674,.T.);
#1713 = ORIENTED_EDGE('',*,*,#1714,.T.);
#1714 = EDGE_CURVE('',#1667,#1715,#1717,.T.);
#1715 = VERTEX_POINT('',#1716);
#1716 = CARTESIAN_POINT('',(23.397315979004,-4.192987918854,12.7));
#1717 = LINE('',#1718,#1719);
#1718 = CARTESIAN_POINT('',(23.482389450073,-3.875488042831,12.7));
#1719 = VECTOR('',#1720,1.);
#1720 = DIRECTION('',(-0.258818011017,-0.965926103371,0.));
#1721 = ORIENTED_EDGE('',*,*,#1722,.F.);
#1722 = EDGE_CURVE('',#224,#1715,#1723,.T.);
#1723 = LINE('',#1724,#1725);
#1724 = CARTESIAN_POINT('',(23.397315979004,-4.192987918854,0.));
#1725 = VECTOR('',#1726,1.);
#1726 = DIRECTION('',(0.,0.,1.));
#1727 = ORIENTED_EDGE('',*,*,#223,.F.);
#1728 = PLANE('',#1729);
#1729 = AXIS2_PLACEMENT_3D('',#1730,#1731,#1732);
#1730 = CARTESIAN_POINT('',(23.482389450073,-3.875488042831,0.));
#1731 = DIRECTION('',(0.965926103371,-0.258818011017,0.));
#1732 = DIRECTION('',(-0.258818011017,-0.965926103371,0.));
#1733 = ADVANCED_FACE('',(#1734),#1752,.T.);
#1734 = FACE_BOUND('',#1735,.T.);
#1735 = EDGE_LOOP('',(#1736,#1744,#1750,#1751));
#1736 = ORIENTED_EDGE('',*,*,#1737,.T.);
#1737 = EDGE_CURVE('',#392,#1738,#1740,.T.);
#1738 = VERTEX_POINT('',#1739);
#1739 = CARTESIAN_POINT('',(-15.16613101959,7.319550991058,12.7));
#1740 = LINE('',#1741,#1742);
#1741 = CARTESIAN_POINT('',(-15.16613101959,7.319550991058,0.));
#1742 = VECTOR('',#1743,1.);
#1743 = DIRECTION('',(0.,0.,1.));
#1744 = ORIENTED_EDGE('',*,*,#1745,.T.);
#1745 = EDGE_CURVE('',#1738,#1690,#1746,.T.);
#1746 = LINE('',#1747,#1748);
#1747 = CARTESIAN_POINT('',(-15.16613101959,7.319550991058,12.7));
#1748 = VECTOR('',#1749,1.);
#1749 = DIRECTION('',(-0.998457302714,5.552490122868E-02,0.));
#1750 = ORIENTED_EDGE('',*,*,#1689,.F.);
#1751 = ORIENTED_EDGE('',*,*,#399,.F.);
#1752 = PLANE('',#1753);
#1753 = AXIS2_PLACEMENT_3D('',#1754,#1755,#1756);
#1754 = CARTESIAN_POINT('',(-15.16613101959,7.319550991058,0.));
#1755 = DIRECTION('',(-5.552490122868E-02,-0.998457302714,0.));
#1756 = DIRECTION('',(-0.998457302714,5.552490122868E-02,0.));
#1757 = ADVANCED_FACE('',(#1758),#1776,.T.);
#1758 = FACE_BOUND('',#1759,.T.);
#1759 = EDGE_LOOP('',(#1760,#1761,#1769,#1775));
#1760 = ORIENTED_EDGE('',*,*,#1722,.T.);
#1761 = ORIENTED_EDGE('',*,*,#1762,.T.);
#1762 = EDGE_CURVE('',#1715,#1763,#1765,.T.);
#1763 = VERTEX_POINT('',#1764);
#1764 = CARTESIAN_POINT('',(23.164890289307,-4.425414085388,12.7));
#1765 = LINE('',#1766,#1767);
#1766 = CARTESIAN_POINT('',(23.397315979004,-4.192987918854,12.7));
#1767 = VECTOR('',#1768,1.);
#1768 = DIRECTION('',(-0.707106055848,-0.707107506524,0.));
#1769 = ORIENTED_EDGE('',*,*,#1770,.F.);
#1770 = EDGE_CURVE('',#232,#1763,#1771,.T.);
#1771 = LINE('',#1772,#1773);
#1772 = CARTESIAN_POINT('',(23.164890289307,-4.425414085388,0.));
#1773 = VECTOR('',#1774,1.);
#1774 = DIRECTION('',(0.,0.,1.));
#1775 = ORIENTED_EDGE('',*,*,#231,.F.);
#1776 = PLANE('',#1777);
#1777 = AXIS2_PLACEMENT_3D('',#1778,#1779,#1780);
#1778 = CARTESIAN_POINT('',(23.397315979004,-4.192987918854,0.));
#1779 = DIRECTION('',(0.707107506524,-0.707106055848,0.));
#1780 = DIRECTION('',(-0.707106055848,-0.707107506524,0.));
#1781 = ADVANCED_FACE('',(#1782),#1800,.T.);
#1782 = FACE_BOUND('',#1783,.T.);
#1783 = EDGE_LOOP('',(#1784,#1792,#1798,#1799));
#1784 = ORIENTED_EDGE('',*,*,#1785,.T.);
#1785 = EDGE_CURVE('',#384,#1786,#1788,.T.);
#1786 = VERTEX_POINT('',#1787);
#1787 = CARTESIAN_POINT('',(-14.82554626464,7.084466934204,12.7));
#1788 = LINE('',#1789,#1790);
#1789 = CARTESIAN_POINT('',(-14.82554626464,7.084466934204,0.));
#1790 = VECTOR('',#1791,1.);
#1791 = DIRECTION('',(0.,0.,1.));
#1792 = ORIENTED_EDGE('',*,*,#1793,.T.);
#1793 = EDGE_CURVE('',#1786,#1738,#1794,.T.);
#1794 = LINE('',#1795,#1796);
#1795 = CARTESIAN_POINT('',(-14.82554626464,7.084466934204,12.7));
#1796 = VECTOR('',#1797,1.);
#1797 = DIRECTION('',(-0.822989091123,0.568057176605,0.));
#1798 = ORIENTED_EDGE('',*,*,#1737,.F.);
#1799 = ORIENTED_EDGE('',*,*,#391,.F.);
#1800 = PLANE('',#1801);
#1801 = AXIS2_PLACEMENT_3D('',#1802,#1803,#1804);
#1802 = CARTESIAN_POINT('',(-14.82554626464,7.084466934204,0.));
#1803 = DIRECTION('',(-0.568057176605,-0.822989091123,0.));
#1804 = DIRECTION('',(-0.822989091123,0.568057176605,0.));
#1805 = ADVANCED_FACE('',(#1806),#1824,.T.);
#1806 = FACE_BOUND('',#1807,.T.);
#1807 = EDGE_LOOP('',(#1808,#1809,#1817,#1823));
#1808 = ORIENTED_EDGE('',*,*,#1770,.T.);
#1809 = ORIENTED_EDGE('',*,*,#1810,.T.);
#1810 = EDGE_CURVE('',#1763,#1811,#1813,.T.);
#1811 = VERTEX_POINT('',#1812);
#1812 = CARTESIAN_POINT('',(22.847389221191,-4.510488033295,12.7));
#1813 = LINE('',#1814,#1815);
#1814 = CARTESIAN_POINT('',(23.164890289307,-4.425414085388,12.7));
#1815 = VECTOR('',#1816,1.);
#1816 = DIRECTION('',(-0.965925983644,-0.258818457846,0.));
#1817 = ORIENTED_EDGE('',*,*,#1818,.F.);
#1818 = EDGE_CURVE('',#240,#1811,#1819,.T.);
#1819 = LINE('',#1820,#1821);
#1820 = CARTESIAN_POINT('',(22.847389221191,-4.510488033295,0.));
#1821 = VECTOR('',#1822,1.);
#1822 = DIRECTION('',(0.,0.,1.));
#1823 = ORIENTED_EDGE('',*,*,#239,.F.);
#1824 = PLANE('',#1825);
#1825 = AXIS2_PLACEMENT_3D('',#1826,#1827,#1828);
#1826 = CARTESIAN_POINT('',(23.164890289307,-4.425414085388,0.));
#1827 = DIRECTION('',(0.258818457846,-0.965925983644,0.));
#1828 = DIRECTION('',(-0.965925983644,-0.258818457846,0.));
#1829 = ADVANCED_FACE('',(#1830),#1848,.T.);
#1830 = FACE_BOUND('',#1831,.T.);
#1831 = EDGE_LOOP('',(#1832,#1840,#1846,#1847));
#1832 = ORIENTED_EDGE('',*,*,#1833,.T.);
#1833 = EDGE_CURVE('',#376,#1834,#1836,.T.);
#1834 = VERTEX_POINT('',#1835);
#1835 = CARTESIAN_POINT('',(-14.65753364563,6.706269264221,12.7));
#1836 = LINE('',#1837,#1838);
#1837 = CARTESIAN_POINT('',(-14.65753364563,6.706269264221,0.));
#1838 = VECTOR('',#1839,1.);
#1839 = DIRECTION('',(0.,0.,1.));
#1840 = ORIENTED_EDGE('',*,*,#1841,.T.);
#1841 = EDGE_CURVE('',#1834,#1786,#1842,.T.);
#1842 = LINE('',#1843,#1844);
#1843 = CARTESIAN_POINT('',(-14.65753364563,6.706269264221,12.7));
#1844 = VECTOR('',#1845,1.);
#1845 = DIRECTION('',(-0.40598665091,0.913879006917,0.));
#1846 = ORIENTED_EDGE('',*,*,#1785,.F.);
#1847 = ORIENTED_EDGE('',*,*,#383,.F.);
#1848 = PLANE('',#1849);
#1849 = AXIS2_PLACEMENT_3D('',#1850,#1851,#1852);
#1850 = CARTESIAN_POINT('',(-14.65753364563,6.706269264221,0.));
#1851 = DIRECTION('',(-0.913879006917,-0.40598665091,0.));
#1852 = DIRECTION('',(-0.40598665091,0.913879006917,0.));
#1853 = ADVANCED_FACE('',(#1854),#1872,.T.);
#1854 = FACE_BOUND('',#1855,.T.);
#1855 = EDGE_LOOP('',(#1856,#1857,#1865,#1871));
#1856 = ORIENTED_EDGE('',*,*,#1818,.T.);
#1857 = ORIENTED_EDGE('',*,*,#1858,.T.);
#1858 = EDGE_CURVE('',#1811,#1859,#1861,.T.);
#1859 = VERTEX_POINT('',#1860);
#1860 = CARTESIAN_POINT('',(13.956198692322,-4.510488033295,12.7));
#1861 = LINE('',#1862,#1863);
#1862 = CARTESIAN_POINT('',(22.847389221191,-4.510488033295,12.7));
#1863 = VECTOR('',#1864,1.);
#1864 = DIRECTION('',(-1.,0.,0.));
#1865 = ORIENTED_EDGE('',*,*,#1866,.F.);
#1866 = EDGE_CURVE('',#248,#1859,#1867,.T.);
#1867 = LINE('',#1868,#1869);
#1868 = CARTESIAN_POINT('',(13.956198692322,-4.510488033295,0.));
#1869 = VECTOR('',#1870,1.);
#1870 = DIRECTION('',(0.,0.,1.));
#1871 = ORIENTED_EDGE('',*,*,#247,.F.);
#1872 = PLANE('',#1873);
#1873 = AXIS2_PLACEMENT_3D('',#1874,#1875,#1876);
#1874 = CARTESIAN_POINT('',(22.847389221191,-4.510488033295,0.));
#1875 = DIRECTION('',(0.,-1.,0.));
#1876 = DIRECTION('',(-1.,0.,0.));
#1877 = ADVANCED_FACE('',(#1878),#1896,.T.);
#1878 = FACE_BOUND('',#1879,.T.);
#1879 = EDGE_LOOP('',(#1880,#1888,#1894,#1895));
#1880 = ORIENTED_EDGE('',*,*,#1881,.T.);
#1881 = EDGE_CURVE('',#368,#1882,#1884,.T.);
#1882 = VERTEX_POINT('',#1883);
#1883 = CARTESIAN_POINT('',(-14.71139812469,6.295951843262,12.7));
#1884 = LINE('',#1885,#1886);
#1885 = CARTESIAN_POINT('',(-14.71139812469,6.295951843262,0.));
#1886 = VECTOR('',#1887,1.);
#1887 = DIRECTION('',(0.,0.,1.));
#1888 = ORIENTED_EDGE('',*,*,#1889,.T.);
#1889 = EDGE_CURVE('',#1882,#1834,#1890,.T.);
#1890 = LINE('',#1891,#1892);
#1891 = CARTESIAN_POINT('',(-14.71139812469,6.295951843262,12.7));
#1892 = VECTOR('',#1893,1.);
#1893 = DIRECTION('',(0.130158415325,0.991493210728,0.));
#1894 = ORIENTED_EDGE('',*,*,#1833,.F.);
#1895 = ORIENTED_EDGE('',*,*,#375,.F.);
#1896 = PLANE('',#1897);
#1897 = AXIS2_PLACEMENT_3D('',#1898,#1899,#1900);
#1898 = CARTESIAN_POINT('',(-14.71139812469,6.295951843262,0.));
#1899 = DIRECTION('',(-0.991493210728,0.130158415325,0.));
#1900 = DIRECTION('',(0.130158415325,0.991493210728,0.));
#1901 = ADVANCED_FACE('',(#1902),#1920,.T.);
#1902 = FACE_BOUND('',#1903,.T.);
#1903 = EDGE_LOOP('',(#1904,#1905,#1913,#1919));
#1904 = ORIENTED_EDGE('',*,*,#1866,.T.);
#1905 = ORIENTED_EDGE('',*,*,#1906,.T.);
#1906 = EDGE_CURVE('',#1859,#1907,#1909,.T.);
#1907 = VERTEX_POINT('',#1908);
#1908 = CARTESIAN_POINT('',(13.638698577881,-4.425414085388,12.7));
#1909 = LINE('',#1910,#1911);
#1910 = CARTESIAN_POINT('',(13.956198692322,-4.510488033295,12.7));
#1911 = VECTOR('',#1912,1.);
#1912 = DIRECTION('',(-0.965925789291,0.258819183182,0.));
#1913 = ORIENTED_EDGE('',*,*,#1914,.F.);
#1914 = EDGE_CURVE('',#256,#1907,#1915,.T.);
#1915 = LINE('',#1916,#1917);
#1916 = CARTESIAN_POINT('',(13.638698577881,-4.425414085388,0.));
#1917 = VECTOR('',#1918,1.);
#1918 = DIRECTION('',(0.,0.,1.));
#1919 = ORIENTED_EDGE('',*,*,#255,.F.);
#1920 = PLANE('',#1921);
#1921 = AXIS2_PLACEMENT_3D('',#1922,#1923,#1924);
#1922 = CARTESIAN_POINT('',(13.956198692322,-4.510488033295,0.));
#1923 = DIRECTION('',(-0.258819183182,-0.965925789291,0.));
#1924 = DIRECTION('',(-0.965925789291,0.258819183182,0.));
#1925 = ADVANCED_FACE('',(#1926),#1944,.T.);
#1926 = FACE_BOUND('',#1927,.T.);
#1927 = EDGE_LOOP('',(#1928,#1936,#1942,#1943));
#1928 = ORIENTED_EDGE('',*,*,#1929,.T.);
#1929 = EDGE_CURVE('',#360,#1930,#1932,.T.);
#1930 = VERTEX_POINT('',#1931);
#1931 = CARTESIAN_POINT('',(-16.65151977539,0.960423588753,12.7));
#1932 = LINE('',#1933,#1934);
#1933 = CARTESIAN_POINT('',(-16.65151977539,0.960423588753,0.));
#1934 = VECTOR('',#1935,1.);
#1935 = DIRECTION('',(0.,0.,1.));
#1936 = ORIENTED_EDGE('',*,*,#1937,.T.);
#1937 = EDGE_CURVE('',#1930,#1882,#1938,.T.);
#1938 = LINE('',#1939,#1940);
#1939 = CARTESIAN_POINT('',(-16.65151977539,0.960423588753,12.7));
#1940 = VECTOR('',#1941,1.);
#1941 = DIRECTION('',(0.341732104531,0.939797408345,0.));
#1942 = ORIENTED_EDGE('',*,*,#1881,.F.);
#1943 = ORIENTED_EDGE('',*,*,#367,.F.);
#1944 = PLANE('',#1945);
#1945 = AXIS2_PLACEMENT_3D('',#1946,#1947,#1948);
#1946 = CARTESIAN_POINT('',(-16.65151977539,0.960423588753,0.));
#1947 = DIRECTION('',(-0.939797408345,0.341732104531,0.));
#1948 = DIRECTION('',(0.341732104531,0.939797408345,0.));
#1949 = ADVANCED_FACE('',(#1950),#1968,.T.);
#1950 = FACE_BOUND('',#1951,.T.);
#1951 = EDGE_LOOP('',(#1952,#1953,#1961,#1967));
#1952 = ORIENTED_EDGE('',*,*,#1914,.T.);
#1953 = ORIENTED_EDGE('',*,*,#1954,.T.);
#1954 = EDGE_CURVE('',#1907,#1955,#1957,.T.);
#1955 = VERTEX_POINT('',#1956);
#1956 = CARTESIAN_POINT('',(13.406272888184,-4.192987918854,12.7));
#1957 = LINE('',#1958,#1959);
#1958 = CARTESIAN_POINT('',(13.638698577881,-4.425414085388,12.7));
#1959 = VECTOR('',#1960,1.);
#1960 = DIRECTION('',(-0.707106055848,0.707107506524,0.));
#1961 = ORIENTED_EDGE('',*,*,#1962,.F.);
#1962 = EDGE_CURVE('',#264,#1955,#1963,.T.);
#1963 = LINE('',#1964,#1965);
#1964 = CARTESIAN_POINT('',(13.406272888184,-4.192987918854,0.));
#1965 = VECTOR('',#1966,1.);
#1966 = DIRECTION('',(0.,0.,1.));
#1967 = ORIENTED_EDGE('',*,*,#263,.F.);
#1968 = PLANE('',#1969);
#1969 = AXIS2_PLACEMENT_3D('',#1970,#1971,#1972);
#1970 = CARTESIAN_POINT('',(13.638698577881,-4.425414085388,0.));
#1971 = DIRECTION('',(-0.707107506524,-0.707106055848,0.));
#1972 = DIRECTION('',(-0.707106055848,0.707107506524,0.));
#1973 = ADVANCED_FACE('',(#1974),#1992,.T.);
#1974 = FACE_BOUND('',#1975,.T.);
#1975 = EDGE_LOOP('',(#1976,#1984,#1990,#1991));
#1976 = ORIENTED_EDGE('',*,*,#1977,.T.);
#1977 = EDGE_CURVE('',#352,#1978,#1980,.T.);
#1978 = VERTEX_POINT('',#1979);
#1979 = CARTESIAN_POINT('',(-16.68429756164,0.660394787788,12.7));
#1980 = LINE('',#1981,#1982);
#1981 = CARTESIAN_POINT('',(-16.68429756164,0.660394787788,0.));
#1982 = VECTOR('',#1983,1.);
#1983 = DIRECTION('',(0.,0.,1.));
#1984 = ORIENTED_EDGE('',*,*,#1985,.T.);
#1985 = EDGE_CURVE('',#1978,#1930,#1986,.T.);
#1986 = LINE('',#1987,#1988);
#1987 = CARTESIAN_POINT('',(-16.68429756164,0.660394787788,12.7));
#1988 = VECTOR('',#1989,1.);
#1989 = DIRECTION('',(0.108602619221,0.994085243376,0.));
#1990 = ORIENTED_EDGE('',*,*,#1929,.F.);
#1991 = ORIENTED_EDGE('',*,*,#359,.F.);
#1992 = PLANE('',#1993);
#1993 = AXIS2_PLACEMENT_3D('',#1994,#1995,#1996);
#1994 = CARTESIAN_POINT('',(-16.68429756164,0.660394787788,0.));
#1995 = DIRECTION('',(-0.994085243376,0.108602619221,0.));
#1996 = DIRECTION('',(0.108602619221,0.994085243376,0.));
#1997 = ADVANCED_FACE('',(#1998),#2016,.T.);
#1998 = FACE_BOUND('',#1999,.T.);
#1999 = EDGE_LOOP('',(#2000,#2001,#2009,#2015));
#2000 = ORIENTED_EDGE('',*,*,#1962,.T.);
#2001 = ORIENTED_EDGE('',*,*,#2002,.T.);
#2002 = EDGE_CURVE('',#1955,#2003,#2005,.T.);
#2003 = VERTEX_POINT('',#2004);
#2004 = CARTESIAN_POINT('',(13.321199417114,-3.875488042831,12.7));
#2005 = LINE('',#2006,#2007);
#2006 = CARTESIAN_POINT('',(13.406272888184,-4.192987918854,12.7));
#2007 = VECTOR('',#2008,1.);
#2008 = DIRECTION('',(-0.258818011017,0.965926103371,0.));
#2009 = ORIENTED_EDGE('',*,*,#2010,.F.);
#2010 = EDGE_CURVE('',#272,#2003,#2011,.T.);
#2011 = LINE('',#2012,#2013);
#2012 = CARTESIAN_POINT('',(13.321199417114,-3.875488042831,0.));
#2013 = VECTOR('',#2014,1.);
#2014 = DIRECTION('',(0.,0.,1.));
#2015 = ORIENTED_EDGE('',*,*,#271,.F.);
#2016 = PLANE('',#2017);
#2017 = AXIS2_PLACEMENT_3D('',#2018,#2019,#2020);
#2018 = CARTESIAN_POINT('',(13.406272888184,-4.192987918854,0.));
#2019 = DIRECTION('',(-0.965926103371,-0.258818011017,0.));
#2020 = DIRECTION('',(-0.258818011017,0.965926103371,0.));
#2021 = ADVANCED_FACE('',(#2022),#2040,.T.);
#2022 = FACE_BOUND('',#2023,.T.);
#2023 = EDGE_LOOP('',(#2024,#2032,#2038,#2039));
#2024 = ORIENTED_EDGE('',*,*,#2025,.T.);
#2025 = EDGE_CURVE('',#344,#2026,#2028,.T.);
#2026 = VERTEX_POINT('',#2027);
#2027 = CARTESIAN_POINT('',(-16.57485580444,0.379122912884,12.7));
#2028 = LINE('',#2029,#2030);
#2029 = CARTESIAN_POINT('',(-16.57485580444,0.379122912884,0.));
#2030 = VECTOR('',#2031,1.);
#2031 = DIRECTION('',(0.,0.,1.));
#2032 = ORIENTED_EDGE('',*,*,#2033,.T.);
#2033 = EDGE_CURVE('',#2026,#1978,#2034,.T.);
#2034 = LINE('',#2035,#2036);
#2035 = CARTESIAN_POINT('',(-16.57485580444,0.379122912884,12.7));
#2036 = VECTOR('',#2037,1.);
#2037 = DIRECTION('',(-0.362613902258,0.931939460421,0.));
#2038 = ORIENTED_EDGE('',*,*,#1977,.F.);
#2039 = ORIENTED_EDGE('',*,*,#351,.F.);
#2040 = PLANE('',#2041);
#2041 = AXIS2_PLACEMENT_3D('',#2042,#2043,#2044);
#2042 = CARTESIAN_POINT('',(-16.57485580444,0.379122912884,0.));
#2043 = DIRECTION('',(-0.931939460421,-0.362613902258,0.));
#2044 = DIRECTION('',(-0.362613902258,0.931939460421,0.));
#2045 = ADVANCED_FACE('',(#2046),#2064,.T.);
#2046 = FACE_BOUND('',#2047,.T.);
#2047 = EDGE_LOOP('',(#2048,#2049,#2057,#2063));
#2048 = ORIENTED_EDGE('',*,*,#2010,.T.);
#2049 = ORIENTED_EDGE('',*,*,#2050,.T.);
#2050 = EDGE_CURVE('',#2003,#2051,#2053,.T.);
#2051 = VERTEX_POINT('',#2052);
#2052 = CARTESIAN_POINT('',(13.321199417114,-2.310223817825,12.7));
#2053 = LINE('',#2054,#2055);
#2054 = CARTESIAN_POINT('',(13.321199417114,-3.875488042831,12.7));
#2055 = VECTOR('',#2056,1.);
#2056 = DIRECTION('',(0.,1.,0.));
#2057 = ORIENTED_EDGE('',*,*,#2058,.F.);
#2058 = EDGE_CURVE('',#280,#2051,#2059,.T.);
#2059 = LINE('',#2060,#2061);
#2060 = CARTESIAN_POINT('',(13.321199417114,-2.310223817825,0.));
#2061 = VECTOR('',#2062,1.);
#2062 = DIRECTION('',(0.,0.,1.));
#2063 = ORIENTED_EDGE('',*,*,#279,.F.);
#2064 = PLANE('',#2065);
#2065 = AXIS2_PLACEMENT_3D('',#2066,#2067,#2068);
#2066 = CARTESIAN_POINT('',(13.321199417114,-3.875488042831,0.));
#2067 = DIRECTION('',(-1.,0.,0.));
#2068 = DIRECTION('',(0.,1.,0.));
#2069 = ADVANCED_FACE('',(#2070),#2088,.T.);
#2070 = FACE_BOUND('',#2071,.T.);
#2071 = EDGE_LOOP('',(#2072,#2080,#2086,#2087));
#2072 = ORIENTED_EDGE('',*,*,#2073,.T.);
#2073 = EDGE_CURVE('',#336,#2074,#2076,.T.);
#2074 = VERTEX_POINT('',#2075);
#2075 = CARTESIAN_POINT('',(-16.34791564941,0.180149301887,12.7));
#2076 = LINE('',#2077,#2078);
#2077 = CARTESIAN_POINT('',(-16.34791564941,0.180149301887,0.));
#2078 = VECTOR('',#2079,1.);
#2079 = DIRECTION('',(0.,0.,1.));
#2080 = ORIENTED_EDGE('',*,*,#2081,.T.);
#2081 = EDGE_CURVE('',#2074,#2026,#2082,.T.);
#2082 = LINE('',#2083,#2084);
#2083 = CARTESIAN_POINT('',(-16.34791564941,0.180149301887,12.7));
#2084 = VECTOR('',#2085,1.);
#2085 = DIRECTION('',(-0.751917923815,0.659256729845,0.));
#2086 = ORIENTED_EDGE('',*,*,#2025,.F.);
#2087 = ORIENTED_EDGE('',*,*,#343,.F.);
#2088 = PLANE('',#2089);
#2089 = AXIS2_PLACEMENT_3D('',#2090,#2091,#2092);
#2090 = CARTESIAN_POINT('',(-16.34791564941,0.180149301887,0.));
#2091 = DIRECTION('',(-0.659256729845,-0.751917923815,0.));
#2092 = DIRECTION('',(-0.751917923815,0.659256729845,0.));
#2093 = ADVANCED_FACE('',(#2094),#2112,.T.);
#2094 = FACE_BOUND('',#2095,.T.);
#2095 = EDGE_LOOP('',(#2096,#2097,#2105,#2111));
#2096 = ORIENTED_EDGE('',*,*,#2058,.T.);
#2097 = ORIENTED_EDGE('',*,*,#2098,.T.);
#2098 = EDGE_CURVE('',#2051,#2099,#2101,.T.);
#2099 = VERTEX_POINT('',#2100);
#2100 = CARTESIAN_POINT('',(13.384920120239,-2.032977581024,12.7));
#2101 = LINE('',#2102,#2103);
#2102 = CARTESIAN_POINT('',(13.321199417114,-2.310223817825,12.7));
#2103 = VECTOR('',#2104,1.);
#2104 = DIRECTION('',(0.223994342021,0.974590444619,0.));
#2105 = ORIENTED_EDGE('',*,*,#2106,.F.);
#2106 = EDGE_CURVE('',#288,#2099,#2107,.T.);
#2107 = LINE('',#2108,#2109);
#2108 = CARTESIAN_POINT('',(13.384920120239,-2.032977581024,0.));
#2109 = VECTOR('',#2110,1.);
#2110 = DIRECTION('',(0.,0.,1.));
#2111 = ORIENTED_EDGE('',*,*,#287,.F.);
#2112 = PLANE('',#2113);
#2113 = AXIS2_PLACEMENT_3D('',#2114,#2115,#2116);
#2114 = CARTESIAN_POINT('',(13.321199417114,-2.310223817825,0.));
#2115 = DIRECTION('',(-0.974590444619,0.223994342021,0.));
#2116 = DIRECTION('',(0.223994342021,0.974590444619,0.));
#2117 = ADVANCED_FACE('',(#2118),#2136,.T.);
#2118 = FACE_BOUND('',#2119,.T.);
#2119 = EDGE_LOOP('',(#2120,#2128,#2134,#2135));
#2120 = ORIENTED_EDGE('',*,*,#2121,.T.);
#2121 = EDGE_CURVE('',#328,#2122,#2124,.T.);
#2122 = VERTEX_POINT('',#2123);
#2123 = CARTESIAN_POINT('',(-16.05474853515,0.108423650265,12.7));
#2124 = LINE('',#2125,#2126);
#2125 = CARTESIAN_POINT('',(-16.05474853515,0.108423650265,0.));
#2126 = VECTOR('',#2127,1.);
#2127 = DIRECTION('',(0.,0.,1.));
#2128 = ORIENTED_EDGE('',*,*,#2129,.T.);
#2129 = EDGE_CURVE('',#2122,#2074,#2130,.T.);
#2130 = LINE('',#2131,#2132);
#2131 = CARTESIAN_POINT('',(-16.05474853515,0.108423650265,12.7));
#2132 = VECTOR('',#2133,1.);
#2133 = DIRECTION('',(-0.971351160488,0.237648738727,0.));
#2134 = ORIENTED_EDGE('',*,*,#2073,.F.);
#2135 = ORIENTED_EDGE('',*,*,#335,.F.);
#2136 = PLANE('',#2137);
#2137 = AXIS2_PLACEMENT_3D('',#2138,#2139,#2140);
#2138 = CARTESIAN_POINT('',(-16.05474853515,0.108423650265,0.));
#2139 = DIRECTION('',(-0.237648738727,-0.971351160488,0.));
#2140 = DIRECTION('',(-0.971351160488,0.237648738727,0.));
#2141 = ADVANCED_FACE('',(#2142),#2160,.T.);
#2142 = FACE_BOUND('',#2143,.T.);
#2143 = EDGE_LOOP('',(#2144,#2145,#2153,#2159));
#2144 = ORIENTED_EDGE('',*,*,#2106,.T.);
#2145 = ORIENTED_EDGE('',*,*,#2146,.T.);
#2146 = EDGE_CURVE('',#2099,#2147,#2149,.T.);
#2147 = VERTEX_POINT('',#2148);
#2148 = CARTESIAN_POINT('',(13.56329536438,-1.811373710632,12.7));
#2149 = LINE('',#2150,#2151);
#2150 = CARTESIAN_POINT('',(13.384920120239,-2.032977581024,12.7));
#2151 = VECTOR('',#2152,1.);
#2152 = DIRECTION('',(0.627033197894,0.778992534457,0.));
#2153 = ORIENTED_EDGE('',*,*,#2154,.F.);
#2154 = EDGE_CURVE('',#296,#2147,#2155,.T.);
#2155 = LINE('',#2156,#2157);
#2156 = CARTESIAN_POINT('',(13.56329536438,-1.811373710632,0.));
#2157 = VECTOR('',#2158,1.);
#2158 = DIRECTION('',(0.,0.,1.));
#2159 = ORIENTED_EDGE('',*,*,#295,.F.);
#2160 = PLANE('',#2161);
#2161 = AXIS2_PLACEMENT_3D('',#2162,#2163,#2164);
#2162 = CARTESIAN_POINT('',(13.384920120239,-2.032977581024,0.));
#2163 = DIRECTION('',(-0.778992534457,0.627033197894,0.));
#2164 = DIRECTION('',(0.627033197894,0.778992534457,0.));
#2165 = ADVANCED_FACE('',(#2166,#2184,#2195,#2206),#2217,.T.);
#2166 = FACE_BOUND('',#2167,.T.);
#2167 = EDGE_LOOP('',(#2168,#2176,#2182,#2183));
#2168 = ORIENTED_EDGE('',*,*,#2169,.T.);
#2169 = EDGE_CURVE('',#320,#2170,#2172,.T.);
#2170 = VERTEX_POINT('',#2171);
#2171 = CARTESIAN_POINT('',(16.623199462891,0.108423650265,12.7));
#2172 = LINE('',#2173,#2174);
#2173 = CARTESIAN_POINT('',(16.623199462891,0.108423650265,0.));
#2174 = VECTOR('',#2175,1.);
#2175 = DIRECTION('',(0.,0.,1.));
#2176 = ORIENTED_EDGE('',*,*,#2177,.T.);
#2177 = EDGE_CURVE('',#2170,#2122,#2178,.T.);
#2178 = LINE('',#2179,#2180);
#2179 = CARTESIAN_POINT('',(16.623199462891,0.108423650265,12.7));
#2180 = VECTOR('',#2181,1.);
#2181 = DIRECTION('',(-1.,0.,0.));
#2182 = ORIENTED_EDGE('',*,*,#2121,.F.);
#2183 = ORIENTED_EDGE('',*,*,#327,.F.);
#2184 = FACE_BOUND('',#2185,.T.);
#2185 = EDGE_LOOP('',(#2186));
#2186 = ORIENTED_EDGE('',*,*,#2187,.T.);
#2187 = EDGE_CURVE('',#2188,#2188,#2190,.T.);
#2188 = VERTEX_POINT('',#2189);
#2189 = CARTESIAN_POINT('',(12.720601875305,0.108423650265,6.35));
#2190 = CIRCLE('',#2191,1.27);
#2191 = AXIS2_PLACEMENT_3D('',#2192,#2193,#2194);
#2192 = CARTESIAN_POINT('',(13.990601875305,0.108423650265,6.35));
#2193 = DIRECTION('',(0.,1.,-2.22044604925E-16));
#2194 = DIRECTION('',(-1.,0.,0.));
#2195 = FACE_BOUND('',#2196,.T.);
#2196 = EDGE_LOOP('',(#2197));
#2197 = ORIENTED_EDGE('',*,*,#2198,.T.);
#2198 = EDGE_CURVE('',#2199,#2199,#2201,.T.);
#2199 = VERTEX_POINT('',#2200);
#2200 = CARTESIAN_POINT('',(2.060187530518E-02,0.108423650265,6.35));
#2201 = CIRCLE('',#2202,1.27);
#2202 = AXIS2_PLACEMENT_3D('',#2203,#2204,#2205);
#2203 = CARTESIAN_POINT('',(1.290601875305,0.108423650265,6.35));
#2204 = DIRECTION('',(0.,1.,-2.22044604925E-16));
#2205 = DIRECTION('',(-1.,0.,0.));
#2206 = FACE_BOUND('',#2207,.T.);
#2207 = EDGE_LOOP('',(#2208));
#2208 = ORIENTED_EDGE('',*,*,#2209,.T.);
#2209 = EDGE_CURVE('',#2210,#2210,#2212,.T.);
#2210 = VERTEX_POINT('',#2211);
#2211 = CARTESIAN_POINT('',(-12.67939812469,0.108423650265,6.35));
#2212 = CIRCLE('',#2213,1.27);
#2213 = AXIS2_PLACEMENT_3D('',#2214,#2215,#2216);
#2214 = CARTESIAN_POINT('',(-11.40939812469,0.108423650265,6.35));
#2215 = DIRECTION('',(0.,1.,-2.22044604925E-16));
#2216 = DIRECTION('',(-1.,0.,0.));
#2217 = PLANE('',#2218);
#2218 = AXIS2_PLACEMENT_3D('',#2219,#2220,#2221);
#2219 = CARTESIAN_POINT('',(16.623199462891,0.108423650265,0.));
#2220 = DIRECTION('',(0.,-1.,0.));
#2221 = DIRECTION('',(-1.,0.,0.));
#2222 = ADVANCED_FACE('',(#2223),#2241,.T.);
#2223 = FACE_BOUND('',#2224,.T.);
#2224 = EDGE_LOOP('',(#2225,#2226,#2234,#2240));
#2225 = ORIENTED_EDGE('',*,*,#2154,.T.);
#2226 = ORIENTED_EDGE('',*,*,#2227,.T.);
#2227 = EDGE_CURVE('',#2147,#2228,#2230,.T.);
#2228 = VERTEX_POINT('',#2229);
#2229 = CARTESIAN_POINT('',(13.820524215698,-1.689887285233,12.7));
#2230 = LINE('',#2231,#2232);
#2231 = CARTESIAN_POINT('',(13.56329536438,-1.811373710632,12.7));
#2232 = VECTOR('',#2233,1.);
#2233 = DIRECTION('',(0.904225237745,0.427055873892,0.));
#2234 = ORIENTED_EDGE('',*,*,#2235,.F.);
#2235 = EDGE_CURVE('',#304,#2228,#2236,.T.);
#2236 = LINE('',#2237,#2238);
#2237 = CARTESIAN_POINT('',(13.820524215698,-1.689887285233,0.));
#2238 = VECTOR('',#2239,1.);
#2239 = DIRECTION('',(0.,0.,1.));
#2240 = ORIENTED_EDGE('',*,*,#303,.F.);
#2241 = PLANE('',#2242);
#2242 = AXIS2_PLACEMENT_3D('',#2243,#2244,#2245);
#2243 = CARTESIAN_POINT('',(13.56329536438,-1.811373710632,0.));
#2244 = DIRECTION('',(-0.427055873892,0.904225237745,0.));
#2245 = DIRECTION('',(0.904225237745,0.427055873892,0.));
#2246 = ADVANCED_FACE('',(#2247),#2265,.T.);
#2247 = FACE_BOUND('',#2248,.T.);
#2248 = EDGE_LOOP('',(#2249,#2257,#2263,#2264));
#2249 = ORIENTED_EDGE('',*,*,#2250,.T.);
#2250 = EDGE_CURVE('',#312,#2251,#2253,.T.);
#2251 = VERTEX_POINT('',#2252);
#2252 = CARTESIAN_POINT('',(16.623199462891,-1.076910614967,12.7));
#2253 = LINE('',#2254,#2255);
#2254 = CARTESIAN_POINT('',(16.623199462891,-1.076910614967,0.));
#2255 = VECTOR('',#2256,1.);
#2256 = DIRECTION('',(0.,0.,1.));
#2257 = ORIENTED_EDGE('',*,*,#2258,.T.);
#2258 = EDGE_CURVE('',#2251,#2170,#2259,.T.);
#2259 = LINE('',#2260,#2261);
#2260 = CARTESIAN_POINT('',(16.623199462891,-1.076910614967,12.7));
#2261 = VECTOR('',#2262,1.);
#2262 = DIRECTION('',(0.,1.,0.));
#2263 = ORIENTED_EDGE('',*,*,#2169,.F.);
#2264 = ORIENTED_EDGE('',*,*,#319,.F.);
#2265 = PLANE('',#2266);
#2266 = AXIS2_PLACEMENT_3D('',#2267,#2268,#2269);
#2267 = CARTESIAN_POINT('',(16.623199462891,-1.076910614967,0.));
#2268 = DIRECTION('',(-1.,0.,0.));
#2269 = DIRECTION('',(0.,1.,0.));
#2270 = ADVANCED_FACE('',(#2271),#2282,.T.);
#2271 = FACE_BOUND('',#2272,.T.);
#2272 = EDGE_LOOP('',(#2273,#2274,#2280,#2281));
#2273 = ORIENTED_EDGE('',*,*,#2235,.T.);
#2274 = ORIENTED_EDGE('',*,*,#2275,.T.);
#2275 = EDGE_CURVE('',#2228,#2251,#2276,.T.);
#2276 = LINE('',#2277,#2278);
#2277 = CARTESIAN_POINT('',(13.820524215698,-1.689887285233,12.7));
#2278 = VECTOR('',#2279,1.);
#2279 = DIRECTION('',(0.976907914767,0.213660773345,0.));
#2280 = ORIENTED_EDGE('',*,*,#2250,.F.);
#2281 = ORIENTED_EDGE('',*,*,#311,.F.);
#2282 = PLANE('',#2283);
#2283 = AXIS2_PLACEMENT_3D('',#2284,#2285,#2286);
#2284 = CARTESIAN_POINT('',(13.820524215698,-1.689887285233,0.));
#2285 = DIRECTION('',(-0.213660773345,0.976907914767,0.));
#2286 = DIRECTION('',(0.976907914767,0.213660773345,0.));
#2287 = ADVANCED_FACE('',(#2288),#2306,.T.);
#2288 = FACE_BOUND('',#2289,.T.);
#2289 = EDGE_LOOP('',(#2290,#2291,#2292,#2300));
#2290 = ORIENTED_EDGE('',*,*,#631,.F.);
#2291 = ORIENTED_EDGE('',*,*,#614,.T.);
#2292 = ORIENTED_EDGE('',*,*,#2293,.T.);
#2293 = EDGE_CURVE('',#607,#2294,#2296,.T.);
#2294 = VERTEX_POINT('',#2295);
#2295 = CARTESIAN_POINT('',(-24.36679649353,-0.58986222744,12.7));
#2296 = LINE('',#2297,#2298);
#2297 = CARTESIAN_POINT('',(-24.69532394409,-0.600481033325,12.7));
#2298 = VECTOR('',#2299,1.);
#2299 = DIRECTION('',(0.999478039173,3.230556005738E-02,0.));
#2300 = ORIENTED_EDGE('',*,*,#2301,.F.);
#2301 = EDGE_CURVE('',#632,#2294,#2302,.T.);
#2302 = LINE('',#2303,#2304);
#2303 = CARTESIAN_POINT('',(-24.36679649353,-0.58986222744,0.));
#2304 = VECTOR('',#2305,1.);
#2305 = DIRECTION('',(0.,0.,1.));
#2306 = PLANE('',#2307);
#2307 = AXIS2_PLACEMENT_3D('',#2308,#2309,#2310);
#2308 = CARTESIAN_POINT('',(-24.69532394409,-0.600481033325,0.));
#2309 = DIRECTION('',(-3.230556005738E-02,0.999478039173,0.));
#2310 = DIRECTION('',(0.999478039173,3.230556005738E-02,0.));
#2311 = ADVANCED_FACE('',(#2312),#2471,.T.);
#2312 = FACE_BOUND('',#2313,.F.);
#2313 = EDGE_LOOP('',(#2314,#2324,#2332,#2340,#2348,#2354,#2355,#2356,
    #2357,#2358,#2359,#2360,#2361,#2362,#2363,#2364,#2365,#2366,#2367,
    #2368,#2369,#2370,#2371,#2372,#2373,#2374,#2375,#2376,#2377,#2378,
    #2379,#2380,#2381,#2382,#2383,#2384,#2385,#2386,#2387,#2388,#2389,
    #2390,#2391,#2392,#2393,#2394,#2395,#2396,#2397,#2398,#2399,#2400,
    #2401,#2402,#2403,#2404,#2405,#2406,#2407,#2408,#2409,#2410,#2411,
    #2412,#2413,#2414,#2415,#2416,#2417,#2425,#2433,#2441,#2449,#2457,
    #2465));
#2314 = ORIENTED_EDGE('',*,*,#2315,.T.);
#2315 = EDGE_CURVE('',#2316,#2318,#2320,.T.);
#2316 = VERTEX_POINT('',#2317);
#2317 = CARTESIAN_POINT('',(-23.56164932251,-3.228607177734,12.7));
#2318 = VERTEX_POINT('',#2319);
#2319 = CARTESIAN_POINT('',(-23.2718257904,-3.383676052094,12.7));
#2320 = LINE('',#2321,#2322);
#2321 = CARTESIAN_POINT('',(-23.56164932251,-3.228607177734,12.7));
#2322 = VECTOR('',#2323,1.);
#2323 = DIRECTION('',(0.881725185987,-0.471763390268,0.));
#2324 = ORIENTED_EDGE('',*,*,#2325,.T.);
#2325 = EDGE_CURVE('',#2318,#2326,#2328,.T.);
#2326 = VERTEX_POINT('',#2327);
#2327 = CARTESIAN_POINT('',(-22.06164932251,-3.666381597519,12.7));
#2328 = LINE('',#2329,#2330);
#2329 = CARTESIAN_POINT('',(-23.2718257904,-3.383676052094,12.7));
#2330 = VECTOR('',#2331,1.);
#2331 = DIRECTION('',(0.973782232682,-0.227482226369,0.));
#2332 = ORIENTED_EDGE('',*,*,#2333,.T.);
#2333 = EDGE_CURVE('',#2326,#2334,#2336,.T.);
#2334 = VERTEX_POINT('',#2335);
#2335 = CARTESIAN_POINT('',(-21.74596405029,-3.659506797791,12.7));
#2336 = LINE('',#2337,#2338);
#2337 = CARTESIAN_POINT('',(-22.06164932251,-3.666381597519,12.7));
#2338 = VECTOR('',#2339,1.);
#2339 = DIRECTION('',(0.999762957061,2.17722228769E-02,0.));
#2340 = ORIENTED_EDGE('',*,*,#2341,.T.);
#2341 = EDGE_CURVE('',#2334,#2342,#2344,.T.);
#2342 = VERTEX_POINT('',#2343);
#2343 = CARTESIAN_POINT('',(-21.47261810302,-3.501433372498,12.7));
#2344 = LINE('',#2345,#2346);
#2345 = CARTESIAN_POINT('',(-21.74596405029,-3.659506797791,12.7));
#2346 = VECTOR('',#2347,1.);
#2347 = DIRECTION('',(0.865672662249,0.500610469162,0.));
#2348 = ORIENTED_EDGE('',*,*,#2349,.T.);
#2349 = EDGE_CURVE('',#2342,#763,#2350,.T.);
#2350 = LINE('',#2351,#2352);
#2351 = CARTESIAN_POINT('',(-21.47261810302,-3.501433372498,12.7));
#2352 = VECTOR('',#2353,1.);
#2353 = DIRECTION('',(0.517526111831,0.855667414112,0.));
#2354 = ORIENTED_EDGE('',*,*,#770,.T.);
#2355 = ORIENTED_EDGE('',*,*,#817,.T.);
#2356 = ORIENTED_EDGE('',*,*,#865,.T.);
#2357 = ORIENTED_EDGE('',*,*,#913,.T.);
#2358 = ORIENTED_EDGE('',*,*,#961,.T.);
#2359 = ORIENTED_EDGE('',*,*,#1009,.T.);
#2360 = ORIENTED_EDGE('',*,*,#1057,.T.);
#2361 = ORIENTED_EDGE('',*,*,#1105,.T.);
#2362 = ORIENTED_EDGE('',*,*,#1153,.T.);
#2363 = ORIENTED_EDGE('',*,*,#1201,.T.);
#2364 = ORIENTED_EDGE('',*,*,#1282,.T.);
#2365 = ORIENTED_EDGE('',*,*,#1330,.T.);
#2366 = ORIENTED_EDGE('',*,*,#1378,.T.);
#2367 = ORIENTED_EDGE('',*,*,#1426,.T.);
#2368 = ORIENTED_EDGE('',*,*,#1474,.T.);
#2369 = ORIENTED_EDGE('',*,*,#1522,.T.);
#2370 = ORIENTED_EDGE('',*,*,#1570,.T.);
#2371 = ORIENTED_EDGE('',*,*,#1618,.T.);
#2372 = ORIENTED_EDGE('',*,*,#1666,.T.);
#2373 = ORIENTED_EDGE('',*,*,#1714,.T.);
#2374 = ORIENTED_EDGE('',*,*,#1762,.T.);
#2375 = ORIENTED_EDGE('',*,*,#1810,.T.);
#2376 = ORIENTED_EDGE('',*,*,#1858,.T.);
#2377 = ORIENTED_EDGE('',*,*,#1906,.T.);
#2378 = ORIENTED_EDGE('',*,*,#1954,.T.);
#2379 = ORIENTED_EDGE('',*,*,#2002,.T.);
#2380 = ORIENTED_EDGE('',*,*,#2050,.T.);
#2381 = ORIENTED_EDGE('',*,*,#2098,.T.);
#2382 = ORIENTED_EDGE('',*,*,#2146,.T.);
#2383 = ORIENTED_EDGE('',*,*,#2227,.T.);
#2384 = ORIENTED_EDGE('',*,*,#2275,.T.);
#2385 = ORIENTED_EDGE('',*,*,#2258,.T.);
#2386 = ORIENTED_EDGE('',*,*,#2177,.T.);
#2387 = ORIENTED_EDGE('',*,*,#2129,.T.);
#2388 = ORIENTED_EDGE('',*,*,#2081,.T.);
#2389 = ORIENTED_EDGE('',*,*,#2033,.T.);
#2390 = ORIENTED_EDGE('',*,*,#1985,.T.);
#2391 = ORIENTED_EDGE('',*,*,#1937,.T.);
#2392 = ORIENTED_EDGE('',*,*,#1889,.T.);
#2393 = ORIENTED_EDGE('',*,*,#1841,.T.);
#2394 = ORIENTED_EDGE('',*,*,#1793,.T.);
#2395 = ORIENTED_EDGE('',*,*,#1745,.T.);
#2396 = ORIENTED_EDGE('',*,*,#1697,.T.);
#2397 = ORIENTED_EDGE('',*,*,#1649,.T.);
#2398 = ORIENTED_EDGE('',*,*,#1601,.T.);
#2399 = ORIENTED_EDGE('',*,*,#1553,.T.);
#2400 = ORIENTED_EDGE('',*,*,#1505,.T.);
#2401 = ORIENTED_EDGE('',*,*,#1457,.T.);
#2402 = ORIENTED_EDGE('',*,*,#1409,.T.);
#2403 = ORIENTED_EDGE('',*,*,#1361,.T.);
#2404 = ORIENTED_EDGE('',*,*,#1313,.T.);
#2405 = ORIENTED_EDGE('',*,*,#1265,.T.);
#2406 = ORIENTED_EDGE('',*,*,#1184,.T.);
#2407 = ORIENTED_EDGE('',*,*,#1136,.T.);
#2408 = ORIENTED_EDGE('',*,*,#1088,.T.);
#2409 = ORIENTED_EDGE('',*,*,#1040,.T.);
#2410 = ORIENTED_EDGE('',*,*,#992,.T.);
#2411 = ORIENTED_EDGE('',*,*,#944,.T.);
#2412 = ORIENTED_EDGE('',*,*,#896,.T.);
#2413 = ORIENTED_EDGE('',*,*,#848,.T.);
#2414 = ORIENTED_EDGE('',*,*,#800,.T.);
#2415 = ORIENTED_EDGE('',*,*,#606,.T.);
#2416 = ORIENTED_EDGE('',*,*,#2293,.T.);
#2417 = ORIENTED_EDGE('',*,*,#2418,.T.);
#2418 = EDGE_CURVE('',#2294,#2419,#2421,.T.);
#2419 = VERTEX_POINT('',#2420);
#2420 = CARTESIAN_POINT('',(-23.94631385803,-0.688088059425,12.7));
#2421 = LINE('',#2422,#2423);
#2422 = CARTESIAN_POINT('',(-24.36679649353,-0.58986222744,12.7));
#2423 = VECTOR('',#2424,1.);
#2424 = DIRECTION('',(0.973783157818,-0.227478266104,0.));
#2425 = ORIENTED_EDGE('',*,*,#2426,.T.);
#2426 = EDGE_CURVE('',#2419,#2427,#2429,.T.);
#2427 = VERTEX_POINT('',#2428);
#2428 = CARTESIAN_POINT('',(-23.65649032592,-0.843156516552,12.7));
#2429 = LINE('',#2430,#2431);
#2430 = CARTESIAN_POINT('',(-23.94631385803,-0.688088059425,12.7));
#2431 = VECTOR('',#2432,1.);
#2432 = DIRECTION('',(0.881725713988,-0.471762403433,0.));
#2433 = ORIENTED_EDGE('',*,*,#2434,.T.);
#2434 = EDGE_CURVE('',#2427,#2435,#2437,.T.);
#2435 = VERTEX_POINT('',#2436);
#2436 = CARTESIAN_POINT('',(-23.48303031921,-1.122361779213,12.7));
#2437 = LINE('',#2438,#2439);
#2438 = CARTESIAN_POINT('',(-23.65649032592,-0.843156516552,12.7));
#2439 = VECTOR('',#2440,1.);
#2440 = DIRECTION('',(0.527714620918,-0.849421732045,0.));
#2441 = ORIENTED_EDGE('',*,*,#2442,.T.);
#2442 = EDGE_CURVE('',#2435,#2443,#2445,.T.);
#2443 = VERTEX_POINT('',#2444);
#2444 = CARTESIAN_POINT('',(-23.47241210937,-1.450890898705,12.7));
#2445 = LINE('',#2446,#2447);
#2446 = CARTESIAN_POINT('',(-23.48303031921,-1.122361779213,12.7));
#2447 = VECTOR('',#2448,1.);
#2448 = DIRECTION('',(3.230358466747E-02,-0.999478103021,0.));
#2449 = ORIENTED_EDGE('',*,*,#2450,.T.);
#2450 = EDGE_CURVE('',#2443,#2451,#2453,.T.);
#2451 = VERTEX_POINT('',#2452);
#2452 = CARTESIAN_POINT('',(-23.74572563171,-2.620873689651,12.7));
#2453 = LINE('',#2454,#2455);
#2454 = CARTESIAN_POINT('',(-23.47241210937,-1.450890898705,12.7));
#2455 = VECTOR('',#2456,1.);
#2456 = DIRECTION('',(-0.227480250333,-0.973782694295,0.));
#2457 = ORIENTED_EDGE('',*,*,#2458,.T.);
#2458 = EDGE_CURVE('',#2451,#2459,#2461,.T.);
#2459 = VERTEX_POINT('',#2460);
#2460 = CARTESIAN_POINT('',(-23.73510742187,-2.949402332306,12.7));
#2461 = LINE('',#2462,#2463);
#2462 = CARTESIAN_POINT('',(-23.74572563171,-2.620873689651,12.7));
#2463 = VECTOR('',#2464,1.);
#2464 = DIRECTION('',(3.230363150502E-02,-0.999478101507,0.));
#2465 = ORIENTED_EDGE('',*,*,#2466,.T.);
#2466 = EDGE_CURVE('',#2459,#2316,#2467,.T.);
#2467 = LINE('',#2468,#2469);
#2468 = CARTESIAN_POINT('',(-23.73510742187,-2.949402332306,12.7));
#2469 = VECTOR('',#2470,1.);
#2470 = DIRECTION('',(0.527711003137,-0.849423979629,0.));
#2471 = PLANE('',#2472);
#2472 = AXIS2_PLACEMENT_3D('',#2473,#2474,#2475);
#2473 = CARTESIAN_POINT('',(-1.365835960133,3.323798731168,12.7));
#2474 = DIRECTION('',(0.,0.,1.));
#2475 = DIRECTION('',(1.,0.,0.));
#2476 = ADVANCED_FACE('',(#2477),#2488,.T.);
#2477 = FACE_BOUND('',#2478,.T.);
#2478 = EDGE_LOOP('',(#2479,#2480,#2481,#2482));
#2479 = ORIENTED_EDGE('',*,*,#639,.F.);
#2480 = ORIENTED_EDGE('',*,*,#2301,.T.);
#2481 = ORIENTED_EDGE('',*,*,#2418,.T.);
#2482 = ORIENTED_EDGE('',*,*,#2483,.F.);
#2483 = EDGE_CURVE('',#640,#2419,#2484,.T.);
#2484 = LINE('',#2485,#2486);
#2485 = CARTESIAN_POINT('',(-23.94631385803,-0.688088059425,0.));
#2486 = VECTOR('',#2487,1.);
#2487 = DIRECTION('',(0.,0.,1.));
#2488 = PLANE('',#2489);
#2489 = AXIS2_PLACEMENT_3D('',#2490,#2491,#2492);
#2490 = CARTESIAN_POINT('',(-24.36679649353,-0.58986222744,0.));
#2491 = DIRECTION('',(0.227478266104,0.973783157818,0.));
#2492 = DIRECTION('',(0.973783157818,-0.227478266104,0.));
#2493 = ADVANCED_FACE('',(#2494),#2505,.T.);
#2494 = FACE_BOUND('',#2495,.T.);
#2495 = EDGE_LOOP('',(#2496,#2497,#2498,#2499));
#2496 = ORIENTED_EDGE('',*,*,#647,.F.);
#2497 = ORIENTED_EDGE('',*,*,#2483,.T.);
#2498 = ORIENTED_EDGE('',*,*,#2426,.T.);
#2499 = ORIENTED_EDGE('',*,*,#2500,.F.);
#2500 = EDGE_CURVE('',#648,#2427,#2501,.T.);
#2501 = LINE('',#2502,#2503);
#2502 = CARTESIAN_POINT('',(-23.65649032592,-0.843156516552,0.));
#2503 = VECTOR('',#2504,1.);
#2504 = DIRECTION('',(0.,0.,1.));
#2505 = PLANE('',#2506);
#2506 = AXIS2_PLACEMENT_3D('',#2507,#2508,#2509);
#2507 = CARTESIAN_POINT('',(-23.94631385803,-0.688088059425,0.));
#2508 = DIRECTION('',(0.471762403433,0.881725713988,0.));
#2509 = DIRECTION('',(0.881725713988,-0.471762403433,0.));
#2510 = ADVANCED_FACE('',(#2511),#2522,.T.);
#2511 = FACE_BOUND('',#2512,.T.);
#2512 = EDGE_LOOP('',(#2513,#2514,#2520,#2521));
#2513 = ORIENTED_EDGE('',*,*,#727,.F.);
#2514 = ORIENTED_EDGE('',*,*,#2515,.T.);
#2515 = EDGE_CURVE('',#720,#2342,#2516,.T.);
#2516 = LINE('',#2517,#2518);
#2517 = CARTESIAN_POINT('',(-21.47261810302,-3.501433372498,0.));
#2518 = VECTOR('',#2519,1.);
#2519 = DIRECTION('',(0.,0.,1.));
#2520 = ORIENTED_EDGE('',*,*,#2349,.T.);
#2521 = ORIENTED_EDGE('',*,*,#762,.F.);
#2522 = PLANE('',#2523);
#2523 = AXIS2_PLACEMENT_3D('',#2524,#2525,#2526);
#2524 = CARTESIAN_POINT('',(-21.47261810302,-3.501433372498,0.));
#2525 = DIRECTION('',(-0.855667414112,0.517526111831,0.));
#2526 = DIRECTION('',(0.517526111831,0.855667414112,0.));
#2527 = ADVANCED_FACE('',(#2528),#2539,.T.);
#2528 = FACE_BOUND('',#2529,.T.);
#2529 = EDGE_LOOP('',(#2530,#2531,#2532,#2533));
#2530 = ORIENTED_EDGE('',*,*,#655,.F.);
#2531 = ORIENTED_EDGE('',*,*,#2500,.T.);
#2532 = ORIENTED_EDGE('',*,*,#2434,.T.);
#2533 = ORIENTED_EDGE('',*,*,#2534,.F.);
#2534 = EDGE_CURVE('',#656,#2435,#2535,.T.);
#2535 = LINE('',#2536,#2537);
#2536 = CARTESIAN_POINT('',(-23.48303031921,-1.122361779213,0.));
#2537 = VECTOR('',#2538,1.);
#2538 = DIRECTION('',(0.,0.,1.));
#2539 = PLANE('',#2540);
#2540 = AXIS2_PLACEMENT_3D('',#2541,#2542,#2543);
#2541 = CARTESIAN_POINT('',(-23.65649032592,-0.843156516552,0.));
#2542 = DIRECTION('',(0.849421732045,0.527714620918,0.));
#2543 = DIRECTION('',(0.527714620918,-0.849421732045,0.));
#2544 = ADVANCED_FACE('',(#2545),#2556,.T.);
#2545 = FACE_BOUND('',#2546,.T.);
#2546 = EDGE_LOOP('',(#2547,#2548,#2554,#2555));
#2547 = ORIENTED_EDGE('',*,*,#719,.F.);
#2548 = ORIENTED_EDGE('',*,*,#2549,.T.);
#2549 = EDGE_CURVE('',#712,#2334,#2550,.T.);
#2550 = LINE('',#2551,#2552);
#2551 = CARTESIAN_POINT('',(-21.74596405029,-3.659506797791,0.));
#2552 = VECTOR('',#2553,1.);
#2553 = DIRECTION('',(0.,0.,1.));
#2554 = ORIENTED_EDGE('',*,*,#2341,.T.);
#2555 = ORIENTED_EDGE('',*,*,#2515,.F.);
#2556 = PLANE('',#2557);
#2557 = AXIS2_PLACEMENT_3D('',#2558,#2559,#2560);
#2558 = CARTESIAN_POINT('',(-21.74596405029,-3.659506797791,0.));
#2559 = DIRECTION('',(-0.500610469162,0.865672662249,0.));
#2560 = DIRECTION('',(0.865672662249,0.500610469162,0.));
#2561 = ADVANCED_FACE('',(#2562),#2573,.T.);
#2562 = FACE_BOUND('',#2563,.T.);
#2563 = EDGE_LOOP('',(#2564,#2565,#2566,#2567));
#2564 = ORIENTED_EDGE('',*,*,#663,.F.);
#2565 = ORIENTED_EDGE('',*,*,#2534,.T.);
#2566 = ORIENTED_EDGE('',*,*,#2442,.T.);
#2567 = ORIENTED_EDGE('',*,*,#2568,.F.);
#2568 = EDGE_CURVE('',#664,#2443,#2569,.T.);
#2569 = LINE('',#2570,#2571);
#2570 = CARTESIAN_POINT('',(-23.47241210937,-1.450890898705,0.));
#2571 = VECTOR('',#2572,1.);
#2572 = DIRECTION('',(0.,0.,1.));
#2573 = PLANE('',#2574);
#2574 = AXIS2_PLACEMENT_3D('',#2575,#2576,#2577);
#2575 = CARTESIAN_POINT('',(-23.48303031921,-1.122361779213,0.));
#2576 = DIRECTION('',(0.999478103021,3.230358466747E-02,0.));
#2577 = DIRECTION('',(3.230358466747E-02,-0.999478103021,0.));
#2578 = ADVANCED_FACE('',(#2579),#2590,.T.);
#2579 = FACE_BOUND('',#2580,.T.);
#2580 = EDGE_LOOP('',(#2581,#2582,#2588,#2589));
#2581 = ORIENTED_EDGE('',*,*,#711,.F.);
#2582 = ORIENTED_EDGE('',*,*,#2583,.T.);
#2583 = EDGE_CURVE('',#704,#2326,#2584,.T.);
#2584 = LINE('',#2585,#2586);
#2585 = CARTESIAN_POINT('',(-22.06164932251,-3.666381597519,0.));
#2586 = VECTOR('',#2587,1.);
#2587 = DIRECTION('',(0.,0.,1.));
#2588 = ORIENTED_EDGE('',*,*,#2333,.T.);
#2589 = ORIENTED_EDGE('',*,*,#2549,.F.);
#2590 = PLANE('',#2591);
#2591 = AXIS2_PLACEMENT_3D('',#2592,#2593,#2594);
#2592 = CARTESIAN_POINT('',(-22.06164932251,-3.666381597519,0.));
#2593 = DIRECTION('',(-2.17722228769E-02,0.999762957061,0.));
#2594 = DIRECTION('',(0.999762957061,2.17722228769E-02,0.));
#2595 = ADVANCED_FACE('',(#2596),#2607,.T.);
#2596 = FACE_BOUND('',#2597,.T.);
#2597 = EDGE_LOOP('',(#2598,#2599,#2600,#2601));
#2598 = ORIENTED_EDGE('',*,*,#671,.F.);
#2599 = ORIENTED_EDGE('',*,*,#2568,.T.);
#2600 = ORIENTED_EDGE('',*,*,#2450,.T.);
#2601 = ORIENTED_EDGE('',*,*,#2602,.F.);
#2602 = EDGE_CURVE('',#672,#2451,#2603,.T.);
#2603 = LINE('',#2604,#2605);
#2604 = CARTESIAN_POINT('',(-23.74572563171,-2.620873689651,0.));
#2605 = VECTOR('',#2606,1.);
#2606 = DIRECTION('',(0.,0.,1.));
#2607 = PLANE('',#2608);
#2608 = AXIS2_PLACEMENT_3D('',#2609,#2610,#2611);
#2609 = CARTESIAN_POINT('',(-23.47241210937,-1.450890898705,0.));
#2610 = DIRECTION('',(0.973782694295,-0.227480250333,0.));
#2611 = DIRECTION('',(-0.227480250333,-0.973782694295,0.));
#2612 = ADVANCED_FACE('',(#2613),#2624,.T.);
#2613 = FACE_BOUND('',#2614,.T.);
#2614 = EDGE_LOOP('',(#2615,#2616,#2622,#2623));
#2615 = ORIENTED_EDGE('',*,*,#703,.F.);
#2616 = ORIENTED_EDGE('',*,*,#2617,.T.);
#2617 = EDGE_CURVE('',#696,#2318,#2618,.T.);
#2618 = LINE('',#2619,#2620);
#2619 = CARTESIAN_POINT('',(-23.2718257904,-3.383676052094,0.));
#2620 = VECTOR('',#2621,1.);
#2621 = DIRECTION('',(0.,0.,1.));
#2622 = ORIENTED_EDGE('',*,*,#2325,.T.);
#2623 = ORIENTED_EDGE('',*,*,#2583,.F.);
#2624 = PLANE('',#2625);
#2625 = AXIS2_PLACEMENT_3D('',#2626,#2627,#2628);
#2626 = CARTESIAN_POINT('',(-23.2718257904,-3.383676052094,0.));
#2627 = DIRECTION('',(0.227482226369,0.973782232682,0.));
#2628 = DIRECTION('',(0.973782232682,-0.227482226369,0.));
#2629 = ADVANCED_FACE('',(#2630),#2641,.T.);
#2630 = FACE_BOUND('',#2631,.T.);
#2631 = EDGE_LOOP('',(#2632,#2633,#2634,#2635));
#2632 = ORIENTED_EDGE('',*,*,#679,.F.);
#2633 = ORIENTED_EDGE('',*,*,#2602,.T.);
#2634 = ORIENTED_EDGE('',*,*,#2458,.T.);
#2635 = ORIENTED_EDGE('',*,*,#2636,.F.);
#2636 = EDGE_CURVE('',#680,#2459,#2637,.T.);
#2637 = LINE('',#2638,#2639);
#2638 = CARTESIAN_POINT('',(-23.73510742187,-2.949402332306,0.));
#2639 = VECTOR('',#2640,1.);
#2640 = DIRECTION('',(0.,0.,1.));
#2641 = PLANE('',#2642);
#2642 = AXIS2_PLACEMENT_3D('',#2643,#2644,#2645);
#2643 = CARTESIAN_POINT('',(-23.74572563171,-2.620873689651,0.));
#2644 = DIRECTION('',(0.999478101507,3.230363150502E-02,0.));
#2645 = DIRECTION('',(3.230363150502E-02,-0.999478101507,0.));
#2646 = ADVANCED_FACE('',(#2647),#2658,.T.);
#2647 = FACE_BOUND('',#2648,.T.);
#2648 = EDGE_LOOP('',(#2649,#2650,#2656,#2657));
#2649 = ORIENTED_EDGE('',*,*,#695,.F.);
#2650 = ORIENTED_EDGE('',*,*,#2651,.T.);
#2651 = EDGE_CURVE('',#688,#2316,#2652,.T.);
#2652 = LINE('',#2653,#2654);
#2653 = CARTESIAN_POINT('',(-23.56164932251,-3.228607177734,0.));
#2654 = VECTOR('',#2655,1.);
#2655 = DIRECTION('',(0.,0.,1.));
#2656 = ORIENTED_EDGE('',*,*,#2315,.T.);
#2657 = ORIENTED_EDGE('',*,*,#2617,.F.);
#2658 = PLANE('',#2659);
#2659 = AXIS2_PLACEMENT_3D('',#2660,#2661,#2662);
#2660 = CARTESIAN_POINT('',(-23.56164932251,-3.228607177734,0.));
#2661 = DIRECTION('',(0.471763390268,0.881725185987,0.));
#2662 = DIRECTION('',(0.881725185987,-0.471763390268,0.));
#2663 = ADVANCED_FACE('',(#2664),#2670,.T.);
#2664 = FACE_BOUND('',#2665,.T.);
#2665 = EDGE_LOOP('',(#2666,#2667,#2668,#2669));
#2666 = ORIENTED_EDGE('',*,*,#687,.F.);
#2667 = ORIENTED_EDGE('',*,*,#2636,.T.);
#2668 = ORIENTED_EDGE('',*,*,#2466,.T.);
#2669 = ORIENTED_EDGE('',*,*,#2651,.F.);
#2670 = PLANE('',#2671);
#2671 = AXIS2_PLACEMENT_3D('',#2672,#2673,#2674);
#2672 = CARTESIAN_POINT('',(-23.73510742187,-2.949402332306,0.));
#2673 = DIRECTION('',(0.849423979629,0.527711003137,0.));
#2674 = DIRECTION('',(0.527711003137,-0.849423979629,0.));
#2675 = ADVANCED_FACE('',(#2676),#2687,.F.);
#2676 = FACE_BOUND('',#2677,.F.);
#2677 = EDGE_LOOP('',(#2678,#2684,#2685,#2686));
#2678 = ORIENTED_EDGE('',*,*,#2679,.F.);
#2679 = EDGE_CURVE('',#1219,#2210,#2680,.T.);
#2680 = LINE('',#2681,#2682);
#2681 = CARTESIAN_POINT('',(-12.67939812469,10.352378845215,6.35));
#2682 = VECTOR('',#2683,1.);
#2683 = DIRECTION('',(0.,-1.,2.22044604925E-16));
#2684 = ORIENTED_EDGE('',*,*,#1218,.F.);
#2685 = ORIENTED_EDGE('',*,*,#2679,.T.);
#2686 = ORIENTED_EDGE('',*,*,#2209,.T.);
#2687 = CYLINDRICAL_SURFACE('',#2688,1.27);
#2688 = AXIS2_PLACEMENT_3D('',#2689,#2690,#2691);
#2689 = CARTESIAN_POINT('',(-11.40939812469,10.352378845215,6.35));
#2690 = DIRECTION('',(0.,1.,-2.22044604925E-16));
#2691 = DIRECTION('',(-1.,0.,0.));
#2692 = ADVANCED_FACE('',(#2693),#2704,.F.);
#2693 = FACE_BOUND('',#2694,.F.);
#2694 = EDGE_LOOP('',(#2695,#2701,#2702,#2703));
#2695 = ORIENTED_EDGE('',*,*,#2696,.F.);
#2696 = EDGE_CURVE('',#1230,#2199,#2697,.T.);
#2697 = LINE('',#2698,#2699);
#2698 = CARTESIAN_POINT('',(2.060187530518E-02,10.352378845215,6.35));
#2699 = VECTOR('',#2700,1.);
#2700 = DIRECTION('',(0.,-1.,2.22044604925E-16));
#2701 = ORIENTED_EDGE('',*,*,#1229,.F.);
#2702 = ORIENTED_EDGE('',*,*,#2696,.T.);
#2703 = ORIENTED_EDGE('',*,*,#2198,.T.);
#2704 = CYLINDRICAL_SURFACE('',#2705,1.27);
#2705 = AXIS2_PLACEMENT_3D('',#2706,#2707,#2708);
#2706 = CARTESIAN_POINT('',(1.290601875305,10.352378845215,6.35));
#2707 = DIRECTION('',(0.,1.,-2.22044604925E-16));
#2708 = DIRECTION('',(-1.,0.,0.));
#2709 = ADVANCED_FACE('',(#2710),#2721,.F.);
#2710 = FACE_BOUND('',#2711,.F.);
#2711 = EDGE_LOOP('',(#2712,#2718,#2719,#2720));
#2712 = ORIENTED_EDGE('',*,*,#2713,.F.);
#2713 = EDGE_CURVE('',#1241,#2188,#2714,.T.);
#2714 = LINE('',#2715,#2716);
#2715 = CARTESIAN_POINT('',(12.720601875305,10.352378845215,6.35));
#2716 = VECTOR('',#2717,1.);
#2717 = DIRECTION('',(0.,-1.,2.22044604925E-16));
#2718 = ORIENTED_EDGE('',*,*,#1240,.F.);
#2719 = ORIENTED_EDGE('',*,*,#2713,.T.);
#2720 = ORIENTED_EDGE('',*,*,#2187,.T.);
#2721 = CYLINDRICAL_SURFACE('',#2722,1.27);
#2722 = AXIS2_PLACEMENT_3D('',#2723,#2724,#2725);
#2723 = CARTESIAN_POINT('',(13.990601875305,10.352378845215,6.35));
#2724 = DIRECTION('',(0.,1.,-2.22044604925E-16));
#2725 = DIRECTION('',(-1.,0.,0.));
#2726 = ( GEOMETRIC_REPRESENTATION_CONTEXT(3) 
GLOBAL_UNCERTAINTY_ASSIGNED_CONTEXT((#2730)) 
GLOBAL_UNIT_ASSIGNED_CONTEXT((#2727,#2728,#2729)) REPRESENTATION_CONTEXT
('Context #1','3D Context with UNIT and UNCERTAINTY') );
#2727 = ( LENGTH_UNIT() NAMED_UNIT(*) SI_UNIT(.MILLI.,.METRE.) );
#2728 = ( NAMED_UNIT(*) PLANE_ANGLE_UNIT() SI_UNIT($,.RADIAN.) );
#2729 = ( NAMED_UNIT(*) SI_UNIT($,.STERADIAN.) SOLID_ANGLE_UNIT() );
#2730 = UNCERTAINTY_MEASURE_WITH_UNIT(LENGTH_MEASURE(2.E-06),#2727,
  'distance_accuracy_value','confusion accuracy');
#2731 = PRODUCT_RELATED_PRODUCT_CATEGORY('part',$,(#7));
#2732 = MECHANICAL_DESIGN_GEOMETRIC_PRESENTATION_REPRESENTATION('',(
    #2733),#2726);
#2733 = STYLED_ITEM('color',(#2734),#15);
#2734 = PRESENTATION_STYLE_ASSIGNMENT((#2735,#2741));
#2735 = SURFACE_STYLE_USAGE(.BOTH.,#2736);
#2736 = SURFACE_SIDE_STYLE('',(#2737));
#2737 = SURFACE_STYLE_FILL_AREA(#2738);
#2738 = FILL_AREA_STYLE('',(#2739));
#2739 = FILL_AREA_STYLE_COLOUR('',#2740);
#2740 = COLOUR_RGB('',0.447058818107,0.474509808674,0.501960817233);
#2741 = CURVE_STYLE('',#2742,POSITIVE_LENGTH_MEASURE(0.1),#2743);
#2742 = DRAUGHTING_PRE_DEFINED_CURVE_FONT('continuous');
#2743 = COLOUR_RGB('',9.803921802644E-02,9.803921802644E-02,
  9.803921802644E-02);
ENDSEC;
END-ISO-10303-21;
